ISO-10303-21;
HEADER;
FILE_DESCRIPTION(('FreeCAD Model'),'2;1');
FILE_NAME('Open CASCADE Shape Model','2026-09-09T22:04:15',(''),(''),
  'Open CASCADE STEP processor 7.8','FreeCAD','Unknown');
FILE_SCHEMA(('AUTOMOTIVE_DESIGN { 1 0 10303 214 1 1 1 1 }'));
ENDSEC;
DATA;
#1 = APPLICATION_PROTOCOL_DEFINITION('international standard',
  'automotive_design',2000,#2);
#2 = APPLICATION_CONTEXT(
  'core data for automotive mechanical design processes');
#3 = SHAPE_DEFINITION_REPRESENTATION(#4,#10);
#4 = PRODUCT_DEFINITION_SHAPE('','',#5);
#5 = PRODUCT_DEFINITION('design','',#6,#9);
#6 = PRODUCT_DEFINITION_FORMATION('','',#7);
#7 = PRODUCT('BackPlate','BackPlate','',(#8));
#8 = PRODUCT_CONTEXT('',#2,'mechanical');
#9 = PRODUCT_DEFINITION_CONTEXT('part definition',#2,'design');
#10 = ADVANCED_BREP_SHAPE_REPRESENTATION('',(#11,#15),#4791);
#11 = AXIS2_PLACEMENT_3D('',#12,#13,#14);
#12 = CARTESIAN_POINT('',(0.,0.,0.));
#13 = DIRECTION('',(0.,0.,1.));
#14 = DIRECTION('',(1.,0.,-0.));
#15 = MANIFOLD_SOLID_BREP('',#16);
#16 = CLOSED_SHELL('',(#17,#34,#58,#86,#118,#158,#328,#353,#394,#411,
    #492,#517,#541,#565,#589,#617,#664,#689,#713,#744,#769,#793,#810,
    #827,#844,#856,#1461,#1485,#1510,#1534,#1559,#1576,#1598,#1612,#1644
    ,#1668,#1693,#1723,#1748,#1772,#1797,#1821,#1856,#1880,#1915,#1939,
    #1974,#1998,#2023,#2040,#2065,#2096,#2121,#2145,#2169,#2187,#2218,
    #2243,#2268,#2292,#2309,#2340,#2365,#2390,#2414,#2431,#2456,#2487,
    #2512,#2537,#2561,#2585,#2609,#2627,#2659,#2683,#2707,#2732,#2749,
    #2774,#2806,#2830,#2854,#2871,#2903,#2927,#2951,#2976,#2993,#3025,
    #3049,#3073,#3098,#3115,#3140,#3164,#3289,#3309,#3322,#3335,#3348,
    #3368,#3449,#3462,#3482,#3530,#3543,#3592,#3612,#3621,#3652,#3676,
    #3746,#3763,#3787,#3811,#3835,#3852,#3876,#3893,#3918,#3943,#3974,
    #3998,#4038,#4062,#4086,#4110,#4150,#4167,#4192,#4223,#4248,#4272,
    #4290,#4321,#4346,#4370,#4388,#4413,#4481,#4504,#4527,#4547,#4567,
    #4588,#4605,#4617,#4637,#4657,#4674,#4691,#4708,#4725,#4749,#4773,
    #4782));
#17 = ADVANCED_FACE('',(#18),#29,.T.);
#18 = FACE_BOUND('',#19,.T.);
#19 = EDGE_LOOP('',(#20));
#20 = ORIENTED_EDGE('',*,*,#21,.T.);
#21 = EDGE_CURVE('',#22,#22,#24,.T.);
#22 = VERTEX_POINT('',#23);
#23 = CARTESIAN_POINT('',(-117.8,103.,1.));
#24 = CIRCLE('',#25,1.6);
#25 = AXIS2_PLACEMENT_3D('',#26,#27,#28);
#26 = CARTESIAN_POINT('',(-119.4,103.,1.));
#27 = DIRECTION('',(0.,0.,1.));
#28 = DIRECTION('',(1.,0.,0.));
#29 = PLANE('',#30);
#30 = AXIS2_PLACEMENT_3D('',#31,#32,#33);
#31 = CARTESIAN_POINT('',(-127.2086163956,70.35962457915,1.));
#32 = DIRECTION('',(0.,0.,1.));
#33 = DIRECTION('',(1.,0.,0.));
#34 = ADVANCED_FACE('',(#35),#53,.F.);
#35 = FACE_BOUND('',#36,.T.);
#36 = EDGE_LOOP('',(#37,#38,#45,#52));
#37 = ORIENTED_EDGE('',*,*,#21,.F.);
#38 = ORIENTED_EDGE('',*,*,#39,.F.);
#39 = EDGE_CURVE('',#40,#22,#42,.T.);
#40 = VERTEX_POINT('',#41);
#41 = CARTESIAN_POINT('',(-117.8,103.,6.));
#42 = B_SPLINE_CURVE_WITH_KNOTS('',1,(#43,#44),.UNSPECIFIED.,.F.,.F.,(2,
    2),(-6.,-1.),.PIECEWISE_BEZIER_KNOTS.);
#43 = CARTESIAN_POINT('',(-117.8,103.,6.));
#44 = CARTESIAN_POINT('',(-117.8,103.,1.));
#45 = ORIENTED_EDGE('',*,*,#46,.T.);
#46 = EDGE_CURVE('',#40,#40,#47,.T.);
#47 = CIRCLE('',#48,1.6);
#48 = AXIS2_PLACEMENT_3D('',#49,#50,#51);
#49 = CARTESIAN_POINT('',(-119.4,103.,6.));
#50 = DIRECTION('',(0.,0.,1.));
#51 = DIRECTION('',(1.,0.,0.));
#52 = ORIENTED_EDGE('',*,*,#39,.T.);
#53 = CYLINDRICAL_SURFACE('',#54,1.6);
#54 = AXIS2_PLACEMENT_3D('',#55,#56,#57);
#55 = CARTESIAN_POINT('',(-119.4,103.,0.));
#56 = DIRECTION('',(-0.,-0.,-1.));
#57 = DIRECTION('',(1.,0.,0.));
#58 = ADVANCED_FACE('',(#59,#78),#81,.T.);
#59 = FACE_BOUND('',#60,.T.);
#60 = EDGE_LOOP('',(#61,#72));
#61 = ORIENTED_EDGE('',*,*,#62,.T.);
#62 = EDGE_CURVE('',#63,#65,#67,.T.);
#63 = VERTEX_POINT('',#64);
#64 = CARTESIAN_POINT('',(-116.65,105.90473750965,6.));
#65 = VERTEX_POINT('',#66);
#66 = CARTESIAN_POINT('',(-116.65,100.09526249034,6.));
#67 = CIRCLE('',#68,4.);
#68 = AXIS2_PLACEMENT_3D('',#69,#70,#71);
#69 = CARTESIAN_POINT('',(-119.4,103.,6.));
#70 = DIRECTION('',(0.,0.,1.));
#71 = DIRECTION('',(1.,0.,0.));
#72 = ORIENTED_EDGE('',*,*,#73,.F.);
#73 = EDGE_CURVE('',#63,#65,#74,.T.);
#74 = LINE('',#75,#76);
#75 = CARTESIAN_POINT('',(-116.65,105.90473750965,6.));
#76 = VECTOR('',#77,1.);
#77 = DIRECTION('',(0.,-1.,0.));
#78 = FACE_BOUND('',#79,.F.);
#79 = EDGE_LOOP('',(#80));
#80 = ORIENTED_EDGE('',*,*,#46,.T.);
#81 = PLANE('',#82);
#82 = AXIS2_PLACEMENT_3D('',#83,#84,#85);
#83 = CARTESIAN_POINT('',(-127.2086163956,70.35962457915,6.));
#84 = DIRECTION('',(0.,0.,1.));
#85 = DIRECTION('',(1.,0.,0.));
#86 = ADVANCED_FACE('',(#87),#113,.T.);
#87 = FACE_BOUND('',#88,.F.);
#88 = EDGE_LOOP('',(#89,#100,#106,#107));
#89 = ORIENTED_EDGE('',*,*,#90,.T.);
#90 = EDGE_CURVE('',#91,#93,#95,.T.);
#91 = VERTEX_POINT('',#92);
#92 = CARTESIAN_POINT('',(-116.65,100.09526249034,2.));
#93 = VERTEX_POINT('',#94);
#94 = CARTESIAN_POINT('',(-116.65,105.90473750965,2.));
#95 = CIRCLE('',#96,4.);
#96 = AXIS2_PLACEMENT_3D('',#97,#98,#99);
#97 = CARTESIAN_POINT('',(-119.4,103.,2.));
#98 = DIRECTION('',(0.,0.,-1.));
#99 = DIRECTION('',(1.,0.,0.));
#100 = ORIENTED_EDGE('',*,*,#101,.T.);
#101 = EDGE_CURVE('',#93,#63,#102,.T.);
#102 = LINE('',#103,#104);
#103 = CARTESIAN_POINT('',(-116.65,105.90473750965,0.));
#104 = VECTOR('',#105,1.);
#105 = DIRECTION('',(0.,0.,1.));
#106 = ORIENTED_EDGE('',*,*,#62,.T.);
#107 = ORIENTED_EDGE('',*,*,#108,.F.);
#108 = EDGE_CURVE('',#91,#65,#109,.T.);
#109 = LINE('',#110,#111);
#110 = CARTESIAN_POINT('',(-116.65,100.09526249034,0.));
#111 = VECTOR('',#112,1.);
#112 = DIRECTION('',(0.,0.,1.));
#113 = CYLINDRICAL_SURFACE('',#114,4.);
#114 = AXIS2_PLACEMENT_3D('',#115,#116,#117);
#115 = CARTESIAN_POINT('',(-119.4,103.,0.));
#116 = DIRECTION('',(-0.,-0.,-1.));
#117 = DIRECTION('',(1.,0.,0.));
#118 = ADVANCED_FACE('',(#119),#153,.T.);
#119 = FACE_BOUND('',#120,.T.);
#120 = EDGE_LOOP('',(#121,#129,#137,#145,#151,#152));
#121 = ORIENTED_EDGE('',*,*,#122,.T.);
#122 = EDGE_CURVE('',#91,#123,#125,.T.);
#123 = VERTEX_POINT('',#124);
#124 = CARTESIAN_POINT('',(-116.65,70.904737509656,2.));
#125 = LINE('',#126,#127);
#126 = CARTESIAN_POINT('',(-116.65,44.202368754828,2.));
#127 = VECTOR('',#128,1.);
#128 = DIRECTION('',(0.,-1.,0.));
#129 = ORIENTED_EDGE('',*,*,#130,.T.);
#130 = EDGE_CURVE('',#123,#131,#133,.T.);
#131 = VERTEX_POINT('',#132);
#132 = CARTESIAN_POINT('',(-116.65,70.904737509656,9.6));
#133 = LINE('',#134,#135);
#134 = CARTESIAN_POINT('',(-116.65,70.904737509656,0.));
#135 = VECTOR('',#136,1.);
#136 = DIRECTION('',(0.,0.,1.));
#137 = ORIENTED_EDGE('',*,*,#138,.F.);
#138 = EDGE_CURVE('',#139,#131,#141,.T.);
#139 = VERTEX_POINT('',#140);
#140 = CARTESIAN_POINT('',(-116.65,105.90473750965,9.6));
#141 = LINE('',#142,#143);
#142 = CARTESIAN_POINT('',(-116.65,105.90473750965,9.6));
#143 = VECTOR('',#144,1.);
#144 = DIRECTION('',(0.,-1.,0.));
#145 = ORIENTED_EDGE('',*,*,#146,.F.);
#146 = EDGE_CURVE('',#63,#139,#147,.T.);
#147 = LINE('',#148,#149);
#148 = CARTESIAN_POINT('',(-116.65,105.90473750965,0.));
#149 = VECTOR('',#150,1.);
#150 = DIRECTION('',(0.,0.,1.));
#151 = ORIENTED_EDGE('',*,*,#73,.T.);
#152 = ORIENTED_EDGE('',*,*,#108,.F.);
#153 = PLANE('',#154);
#154 = AXIS2_PLACEMENT_3D('',#155,#156,#157);
#155 = CARTESIAN_POINT('',(-116.65,88.404737509656,4.8));
#156 = DIRECTION('',(-1.,-0.,-0.));
#157 = DIRECTION('',(0.,0.,-1.));
#158 = ADVANCED_FACE('',(#159,#220,#280),#323,.T.);
#159 = FACE_BOUND('',#160,.T.);
#160 = EDGE_LOOP('',(#161,#171,#180,#189,#197,#205,#213));
#161 = ORIENTED_EDGE('',*,*,#162,.T.);
#162 = EDGE_CURVE('',#163,#165,#167,.T.);
#163 = VERTEX_POINT('',#164);
#164 = CARTESIAN_POINT('',(-141.9,120.07598586573,2.));
#165 = VERTEX_POINT('',#166);
#166 = CARTESIAN_POINT('',(-141.9,-20.07598586573,2.));
#167 = LINE('',#168,#169);
#168 = CARTESIAN_POINT('',(-141.9,-60.03799293286,2.));
#169 = VECTOR('',#170,1.);
#170 = DIRECTION('',(0.,-1.,0.));
#171 = ORIENTED_EDGE('',*,*,#172,.T.);
#172 = EDGE_CURVE('',#165,#173,#175,.T.);
#173 = VERTEX_POINT('',#174);
#174 = CARTESIAN_POINT('',(-135.,-28.,2.));
#175 = CIRCLE('',#176,8.);
#176 = AXIS2_PLACEMENT_3D('',#177,#178,#179);
#177 = CARTESIAN_POINT('',(-143.,-28.,2.));
#178 = DIRECTION('',(0.,0.,-1.));
#179 = DIRECTION('',(1.,0.,0.));
#180 = ORIENTED_EDGE('',*,*,#181,.T.);
#181 = EDGE_CURVE('',#173,#182,#184,.T.);
#182 = VERTEX_POINT('',#183);
#183 = CARTESIAN_POINT('',(-135.8758765749,-31.63962435222,2.));
#184 = CIRCLE('',#185,8.);
#185 = AXIS2_PLACEMENT_3D('',#186,#187,#188);
#186 = CARTESIAN_POINT('',(-143.,-28.,2.));
#187 = DIRECTION('',(0.,0.,-1.));
#188 = DIRECTION('',(1.,0.,0.));
#189 = ORIENTED_EDGE('',*,*,#190,.F.);
#190 = EDGE_CURVE('',#191,#182,#193,.T.);
#191 = VERTEX_POINT('',#192);
#192 = CARTESIAN_POINT('',(-99.49358392417,-57.0817870451,2.));
#193 = LINE('',#194,#195);
#194 = CARTESIAN_POINT('',(-97.6795618874,-58.35033392397,2.));
#195 = VECTOR('',#196,1.);
#196 = DIRECTION('',(-0.819501061352,0.573077665281,0.));
#197 = ORIENTED_EDGE('',*,*,#198,.T.);
#198 = EDGE_CURVE('',#191,#199,#201,.T.);
#199 = VERTEX_POINT('',#200);
#200 = CARTESIAN_POINT('',(-30.8516110724,72.227228914355,2.));
#201 = LINE('',#202,#203);
#202 = CARTESIAN_POINT('',(-29.33408152323,75.085979100859,2.));
#203 = VECTOR('',#204,1.);
#204 = DIRECTION('',(0.46887050642,0.883266917874,0.));
#205 = ORIENTED_EDGE('',*,*,#206,.T.);
#206 = EDGE_CURVE('',#199,#207,#209,.T.);
#207 = VERTEX_POINT('',#208);
#208 = CARTESIAN_POINT('',(-135.0759858657,126.9,2.));
#209 = LINE('',#210,#211);
#210 = CARTESIAN_POINT('',(-56.01067910157,85.424870731009,2.));
#211 = VECTOR('',#212,1.);
#212 = DIRECTION('',(-0.885555302152,0.464533967359,0.));
#213 = ORIENTED_EDGE('',*,*,#214,.T.);
#214 = EDGE_CURVE('',#207,#163,#215,.T.);
#215 = CIRCLE('',#216,8.);
#216 = AXIS2_PLACEMENT_3D('',#217,#218,#219);
#217 = CARTESIAN_POINT('',(-143.,128.,2.));
#218 = DIRECTION('',(0.,0.,-1.));
#219 = DIRECTION('',(1.,0.,0.));
#220 = FACE_BOUND('',#221,.T.);
#221 = EDGE_LOOP('',(#222,#232,#241,#249,#257,#265,#274));
#222 = ORIENTED_EDGE('',*,*,#223,.F.);
#223 = EDGE_CURVE('',#224,#226,#228,.T.);
#224 = VERTEX_POINT('',#225);
#225 = CARTESIAN_POINT('',(-115.5270166537,27.,2.));
#226 = VERTEX_POINT('',#227);
#227 = CARTESIAN_POINT('',(-112.65,27.,2.));
#228 = LINE('',#229,#230);
#229 = CARTESIAN_POINT('',(-57.325,27.,2.));
#230 = VECTOR('',#231,1.);
#231 = DIRECTION('',(1.,0.,0.));
#232 = ORIENTED_EDGE('',*,*,#233,.T.);
#233 = EDGE_CURVE('',#224,#234,#236,.T.);
#234 = VERTEX_POINT('',#235);
#235 = CARTESIAN_POINT('',(-116.65,30.904737509656,2.));
#236 = CIRCLE('',#237,4.);
#237 = AXIS2_PLACEMENT_3D('',#238,#239,#240);
#238 = CARTESIAN_POINT('',(-119.4,28.,2.));
#239 = DIRECTION('',(0.,0.,-1.));
#240 = DIRECTION('',(1.,0.,0.));
#241 = ORIENTED_EDGE('',*,*,#242,.F.);
#242 = EDGE_CURVE('',#243,#234,#245,.T.);
#243 = VERTEX_POINT('',#244);
#244 = CARTESIAN_POINT('',(-116.65,32.,2.));
#245 = LINE('',#246,#247);
#246 = CARTESIAN_POINT('',(-116.65,14.75,2.));
#247 = VECTOR('',#248,1.);
#248 = DIRECTION('',(0.,-1.,0.));
#249 = ORIENTED_EDGE('',*,*,#250,.T.);
#250 = EDGE_CURVE('',#243,#251,#253,.T.);
#251 = VERTEX_POINT('',#252);
#252 = CARTESIAN_POINT('',(-112.65,32.,2.));
#253 = LINE('',#254,#255);
#254 = CARTESIAN_POINT('',(-56.325,32.,2.));
#255 = VECTOR('',#256,1.);
#256 = DIRECTION('',(1.,0.,0.));
#257 = ORIENTED_EDGE('',*,*,#258,.T.);
#258 = EDGE_CURVE('',#251,#259,#261,.T.);
#259 = VERTEX_POINT('',#260);
#260 = CARTESIAN_POINT('',(-111.399634057,30.437042571332,2.));
#261 = LINE('',#262,#263);
#262 = CARTESIAN_POINT('',(-82.23945117487,-6.013186031407,2.));
#263 = VECTOR('',#264,1.);
#264 = DIRECTION('',(0.624695047554,-0.780868809443,0.));
#265 = ORIENTED_EDGE('',*,*,#266,.T.);
#266 = EDGE_CURVE('',#259,#267,#269,.T.);
#267 = VERTEX_POINT('',#268);
#268 = CARTESIAN_POINT('',(-111.399634057,28.562957428668,2.));
#269 = CIRCLE('',#270,1.5);
#270 = AXIS2_PLACEMENT_3D('',#271,#272,#273);
#271 = CARTESIAN_POINT('',(-112.5709372712,29.5,2.));
#272 = DIRECTION('',(0.,0.,-1.));
#273 = DIRECTION('',(1.,0.,0.));
#274 = ORIENTED_EDGE('',*,*,#275,.T.);
#275 = EDGE_CURVE('',#267,#226,#276,.T.);
#276 = LINE('',#277,#278);
#277 = CARTESIAN_POINT('',(-97.25487804878,46.243902439025,2.));
#278 = VECTOR('',#279,1.);
#279 = DIRECTION('',(-0.624695047554,-0.780868809443,0.));
#280 = FACE_BOUND('',#281,.T.);
#281 = EDGE_LOOP('',(#282,#283,#284,#292,#300,#309,#317));
#282 = ORIENTED_EDGE('',*,*,#122,.F.);
#283 = ORIENTED_EDGE('',*,*,#90,.T.);
#284 = ORIENTED_EDGE('',*,*,#285,.F.);
#285 = EDGE_CURVE('',#286,#93,#288,.T.);
#286 = VERTEX_POINT('',#287);
#287 = CARTESIAN_POINT('',(-112.65,105.90473750965,2.));
#288 = LINE('',#289,#290);
#289 = CARTESIAN_POINT('',(-58.325,105.90473750965,2.));
#290 = VECTOR('',#291,1.);
#291 = DIRECTION('',(-1.,0.,0.));
#292 = ORIENTED_EDGE('',*,*,#293,.F.);
#293 = EDGE_CURVE('',#294,#286,#296,.T.);
#294 = VERTEX_POINT('',#295);
#295 = CARTESIAN_POINT('',(-108.8537255328,89.296036715664,2.));
#296 = LINE('',#297,#298);
#297 = CARTESIAN_POINT('',(-98.35095946365,43.346435163136,2.));
#298 = VECTOR('',#299,1.);
#299 = DIRECTION('',(-0.222824801502,0.974858506572,0.));
#300 = ORIENTED_EDGE('',*,*,#301,.T.);
#301 = EDGE_CURVE('',#294,#302,#304,.T.);
#302 = VERTEX_POINT('',#303);
#303 = CARTESIAN_POINT('',(-108.8537255328,87.513438303647,2.));
#304 = CIRCLE('',#305,4.);
#305 = AXIS2_PLACEMENT_3D('',#306,#307,#308);
#306 = CARTESIAN_POINT('',(-112.753159559,88.404737509656,2.));
#307 = DIRECTION('',(0.,0.,-1.));
#308 = DIRECTION('',(1.,0.,0.));
#309 = ORIENTED_EDGE('',*,*,#310,.F.);
#310 = EDGE_CURVE('',#311,#302,#313,.T.);
#311 = VERTEX_POINT('',#312);
#312 = CARTESIAN_POINT('',(-112.65,70.904737509656,2.));
#313 = LINE('',#314,#315);
#314 = CARTESIAN_POINT('',(-115.656333869,57.752026832436,2.));
#315 = VECTOR('',#316,1.);
#316 = DIRECTION('',(0.222824801502,0.974858506572,0.));
#317 = ORIENTED_EDGE('',*,*,#318,.F.);
#318 = EDGE_CURVE('',#123,#311,#319,.T.);
#319 = LINE('',#320,#321);
#320 = CARTESIAN_POINT('',(-56.325,70.904737509656,2.));
#321 = VECTOR('',#322,1.);
#322 = DIRECTION('',(1.,0.,0.));
#323 = PLANE('',#324);
#324 = AXIS2_PLACEMENT_3D('',#325,#326,#327);
#325 = CARTESIAN_POINT('',(0.,0.,2.));
#326 = DIRECTION('',(0.,0.,1.));
#327 = DIRECTION('',(1.,0.,0.));
#328 = ADVANCED_FACE('',(#329),#348,.T.);
#329 = FACE_BOUND('',#330,.T.);
#330 = EDGE_LOOP('',(#331,#332,#333,#334,#342));
#331 = ORIENTED_EDGE('',*,*,#285,.T.);
#332 = ORIENTED_EDGE('',*,*,#101,.T.);
#333 = ORIENTED_EDGE('',*,*,#146,.T.);
#334 = ORIENTED_EDGE('',*,*,#335,.T.);
#335 = EDGE_CURVE('',#139,#336,#338,.T.);
#336 = VERTEX_POINT('',#337);
#337 = CARTESIAN_POINT('',(-112.65,105.90473750965,9.6));
#338 = LINE('',#339,#340);
#339 = CARTESIAN_POINT('',(-116.65,105.90473750965,9.6));
#340 = VECTOR('',#341,1.);
#341 = DIRECTION('',(1.,0.,0.));
#342 = ORIENTED_EDGE('',*,*,#343,.F.);
#343 = EDGE_CURVE('',#286,#336,#344,.T.);
#344 = LINE('',#345,#346);
#345 = CARTESIAN_POINT('',(-112.65,105.90473750965,0.));
#346 = VECTOR('',#347,1.);
#347 = DIRECTION('',(0.,0.,1.));
#348 = PLANE('',#349);
#349 = AXIS2_PLACEMENT_3D('',#350,#351,#352);
#350 = CARTESIAN_POINT('',(-116.65,105.90473750965,0.));
#351 = DIRECTION('',(0.,1.,0.));
#352 = DIRECTION('',(1.,0.,0.));
#353 = ADVANCED_FACE('',(#354),#389,.T.);
#354 = FACE_BOUND('',#355,.F.);
#355 = EDGE_LOOP('',(#356,#357,#365,#374,#382,#388));
#356 = ORIENTED_EDGE('',*,*,#335,.T.);
#357 = ORIENTED_EDGE('',*,*,#358,.T.);
#358 = EDGE_CURVE('',#336,#359,#361,.T.);
#359 = VERTEX_POINT('',#360);
#360 = CARTESIAN_POINT('',(-108.8537255328,89.296036715664,9.6));
#361 = LINE('',#362,#363);
#362 = CARTESIAN_POINT('',(-112.65,105.90473750965,9.6));
#363 = VECTOR('',#364,1.);
#364 = DIRECTION('',(0.222824801502,-0.974858506572,0.));
#365 = ORIENTED_EDGE('',*,*,#366,.F.);
#366 = EDGE_CURVE('',#367,#359,#369,.T.);
#367 = VERTEX_POINT('',#368);
#368 = CARTESIAN_POINT('',(-108.8537255328,87.513438303647,9.6));
#369 = CIRCLE('',#370,4.);
#370 = AXIS2_PLACEMENT_3D('',#371,#372,#373);
#371 = CARTESIAN_POINT('',(-112.753159559,88.404737509656,9.6));
#372 = DIRECTION('',(0.,0.,1.));
#373 = DIRECTION('',(1.,0.,0.));
#374 = ORIENTED_EDGE('',*,*,#375,.T.);
#375 = EDGE_CURVE('',#367,#376,#378,.T.);
#376 = VERTEX_POINT('',#377);
#377 = CARTESIAN_POINT('',(-112.65,70.904737509656,9.6));
#378 = LINE('',#379,#380);
#379 = CARTESIAN_POINT('',(-108.8537255328,87.513438303647,9.6));
#380 = VECTOR('',#381,1.);
#381 = DIRECTION('',(-0.222824801502,-0.974858506572,0.));
#382 = ORIENTED_EDGE('',*,*,#383,.T.);
#383 = EDGE_CURVE('',#376,#131,#384,.T.);
#384 = LINE('',#385,#386);
#385 = CARTESIAN_POINT('',(-112.65,70.904737509656,9.6));
#386 = VECTOR('',#387,1.);
#387 = DIRECTION('',(-1.,0.,0.));
#388 = ORIENTED_EDGE('',*,*,#138,.F.);
#389 = PLANE('',#390);
#390 = AXIS2_PLACEMENT_3D('',#391,#392,#393);
#391 = CARTESIAN_POINT('',(-127.2086163956,70.35962457915,9.6));
#392 = DIRECTION('',(0.,0.,1.));
#393 = DIRECTION('',(1.,0.,0.));
#394 = ADVANCED_FACE('',(#395),#406,.T.);
#395 = FACE_BOUND('',#396,.T.);
#396 = EDGE_LOOP('',(#397,#398,#404,#405));
#397 = ORIENTED_EDGE('',*,*,#318,.T.);
#398 = ORIENTED_EDGE('',*,*,#399,.T.);
#399 = EDGE_CURVE('',#311,#376,#400,.T.);
#400 = LINE('',#401,#402);
#401 = CARTESIAN_POINT('',(-112.65,70.904737509656,0.));
#402 = VECTOR('',#403,1.);
#403 = DIRECTION('',(0.,0.,1.));
#404 = ORIENTED_EDGE('',*,*,#383,.T.);
#405 = ORIENTED_EDGE('',*,*,#130,.F.);
#406 = PLANE('',#407);
#407 = AXIS2_PLACEMENT_3D('',#408,#409,#410);
#408 = CARTESIAN_POINT('',(-112.65,70.904737509656,0.));
#409 = DIRECTION('',(0.,-1.,0.));
#410 = DIRECTION('',(-1.,0.,0.));
#411 = ADVANCED_FACE('',(#412),#487,.F.);
#412 = FACE_BOUND('',#413,.F.);
#413 = EDGE_LOOP('',(#414,#422,#423,#431,#439,#447,#456,#464,#473,#481)
  );
#414 = ORIENTED_EDGE('',*,*,#415,.F.);
#415 = EDGE_CURVE('',#163,#416,#418,.T.);
#416 = VERTEX_POINT('',#417);
#417 = CARTESIAN_POINT('',(-141.9,120.07598586573,13.1));
#418 = LINE('',#419,#420);
#419 = CARTESIAN_POINT('',(-141.9,120.07598586573,0.));
#420 = VECTOR('',#421,1.);
#421 = DIRECTION('',(0.,0.,1.));
#422 = ORIENTED_EDGE('',*,*,#162,.T.);
#423 = ORIENTED_EDGE('',*,*,#424,.F.);
#424 = EDGE_CURVE('',#425,#165,#427,.T.);
#425 = VERTEX_POINT('',#426);
#426 = CARTESIAN_POINT('',(-141.9,-20.07598586573,13.1));
#427 = LINE('',#428,#429);
#428 = CARTESIAN_POINT('',(-141.9,-20.07598586573,0.));
#429 = VECTOR('',#430,1.);
#430 = DIRECTION('',(-0.,-0.,-1.));
#431 = ORIENTED_EDGE('',*,*,#432,.T.);
#432 = EDGE_CURVE('',#425,#433,#435,.T.);
#433 = VERTEX_POINT('',#434);
#434 = CARTESIAN_POINT('',(-141.9,19.68204929739,13.1));
#435 = LINE('',#436,#437);
#436 = CARTESIAN_POINT('',(-141.9,-120.0759858657,13.1));
#437 = VECTOR('',#438,1.);
#438 = DIRECTION('',(0.,1.,0.));
#439 = ORIENTED_EDGE('',*,*,#440,.F.);
#440 = EDGE_CURVE('',#441,#433,#443,.T.);
#441 = VERTEX_POINT('',#442);
#442 = CARTESIAN_POINT('',(-141.9,19.68204929739,7.));
#443 = LINE('',#444,#445);
#444 = CARTESIAN_POINT('',(-141.9,19.68204929739,3.5));
#445 = VECTOR('',#446,1.);
#446 = DIRECTION('',(0.,0.,1.));
#447 = ORIENTED_EDGE('',*,*,#448,.F.);
#448 = EDGE_CURVE('',#449,#441,#451,.T.);
#449 = VERTEX_POINT('',#450);
#450 = CARTESIAN_POINT('',(-141.9,20.68204929739,6.));
#451 = CIRCLE('',#452,1.);
#452 = AXIS2_PLACEMENT_3D('',#453,#454,#455);
#453 = CARTESIAN_POINT('',(-141.9,20.68204929739,7.));
#454 = DIRECTION('',(-1.,0.,0.));
#455 = DIRECTION('',(0.,-1.,0.));
#456 = ORIENTED_EDGE('',*,*,#457,.F.);
#457 = EDGE_CURVE('',#458,#449,#460,.T.);
#458 = VERTEX_POINT('',#459);
#459 = CARTESIAN_POINT('',(-141.9,108.68204929739,6.));
#460 = LINE('',#461,#462);
#461 = CARTESIAN_POINT('',(-141.9,-5.696968284174,6.));
#462 = VECTOR('',#463,1.);
#463 = DIRECTION('',(-0.,-1.,-0.));
#464 = ORIENTED_EDGE('',*,*,#465,.F.);
#465 = EDGE_CURVE('',#466,#458,#468,.T.);
#466 = VERTEX_POINT('',#467);
#467 = CARTESIAN_POINT('',(-141.9,109.68204929739,7.));
#468 = CIRCLE('',#469,1.);
#469 = AXIS2_PLACEMENT_3D('',#470,#471,#472);
#470 = CARTESIAN_POINT('',(-141.9,108.68204929739,7.));
#471 = DIRECTION('',(-1.,0.,0.));
#472 = DIRECTION('',(0.,-1.,0.));
#473 = ORIENTED_EDGE('',*,*,#474,.F.);
#474 = EDGE_CURVE('',#475,#466,#477,.T.);
#475 = VERTEX_POINT('',#476);
#476 = CARTESIAN_POINT('',(-141.9,109.68204929739,13.1));
#477 = LINE('',#478,#479);
#478 = CARTESIAN_POINT('',(-141.9,109.68204929739,7.206005));
#479 = VECTOR('',#480,1.);
#480 = DIRECTION('',(0.,0.,-1.));
#481 = ORIENTED_EDGE('',*,*,#482,.T.);
#482 = EDGE_CURVE('',#475,#416,#483,.T.);
#483 = LINE('',#484,#485);
#484 = CARTESIAN_POINT('',(-141.9,-120.0759858657,13.1));
#485 = VECTOR('',#486,1.);
#486 = DIRECTION('',(0.,1.,0.));
#487 = PLANE('',#488);
#488 = AXIS2_PLACEMENT_3D('',#489,#490,#491);
#489 = CARTESIAN_POINT('',(-141.9,-120.0759858657,0.));
#490 = DIRECTION('',(-1.,0.,0.));
#491 = DIRECTION('',(0.,1.,0.));
#492 = ADVANCED_FACE('',(#493),#512,.T.);
#493 = FACE_BOUND('',#494,.F.);
#494 = EDGE_LOOP('',(#495,#503,#504,#505));
#495 = ORIENTED_EDGE('',*,*,#496,.F.);
#496 = EDGE_CURVE('',#207,#497,#499,.T.);
#497 = VERTEX_POINT('',#498);
#498 = CARTESIAN_POINT('',(-135.0759858657,126.9,13.1));
#499 = LINE('',#500,#501);
#500 = CARTESIAN_POINT('',(-135.0759858657,126.9,0.));
#501 = VECTOR('',#502,1.);
#502 = DIRECTION('',(0.,0.,1.));
#503 = ORIENTED_EDGE('',*,*,#214,.T.);
#504 = ORIENTED_EDGE('',*,*,#415,.T.);
#505 = ORIENTED_EDGE('',*,*,#506,.T.);
#506 = EDGE_CURVE('',#416,#497,#507,.T.);
#507 = CIRCLE('',#508,8.);
#508 = AXIS2_PLACEMENT_3D('',#509,#510,#511);
#509 = CARTESIAN_POINT('',(-143.,128.,13.1));
#510 = DIRECTION('',(0.,0.,1.));
#511 = DIRECTION('',(1.,0.,0.));
#512 = CYLINDRICAL_SURFACE('',#513,8.);
#513 = AXIS2_PLACEMENT_3D('',#514,#515,#516);
#514 = CARTESIAN_POINT('',(-143.,128.,0.));
#515 = DIRECTION('',(-0.,-0.,-1.));
#516 = DIRECTION('',(1.,0.,0.));
#517 = ADVANCED_FACE('',(#518),#536,.F.);
#518 = FACE_BOUND('',#519,.F.);
#519 = EDGE_LOOP('',(#520,#521,#522,#530));
#520 = ORIENTED_EDGE('',*,*,#206,.T.);
#521 = ORIENTED_EDGE('',*,*,#496,.T.);
#522 = ORIENTED_EDGE('',*,*,#523,.T.);
#523 = EDGE_CURVE('',#497,#524,#526,.T.);
#524 = VERTEX_POINT('',#525);
#525 = CARTESIAN_POINT('',(-30.8516110724,72.227228914355,13.1));
#526 = LINE('',#527,#528);
#527 = CARTESIAN_POINT('',(-135.0759858657,126.9,13.1));
#528 = VECTOR('',#529,1.);
#529 = DIRECTION('',(0.885555302152,-0.464533967359,0.));
#530 = ORIENTED_EDGE('',*,*,#531,.F.);
#531 = EDGE_CURVE('',#199,#524,#532,.T.);
#532 = LINE('',#533,#534);
#533 = CARTESIAN_POINT('',(-30.8516110724,72.227228914355,0.));
#534 = VECTOR('',#535,1.);
#535 = DIRECTION('',(0.,0.,1.));
#536 = PLANE('',#537);
#537 = AXIS2_PLACEMENT_3D('',#538,#539,#540);
#538 = CARTESIAN_POINT('',(-135.0759858657,126.9,0.));
#539 = DIRECTION('',(0.464533967359,0.885555302152,0.));
#540 = DIRECTION('',(0.885555302152,-0.464533967359,0.));
#541 = ADVANCED_FACE('',(#542),#560,.F.);
#542 = FACE_BOUND('',#543,.F.);
#543 = EDGE_LOOP('',(#544,#545,#546,#554));
#544 = ORIENTED_EDGE('',*,*,#198,.T.);
#545 = ORIENTED_EDGE('',*,*,#531,.T.);
#546 = ORIENTED_EDGE('',*,*,#547,.T.);
#547 = EDGE_CURVE('',#524,#548,#550,.T.);
#548 = VERTEX_POINT('',#549);
#549 = CARTESIAN_POINT('',(-99.49358392417,-57.0817870451,13.1));
#550 = LINE('',#551,#552);
#551 = CARTESIAN_POINT('',(-4.686930129669,121.5167380155,13.1));
#552 = VECTOR('',#553,1.);
#553 = DIRECTION('',(-0.46887050642,-0.883266917874,0.));
#554 = ORIENTED_EDGE('',*,*,#555,.F.);
#555 = EDGE_CURVE('',#191,#548,#556,.T.);
#556 = LINE('',#557,#558);
#557 = CARTESIAN_POINT('',(-99.49358392417,-57.0817870451,0.));
#558 = VECTOR('',#559,1.);
#559 = DIRECTION('',(0.,0.,1.));
#560 = PLANE('',#561);
#561 = AXIS2_PLACEMENT_3D('',#562,#563,#564);
#562 = CARTESIAN_POINT('',(-4.686930129669,121.5167380155,0.));
#563 = DIRECTION('',(0.883266917874,-0.46887050642,0.));
#564 = DIRECTION('',(-0.46887050642,-0.883266917874,0.));
#565 = ADVANCED_FACE('',(#566),#584,.T.);
#566 = FACE_BOUND('',#567,.T.);
#567 = EDGE_LOOP('',(#568,#569,#577,#583));
#568 = ORIENTED_EDGE('',*,*,#190,.T.);
#569 = ORIENTED_EDGE('',*,*,#570,.T.);
#570 = EDGE_CURVE('',#182,#571,#573,.T.);
#571 = VERTEX_POINT('',#572);
#572 = CARTESIAN_POINT('',(-135.8758765749,-31.63962435222,13.1));
#573 = LINE('',#574,#575);
#574 = CARTESIAN_POINT('',(-135.8758765749,-31.63962435222,0.));
#575 = VECTOR('',#576,1.);
#576 = DIRECTION('',(0.,0.,1.));
#577 = ORIENTED_EDGE('',*,*,#578,.T.);
#578 = EDGE_CURVE('',#571,#548,#579,.T.);
#579 = LINE('',#580,#581);
#580 = CARTESIAN_POINT('',(-135.8758765749,-31.63962435222,13.1));
#581 = VECTOR('',#582,1.);
#582 = DIRECTION('',(0.819501061352,-0.573077665281,0.));
#583 = ORIENTED_EDGE('',*,*,#555,.F.);
#584 = PLANE('',#585);
#585 = AXIS2_PLACEMENT_3D('',#586,#587,#588);
#586 = CARTESIAN_POINT('',(-135.8758765749,-31.63962435222,0.));
#587 = DIRECTION('',(0.573077665281,0.819501061352,0.));
#588 = DIRECTION('',(0.819501061352,-0.573077665281,0.));
#589 = ADVANCED_FACE('',(#590),#612,.T.);
#590 = FACE_BOUND('',#591,.F.);
#591 = EDGE_LOOP('',(#592,#593,#602,#609,#610,#611));
#592 = ORIENTED_EDGE('',*,*,#570,.T.);
#593 = ORIENTED_EDGE('',*,*,#594,.T.);
#594 = EDGE_CURVE('',#571,#595,#597,.T.);
#595 = VERTEX_POINT('',#596);
#596 = CARTESIAN_POINT('',(-135.,-28.,13.1));
#597 = CIRCLE('',#598,8.);
#598 = AXIS2_PLACEMENT_3D('',#599,#600,#601);
#599 = CARTESIAN_POINT('',(-143.,-28.,13.1));
#600 = DIRECTION('',(0.,0.,1.));
#601 = DIRECTION('',(1.,0.,0.));
#602 = ORIENTED_EDGE('',*,*,#603,.T.);
#603 = EDGE_CURVE('',#595,#425,#604,.T.);
#604 = CIRCLE('',#605,8.);
#605 = AXIS2_PLACEMENT_3D('',#606,#607,#608);
#606 = CARTESIAN_POINT('',(-143.,-28.,13.1));
#607 = DIRECTION('',(0.,0.,1.));
#608 = DIRECTION('',(1.,0.,0.));
#609 = ORIENTED_EDGE('',*,*,#424,.T.);
#610 = ORIENTED_EDGE('',*,*,#172,.T.);
#611 = ORIENTED_EDGE('',*,*,#181,.T.);
#612 = CYLINDRICAL_SURFACE('',#613,8.);
#613 = AXIS2_PLACEMENT_3D('',#614,#615,#616);
#614 = CARTESIAN_POINT('',(-143.,-28.,0.));
#615 = DIRECTION('',(-0.,-0.,-1.));
#616 = DIRECTION('',(1.,0.,0.));
#617 = ADVANCED_FACE('',(#618),#659,.T.);
#618 = FACE_BOUND('',#619,.T.);
#619 = EDGE_LOOP('',(#620,#621,#629,#637,#645,#653));
#620 = ORIENTED_EDGE('',*,*,#223,.T.);
#621 = ORIENTED_EDGE('',*,*,#622,.T.);
#622 = EDGE_CURVE('',#226,#623,#625,.T.);
#623 = VERTEX_POINT('',#624);
#624 = CARTESIAN_POINT('',(-112.65,27.,9.6));
#625 = LINE('',#626,#627);
#626 = CARTESIAN_POINT('',(-112.65,27.,0.));
#627 = VECTOR('',#628,1.);
#628 = DIRECTION('',(0.,0.,1.));
#629 = ORIENTED_EDGE('',*,*,#630,.F.);
#630 = EDGE_CURVE('',#631,#623,#633,.T.);
#631 = VERTEX_POINT('',#632);
#632 = CARTESIAN_POINT('',(-116.65,27.,9.6));
#633 = LINE('',#634,#635);
#634 = CARTESIAN_POINT('',(-116.65,27.,9.6));
#635 = VECTOR('',#636,1.);
#636 = DIRECTION('',(1.,0.,0.));
#637 = ORIENTED_EDGE('',*,*,#638,.F.);
#638 = EDGE_CURVE('',#639,#631,#641,.T.);
#639 = VERTEX_POINT('',#640);
#640 = CARTESIAN_POINT('',(-116.65,27.,6.));
#641 = LINE('',#642,#643);
#642 = CARTESIAN_POINT('',(-116.65,27.,0.));
#643 = VECTOR('',#644,1.);
#644 = DIRECTION('',(0.,0.,1.));
#645 = ORIENTED_EDGE('',*,*,#646,.T.);
#646 = EDGE_CURVE('',#639,#647,#649,.T.);
#647 = VERTEX_POINT('',#648);
#648 = CARTESIAN_POINT('',(-115.5270166537,27.,6.));
#649 = LINE('',#650,#651);
#650 = CARTESIAN_POINT('',(-116.65,27.,6.));
#651 = VECTOR('',#652,1.);
#652 = DIRECTION('',(1.,0.,0.));
#653 = ORIENTED_EDGE('',*,*,#654,.F.);
#654 = EDGE_CURVE('',#224,#647,#655,.T.);
#655 = LINE('',#656,#657);
#656 = CARTESIAN_POINT('',(-115.5270166537,27.,0.));
#657 = VECTOR('',#658,1.);
#658 = DIRECTION('',(0.,0.,1.));
#659 = PLANE('',#660);
#660 = AXIS2_PLACEMENT_3D('',#661,#662,#663);
#661 = CARTESIAN_POINT('',(-114.65,27.,4.8));
#662 = DIRECTION('',(-0.,-1.,-0.));
#663 = DIRECTION('',(0.,0.,-1.));
#664 = ADVANCED_FACE('',(#665),#684,.T.);
#665 = FACE_BOUND('',#666,.F.);
#666 = EDGE_LOOP('',(#667,#668,#676,#683));
#667 = ORIENTED_EDGE('',*,*,#233,.T.);
#668 = ORIENTED_EDGE('',*,*,#669,.T.);
#669 = EDGE_CURVE('',#234,#670,#672,.T.);
#670 = VERTEX_POINT('',#671);
#671 = CARTESIAN_POINT('',(-116.65,30.904737509656,6.));
#672 = LINE('',#673,#674);
#673 = CARTESIAN_POINT('',(-116.65,30.904737509656,0.));
#674 = VECTOR('',#675,1.);
#675 = DIRECTION('',(0.,0.,1.));
#676 = ORIENTED_EDGE('',*,*,#677,.T.);
#677 = EDGE_CURVE('',#670,#647,#678,.T.);
#678 = CIRCLE('',#679,4.);
#679 = AXIS2_PLACEMENT_3D('',#680,#681,#682);
#680 = CARTESIAN_POINT('',(-119.4,28.,6.));
#681 = DIRECTION('',(0.,0.,1.));
#682 = DIRECTION('',(1.,0.,0.));
#683 = ORIENTED_EDGE('',*,*,#654,.F.);
#684 = CYLINDRICAL_SURFACE('',#685,4.);
#685 = AXIS2_PLACEMENT_3D('',#686,#687,#688);
#686 = CARTESIAN_POINT('',(-119.4,28.,0.));
#687 = DIRECTION('',(-0.,-0.,-1.));
#688 = DIRECTION('',(1.,0.,0.));
#689 = ADVANCED_FACE('',(#690),#708,.F.);
#690 = FACE_BOUND('',#691,.F.);
#691 = EDGE_LOOP('',(#692,#693,#694,#702));
#692 = ORIENTED_EDGE('',*,*,#275,.T.);
#693 = ORIENTED_EDGE('',*,*,#622,.T.);
#694 = ORIENTED_EDGE('',*,*,#695,.T.);
#695 = EDGE_CURVE('',#623,#696,#698,.T.);
#696 = VERTEX_POINT('',#697);
#697 = CARTESIAN_POINT('',(-111.399634057,28.562957428668,9.6));
#698 = LINE('',#699,#700);
#699 = CARTESIAN_POINT('',(-112.65,27.,9.6));
#700 = VECTOR('',#701,1.);
#701 = DIRECTION('',(0.624695047554,0.780868809443,0.));
#702 = ORIENTED_EDGE('',*,*,#703,.F.);
#703 = EDGE_CURVE('',#267,#696,#704,.T.);
#704 = LINE('',#705,#706);
#705 = CARTESIAN_POINT('',(-111.399634057,28.562957428668,0.));
#706 = VECTOR('',#707,1.);
#707 = DIRECTION('',(0.,0.,1.));
#708 = PLANE('',#709);
#709 = AXIS2_PLACEMENT_3D('',#710,#711,#712);
#710 = CARTESIAN_POINT('',(-112.65,27.,0.));
#711 = DIRECTION('',(-0.780868809443,0.624695047554,0.));
#712 = DIRECTION('',(0.624695047554,0.780868809443,0.));
#713 = ADVANCED_FACE('',(#714),#739,.T.);
#714 = FACE_BOUND('',#715,.T.);
#715 = EDGE_LOOP('',(#716,#724,#725,#726,#732,#733));
#716 = ORIENTED_EDGE('',*,*,#717,.F.);
#717 = EDGE_CURVE('',#243,#718,#720,.T.);
#718 = VERTEX_POINT('',#719);
#719 = CARTESIAN_POINT('',(-116.65,32.,9.6));
#720 = LINE('',#721,#722);
#721 = CARTESIAN_POINT('',(-116.65,32.,0.));
#722 = VECTOR('',#723,1.);
#723 = DIRECTION('',(0.,0.,1.));
#724 = ORIENTED_EDGE('',*,*,#242,.T.);
#725 = ORIENTED_EDGE('',*,*,#669,.T.);
#726 = ORIENTED_EDGE('',*,*,#727,.T.);
#727 = EDGE_CURVE('',#670,#639,#728,.T.);
#728 = LINE('',#729,#730);
#729 = CARTESIAN_POINT('',(-116.65,32.,6.));
#730 = VECTOR('',#731,1.);
#731 = DIRECTION('',(0.,-1.,0.));
#732 = ORIENTED_EDGE('',*,*,#638,.T.);
#733 = ORIENTED_EDGE('',*,*,#734,.F.);
#734 = EDGE_CURVE('',#718,#631,#735,.T.);
#735 = LINE('',#736,#737);
#736 = CARTESIAN_POINT('',(-116.65,32.,9.6));
#737 = VECTOR('',#738,1.);
#738 = DIRECTION('',(0.,-1.,0.));
#739 = PLANE('',#740);
#740 = AXIS2_PLACEMENT_3D('',#741,#742,#743);
#741 = CARTESIAN_POINT('',(-116.65,29.5,4.8));
#742 = DIRECTION('',(-1.,-0.,-0.));
#743 = DIRECTION('',(0.,0.,-1.));
#744 = ADVANCED_FACE('',(#745),#764,.T.);
#745 = FACE_BOUND('',#746,.F.);
#746 = EDGE_LOOP('',(#747,#748,#749,#758));
#747 = ORIENTED_EDGE('',*,*,#266,.T.);
#748 = ORIENTED_EDGE('',*,*,#703,.T.);
#749 = ORIENTED_EDGE('',*,*,#750,.T.);
#750 = EDGE_CURVE('',#696,#751,#753,.T.);
#751 = VERTEX_POINT('',#752);
#752 = CARTESIAN_POINT('',(-111.399634057,30.437042571332,9.6));
#753 = CIRCLE('',#754,1.5);
#754 = AXIS2_PLACEMENT_3D('',#755,#756,#757);
#755 = CARTESIAN_POINT('',(-112.5709372712,29.5,9.6));
#756 = DIRECTION('',(0.,0.,1.));
#757 = DIRECTION('',(1.,0.,0.));
#758 = ORIENTED_EDGE('',*,*,#759,.F.);
#759 = EDGE_CURVE('',#259,#751,#760,.T.);
#760 = LINE('',#761,#762);
#761 = CARTESIAN_POINT('',(-111.399634057,30.437042571332,0.));
#762 = VECTOR('',#763,1.);
#763 = DIRECTION('',(0.,0.,1.));
#764 = CYLINDRICAL_SURFACE('',#765,1.5);
#765 = AXIS2_PLACEMENT_3D('',#766,#767,#768);
#766 = CARTESIAN_POINT('',(-112.5709372712,29.5,0.));
#767 = DIRECTION('',(-0.,-0.,-1.));
#768 = DIRECTION('',(1.,0.,0.));
#769 = ADVANCED_FACE('',(#770),#788,.F.);
#770 = FACE_BOUND('',#771,.F.);
#771 = EDGE_LOOP('',(#772,#773,#781,#787));
#772 = ORIENTED_EDGE('',*,*,#250,.T.);
#773 = ORIENTED_EDGE('',*,*,#774,.T.);
#774 = EDGE_CURVE('',#251,#775,#777,.T.);
#775 = VERTEX_POINT('',#776);
#776 = CARTESIAN_POINT('',(-112.65,32.,9.6));
#777 = LINE('',#778,#779);
#778 = CARTESIAN_POINT('',(-112.65,32.,0.));
#779 = VECTOR('',#780,1.);
#780 = DIRECTION('',(0.,0.,1.));
#781 = ORIENTED_EDGE('',*,*,#782,.T.);
#782 = EDGE_CURVE('',#775,#718,#783,.T.);
#783 = LINE('',#784,#785);
#784 = CARTESIAN_POINT('',(-112.65,32.,9.6));
#785 = VECTOR('',#786,1.);
#786 = DIRECTION('',(-1.,0.,0.));
#787 = ORIENTED_EDGE('',*,*,#717,.F.);
#788 = PLANE('',#789);
#789 = AXIS2_PLACEMENT_3D('',#790,#791,#792);
#790 = CARTESIAN_POINT('',(-112.65,32.,0.));
#791 = DIRECTION('',(0.,-1.,0.));
#792 = DIRECTION('',(-1.,0.,0.));
#793 = ADVANCED_FACE('',(#794),#805,.F.);
#794 = FACE_BOUND('',#795,.F.);
#795 = EDGE_LOOP('',(#796,#797,#798,#804));
#796 = ORIENTED_EDGE('',*,*,#258,.T.);
#797 = ORIENTED_EDGE('',*,*,#759,.T.);
#798 = ORIENTED_EDGE('',*,*,#799,.T.);
#799 = EDGE_CURVE('',#751,#775,#800,.T.);
#800 = LINE('',#801,#802);
#801 = CARTESIAN_POINT('',(-111.399634057,30.437042571332,9.6));
#802 = VECTOR('',#803,1.);
#803 = DIRECTION('',(-0.624695047554,0.780868809443,0.));
#804 = ORIENTED_EDGE('',*,*,#774,.F.);
#805 = PLANE('',#806);
#806 = AXIS2_PLACEMENT_3D('',#807,#808,#809);
#807 = CARTESIAN_POINT('',(-111.399634057,30.437042571332,0.));
#808 = DIRECTION('',(-0.780868809443,-0.624695047554,0.));
#809 = DIRECTION('',(-0.624695047554,0.780868809443,0.));
#810 = ADVANCED_FACE('',(#811),#822,.T.);
#811 = FACE_BOUND('',#812,.T.);
#812 = EDGE_LOOP('',(#813,#814,#820,#821));
#813 = ORIENTED_EDGE('',*,*,#310,.T.);
#814 = ORIENTED_EDGE('',*,*,#815,.T.);
#815 = EDGE_CURVE('',#302,#367,#816,.T.);
#816 = LINE('',#817,#818);
#817 = CARTESIAN_POINT('',(-108.8537255328,87.513438303647,0.));
#818 = VECTOR('',#819,1.);
#819 = DIRECTION('',(0.,0.,1.));
#820 = ORIENTED_EDGE('',*,*,#375,.T.);
#821 = ORIENTED_EDGE('',*,*,#399,.F.);
#822 = PLANE('',#823);
#823 = AXIS2_PLACEMENT_3D('',#824,#825,#826);
#824 = CARTESIAN_POINT('',(-108.8537255328,87.513438303647,0.));
#825 = DIRECTION('',(0.974858506572,-0.222824801502,0.));
#826 = DIRECTION('',(-0.222824801502,-0.974858506572,0.));
#827 = ADVANCED_FACE('',(#828),#839,.T.);
#828 = FACE_BOUND('',#829,.T.);
#829 = EDGE_LOOP('',(#830,#831,#832,#833));
#830 = ORIENTED_EDGE('',*,*,#293,.T.);
#831 = ORIENTED_EDGE('',*,*,#343,.T.);
#832 = ORIENTED_EDGE('',*,*,#358,.T.);
#833 = ORIENTED_EDGE('',*,*,#834,.F.);
#834 = EDGE_CURVE('',#294,#359,#835,.T.);
#835 = LINE('',#836,#837);
#836 = CARTESIAN_POINT('',(-108.8537255328,89.296036715664,0.));
#837 = VECTOR('',#838,1.);
#838 = DIRECTION('',(0.,0.,1.));
#839 = PLANE('',#840);
#840 = AXIS2_PLACEMENT_3D('',#841,#842,#843);
#841 = CARTESIAN_POINT('',(-112.65,105.90473750965,0.));
#842 = DIRECTION('',(0.974858506572,0.222824801502,0.));
#843 = DIRECTION('',(0.222824801502,-0.974858506572,0.));
#844 = ADVANCED_FACE('',(#845),#851,.T.);
#845 = FACE_BOUND('',#846,.F.);
#846 = EDGE_LOOP('',(#847,#848,#849,#850));
#847 = ORIENTED_EDGE('',*,*,#301,.T.);
#848 = ORIENTED_EDGE('',*,*,#815,.T.);
#849 = ORIENTED_EDGE('',*,*,#366,.T.);
#850 = ORIENTED_EDGE('',*,*,#834,.F.);
#851 = CYLINDRICAL_SURFACE('',#852,4.);
#852 = AXIS2_PLACEMENT_3D('',#853,#854,#855);
#853 = CARTESIAN_POINT('',(-112.753159559,88.404737509656,0.));
#854 = DIRECTION('',(-0.,-0.,-1.));
#855 = DIRECTION('',(1.,0.,0.));
#856 = ADVANCED_FACE('',(#857,#1052,#1063,#1107,#1151,#1195,#1206,#1267,
    #1311,#1322,#1357,#1401,#1445),#1456,.T.);
#857 = FACE_BOUND('',#858,.T.);
#858 = EDGE_LOOP('',(#859,#870,#878,#887,#895,#904,#913,#921,#930,#939,
    #947,#956,#965,#973,#982,#990,#999,#1007,#1013,#1014,#1015,#1016,
    #1017,#1018,#1019,#1020,#1021,#1029,#1037,#1046));
#859 = ORIENTED_EDGE('',*,*,#860,.T.);
#860 = EDGE_CURVE('',#861,#863,#865,.T.);
#861 = VERTEX_POINT('',#862);
#862 = CARTESIAN_POINT('',(-144.1,-120.0759858657,13.1));
#863 = VERTEX_POINT('',#864);
#864 = CARTESIAN_POINT('',(-135.0759858657,-129.1,13.1));
#865 = CIRCLE('',#866,8.);
#866 = AXIS2_PLACEMENT_3D('',#867,#868,#869);
#867 = CARTESIAN_POINT('',(-143.,-128.,13.1));
#868 = DIRECTION('',(0.,0.,1.));
#869 = DIRECTION('',(1.,0.,0.));
#870 = ORIENTED_EDGE('',*,*,#871,.T.);
#871 = EDGE_CURVE('',#863,#872,#874,.T.);
#872 = VERTEX_POINT('',#873);
#873 = CARTESIAN_POINT('',(-7.924014134263,-129.1,13.1));
#874 = LINE('',#875,#876);
#875 = CARTESIAN_POINT('',(-135.0759858657,-129.1,13.1));
#876 = VECTOR('',#877,1.);
#877 = DIRECTION('',(1.,0.,0.));
#878 = ORIENTED_EDGE('',*,*,#879,.T.);
#879 = EDGE_CURVE('',#872,#880,#882,.T.);
#880 = VERTEX_POINT('',#881);
#881 = CARTESIAN_POINT('',(7.924014134263,-129.1,13.1));
#882 = CIRCLE('',#883,8.);
#883 = AXIS2_PLACEMENT_3D('',#884,#885,#886);
#884 = CARTESIAN_POINT('',(2.5E-15,-128.,13.1));
#885 = DIRECTION('',(0.,0.,1.));
#886 = DIRECTION('',(1.,0.,0.));
#887 = ORIENTED_EDGE('',*,*,#888,.T.);
#888 = EDGE_CURVE('',#880,#889,#891,.T.);
#889 = VERTEX_POINT('',#890);
#890 = CARTESIAN_POINT('',(135.07598586573,-129.1,13.1));
#891 = LINE('',#892,#893);
#892 = CARTESIAN_POINT('',(-135.0759858657,-129.1,13.1));
#893 = VECTOR('',#894,1.);
#894 = DIRECTION('',(1.,0.,0.));
#895 = ORIENTED_EDGE('',*,*,#896,.T.);
#896 = EDGE_CURVE('',#889,#897,#899,.T.);
#897 = VERTEX_POINT('',#898);
#898 = CARTESIAN_POINT('',(151.,-128.,13.1));
#899 = CIRCLE('',#900,8.);
#900 = AXIS2_PLACEMENT_3D('',#901,#902,#903);
#901 = CARTESIAN_POINT('',(143.,-128.,13.1));
#902 = DIRECTION('',(0.,0.,1.));
#903 = DIRECTION('',(1.,0.,0.));
#904 = ORIENTED_EDGE('',*,*,#905,.T.);
#905 = EDGE_CURVE('',#897,#906,#908,.T.);
#906 = VERTEX_POINT('',#907);
#907 = CARTESIAN_POINT('',(144.1,-120.0759858657,13.1));
#908 = CIRCLE('',#909,8.);
#909 = AXIS2_PLACEMENT_3D('',#910,#911,#912);
#910 = CARTESIAN_POINT('',(143.,-128.,13.1));
#911 = DIRECTION('',(0.,0.,1.));
#912 = DIRECTION('',(1.,0.,0.));
#913 = ORIENTED_EDGE('',*,*,#914,.T.);
#914 = EDGE_CURVE('',#906,#915,#917,.T.);
#915 = VERTEX_POINT('',#916);
#916 = CARTESIAN_POINT('',(144.1,-7.924014134263,13.1));
#917 = LINE('',#918,#919);
#918 = CARTESIAN_POINT('',(144.1,-120.0759858657,13.1));
#919 = VECTOR('',#920,1.);
#920 = DIRECTION('',(0.,1.,0.));
#921 = ORIENTED_EDGE('',*,*,#922,.T.);
#922 = EDGE_CURVE('',#915,#923,#925,.T.);
#923 = VERTEX_POINT('',#924);
#924 = CARTESIAN_POINT('',(151.,1.E-15,13.1));
#925 = CIRCLE('',#926,8.);
#926 = AXIS2_PLACEMENT_3D('',#927,#928,#929);
#927 = CARTESIAN_POINT('',(143.,9.6E-16,13.1));
#928 = DIRECTION('',(0.,0.,1.));
#929 = DIRECTION('',(1.,0.,0.));
#930 = ORIENTED_EDGE('',*,*,#931,.T.);
#931 = EDGE_CURVE('',#923,#932,#934,.T.);
#932 = VERTEX_POINT('',#933);
#933 = CARTESIAN_POINT('',(144.1,7.924014134263,13.1));
#934 = CIRCLE('',#935,8.);
#935 = AXIS2_PLACEMENT_3D('',#936,#937,#938);
#936 = CARTESIAN_POINT('',(143.,9.6E-16,13.1));
#937 = DIRECTION('',(0.,0.,1.));
#938 = DIRECTION('',(1.,0.,0.));
#939 = ORIENTED_EDGE('',*,*,#940,.T.);
#940 = EDGE_CURVE('',#932,#941,#943,.T.);
#941 = VERTEX_POINT('',#942);
#942 = CARTESIAN_POINT('',(144.1,120.07598586573,13.1));
#943 = LINE('',#944,#945);
#944 = CARTESIAN_POINT('',(144.1,-120.0759858657,13.1));
#945 = VECTOR('',#946,1.);
#946 = DIRECTION('',(0.,1.,0.));
#947 = ORIENTED_EDGE('',*,*,#948,.T.);
#948 = EDGE_CURVE('',#941,#949,#951,.T.);
#949 = VERTEX_POINT('',#950);
#950 = CARTESIAN_POINT('',(151.,128.,13.1));
#951 = CIRCLE('',#952,8.);
#952 = AXIS2_PLACEMENT_3D('',#953,#954,#955);
#953 = CARTESIAN_POINT('',(143.,128.,13.1));
#954 = DIRECTION('',(0.,0.,1.));
#955 = DIRECTION('',(1.,0.,0.));
#956 = ORIENTED_EDGE('',*,*,#957,.T.);
#957 = EDGE_CURVE('',#949,#958,#960,.T.);
#958 = VERTEX_POINT('',#959);
#959 = CARTESIAN_POINT('',(135.07598586573,129.1,13.1));
#960 = CIRCLE('',#961,8.);
#961 = AXIS2_PLACEMENT_3D('',#962,#963,#964);
#962 = CARTESIAN_POINT('',(143.,128.,13.1));
#963 = DIRECTION('',(0.,0.,1.));
#964 = DIRECTION('',(1.,0.,0.));
#965 = ORIENTED_EDGE('',*,*,#966,.T.);
#966 = EDGE_CURVE('',#958,#967,#969,.T.);
#967 = VERTEX_POINT('',#968);
#968 = CARTESIAN_POINT('',(7.924014134263,129.1,13.1));
#969 = LINE('',#970,#971);
#970 = CARTESIAN_POINT('',(135.07598586573,129.1,13.1));
#971 = VECTOR('',#972,1.);
#972 = DIRECTION('',(-1.,0.,0.));
#973 = ORIENTED_EDGE('',*,*,#974,.T.);
#974 = EDGE_CURVE('',#967,#975,#977,.T.);
#975 = VERTEX_POINT('',#976);
#976 = CARTESIAN_POINT('',(-7.924014134263,129.1,13.1));
#977 = CIRCLE('',#978,8.);
#978 = AXIS2_PLACEMENT_3D('',#979,#980,#981);
#979 = CARTESIAN_POINT('',(-1.106E-14,128.,13.1));
#980 = DIRECTION('',(0.,0.,1.));
#981 = DIRECTION('',(1.,0.,0.));
#982 = ORIENTED_EDGE('',*,*,#983,.T.);
#983 = EDGE_CURVE('',#975,#984,#986,.T.);
#984 = VERTEX_POINT('',#985);
#985 = CARTESIAN_POINT('',(-135.0759858657,129.1,13.1));
#986 = LINE('',#987,#988);
#987 = CARTESIAN_POINT('',(135.07598586573,129.1,13.1));
#988 = VECTOR('',#989,1.);
#989 = DIRECTION('',(-1.,0.,0.));
#990 = ORIENTED_EDGE('',*,*,#991,.T.);
#991 = EDGE_CURVE('',#984,#992,#994,.T.);
#992 = VERTEX_POINT('',#993);
#993 = CARTESIAN_POINT('',(-144.1,120.07598586573,13.1));
#994 = CIRCLE('',#995,8.);
#995 = AXIS2_PLACEMENT_3D('',#996,#997,#998);
#996 = CARTESIAN_POINT('',(-143.,128.,13.1));
#997 = DIRECTION('',(0.,0.,1.));
#998 = DIRECTION('',(1.,0.,0.));
#999 = ORIENTED_EDGE('',*,*,#1000,.T.);
#1000 = EDGE_CURVE('',#992,#1001,#1003,.T.);
#1001 = VERTEX_POINT('',#1002);
#1002 = CARTESIAN_POINT('',(-144.1,109.68204929739,13.1));
#1003 = LINE('',#1004,#1005);
#1004 = CARTESIAN_POINT('',(-144.1,120.07598586573,13.1));
#1005 = VECTOR('',#1006,1.);
#1006 = DIRECTION('',(0.,-1.,0.));
#1007 = ORIENTED_EDGE('',*,*,#1008,.F.);
#1008 = EDGE_CURVE('',#475,#1001,#1009,.T.);
#1009 = LINE('',#1010,#1011);
#1010 = CARTESIAN_POINT('',(-71.7447405139,109.68204929739,13.1));
#1011 = VECTOR('',#1012,1.);
#1012 = DIRECTION('',(-1.,0.,0.));
#1013 = ORIENTED_EDGE('',*,*,#482,.T.);
#1014 = ORIENTED_EDGE('',*,*,#506,.T.);
#1015 = ORIENTED_EDGE('',*,*,#523,.T.);
#1016 = ORIENTED_EDGE('',*,*,#547,.T.);
#1017 = ORIENTED_EDGE('',*,*,#578,.F.);
#1018 = ORIENTED_EDGE('',*,*,#594,.T.);
#1019 = ORIENTED_EDGE('',*,*,#603,.T.);
#1020 = ORIENTED_EDGE('',*,*,#432,.T.);
#1021 = ORIENTED_EDGE('',*,*,#1022,.F.);
#1022 = EDGE_CURVE('',#1023,#433,#1025,.T.);
#1023 = VERTEX_POINT('',#1024);
#1024 = CARTESIAN_POINT('',(-144.1,19.68204929739,13.1));
#1025 = LINE('',#1026,#1027);
#1026 = CARTESIAN_POINT('',(-71.7447405139,19.68204929739,13.1));
#1027 = VECTOR('',#1028,1.);
#1028 = DIRECTION('',(1.,0.,0.));
#1029 = ORIENTED_EDGE('',*,*,#1030,.T.);
#1030 = EDGE_CURVE('',#1023,#1031,#1033,.T.);
#1031 = VERTEX_POINT('',#1032);
#1032 = CARTESIAN_POINT('',(-144.1,-20.07598586573,13.1));
#1033 = LINE('',#1034,#1035);
#1034 = CARTESIAN_POINT('',(-144.1,120.07598586573,13.1));
#1035 = VECTOR('',#1036,1.);
#1036 = DIRECTION('',(0.,-1.,0.));
#1037 = ORIENTED_EDGE('',*,*,#1038,.T.);
#1038 = EDGE_CURVE('',#1031,#1039,#1041,.T.);
#1039 = VERTEX_POINT('',#1040);
#1040 = CARTESIAN_POINT('',(-144.1,-35.92401413426,13.1));
#1041 = CIRCLE('',#1042,8.);
#1042 = AXIS2_PLACEMENT_3D('',#1043,#1044,#1045);
#1043 = CARTESIAN_POINT('',(-143.,-28.,13.1));
#1044 = DIRECTION('',(0.,0.,1.));
#1045 = DIRECTION('',(1.,0.,0.));
#1046 = ORIENTED_EDGE('',*,*,#1047,.T.);
#1047 = EDGE_CURVE('',#1039,#861,#1048,.T.);
#1048 = LINE('',#1049,#1050);
#1049 = CARTESIAN_POINT('',(-144.1,120.07598586573,13.1));
#1050 = VECTOR('',#1051,1.);
#1051 = DIRECTION('',(0.,-1.,0.));
#1052 = FACE_BOUND('',#1053,.T.);
#1053 = EDGE_LOOP('',(#1054));
#1054 = ORIENTED_EDGE('',*,*,#1055,.F.);
#1055 = EDGE_CURVE('',#1056,#1056,#1058,.T.);
#1056 = VERTEX_POINT('',#1057);
#1057 = CARTESIAN_POINT('',(-137.6,-128.,13.1));
#1058 = CIRCLE('',#1059,5.4);
#1059 = AXIS2_PLACEMENT_3D('',#1060,#1061,#1062);
#1060 = CARTESIAN_POINT('',(-143.,-128.,13.1));
#1061 = DIRECTION('',(0.,0.,1.));
#1062 = DIRECTION('',(1.,0.,0.));
#1063 = FACE_BOUND('',#1064,.T.);
#1064 = EDGE_LOOP('',(#1065,#1075,#1083,#1092,#1100));
#1065 = ORIENTED_EDGE('',*,*,#1066,.T.);
#1066 = EDGE_CURVE('',#1067,#1069,#1071,.T.);
#1067 = VERTEX_POINT('',#1068);
#1068 = CARTESIAN_POINT('',(-137.1366474386,-33.4425266872,13.1));
#1069 = VERTEX_POINT('',#1070);
#1070 = CARTESIAN_POINT('',(-73.07945882589,-78.23776347931,13.1));
#1071 = LINE('',#1072,#1073);
#1072 = CARTESIAN_POINT('',(-137.1366474386,-33.4425266872,13.1));
#1073 = VECTOR('',#1074,1.);
#1074 = DIRECTION('',(0.819501061352,-0.573077665281,0.));
#1075 = ORIENTED_EDGE('',*,*,#1076,.T.);
#1076 = EDGE_CURVE('',#1069,#1077,#1079,.T.);
#1077 = VERTEX_POINT('',#1078);
#1078 = CARTESIAN_POINT('',(-138.1746933307,-121.6190584121,13.1));
#1079 = LINE('',#1080,#1081);
#1080 = CARTESIAN_POINT('',(-73.07945882589,-78.23776347931,13.1));
#1081 = VECTOR('',#1082,1.);
#1082 = DIRECTION('',(-0.832141899465,-0.554562763945,0.));
#1083 = ORIENTED_EDGE('',*,*,#1084,.T.);
#1084 = EDGE_CURVE('',#1077,#1085,#1087,.T.);
#1085 = VERTEX_POINT('',#1086);
#1086 = CARTESIAN_POINT('',(-141.9,-120.0759858657,13.1));
#1087 = CIRCLE('',#1088,8.);
#1088 = AXIS2_PLACEMENT_3D('',#1089,#1090,#1091);
#1089 = CARTESIAN_POINT('',(-143.,-128.,13.1));
#1090 = DIRECTION('',(0.,0.,1.));
#1091 = DIRECTION('',(1.,0.,0.));
#1092 = ORIENTED_EDGE('',*,*,#1093,.T.);
#1093 = EDGE_CURVE('',#1085,#1094,#1096,.T.);
#1094 = VERTEX_POINT('',#1095);
#1095 = CARTESIAN_POINT('',(-141.9,-35.92401413426,13.1));
#1096 = LINE('',#1097,#1098);
#1097 = CARTESIAN_POINT('',(-141.9,-120.0759858657,13.1));
#1098 = VECTOR('',#1099,1.);
#1099 = DIRECTION('',(0.,1.,0.));
#1100 = ORIENTED_EDGE('',*,*,#1101,.T.);
#1101 = EDGE_CURVE('',#1094,#1067,#1102,.T.);
#1102 = CIRCLE('',#1103,8.);
#1103 = AXIS2_PLACEMENT_3D('',#1104,#1105,#1106);
#1104 = CARTESIAN_POINT('',(-143.,-28.,13.1));
#1105 = DIRECTION('',(0.,0.,1.));
#1106 = DIRECTION('',(1.,0.,0.));
#1107 = FACE_BOUND('',#1108,.T.);
#1108 = EDGE_LOOP('',(#1109,#1119,#1128,#1136,#1144));
#1109 = ORIENTED_EDGE('',*,*,#1110,.T.);
#1110 = EDGE_CURVE('',#1111,#1113,#1115,.T.);
#1111 = VERTEX_POINT('',#1112);
#1112 = CARTESIAN_POINT('',(-7.924014134263,-126.9,13.1));
#1113 = VERTEX_POINT('',#1114);
#1114 = CARTESIAN_POINT('',(-135.0759858657,-126.9,13.1));
#1115 = LINE('',#1116,#1117);
#1116 = CARTESIAN_POINT('',(135.07598586573,-126.9,13.1));
#1117 = VECTOR('',#1118,1.);
#1118 = DIRECTION('',(-1.,0.,0.));
#1119 = ORIENTED_EDGE('',*,*,#1120,.T.);
#1120 = EDGE_CURVE('',#1113,#1121,#1123,.T.);
#1121 = VERTEX_POINT('',#1122);
#1122 = CARTESIAN_POINT('',(-136.6190584121,-123.1746933307,13.1));
#1123 = CIRCLE('',#1124,8.);
#1124 = AXIS2_PLACEMENT_3D('',#1125,#1126,#1127);
#1125 = CARTESIAN_POINT('',(-143.,-128.,13.1));
#1126 = DIRECTION('',(0.,0.,1.));
#1127 = DIRECTION('',(1.,0.,0.));
#1128 = ORIENTED_EDGE('',*,*,#1129,.T.);
#1129 = EDGE_CURVE('',#1121,#1130,#1132,.T.);
#1130 = VERTEX_POINT('',#1131);
#1131 = CARTESIAN_POINT('',(-71.18131203772,-79.56513885566,13.1));
#1132 = LINE('',#1133,#1134);
#1133 = CARTESIAN_POINT('',(-136.6190584121,-123.1746933307,13.1));
#1134 = VECTOR('',#1135,1.);
#1135 = DIRECTION('',(0.832141899465,0.554562763945,0.));
#1136 = ORIENTED_EDGE('',*,*,#1137,.T.);
#1137 = EDGE_CURVE('',#1130,#1138,#1140,.T.);
#1138 = VERTEX_POINT('',#1139);
#1139 = CARTESIAN_POINT('',(-7.124123425002,-124.3603756477,13.1));
#1140 = LINE('',#1141,#1142);
#1141 = CARTESIAN_POINT('',(-137.1366474386,-33.4425266872,13.1));
#1142 = VECTOR('',#1143,1.);
#1143 = DIRECTION('',(0.819501061352,-0.573077665281,0.));
#1144 = ORIENTED_EDGE('',*,*,#1145,.T.);
#1145 = EDGE_CURVE('',#1138,#1111,#1146,.T.);
#1146 = CIRCLE('',#1147,8.);
#1147 = AXIS2_PLACEMENT_3D('',#1148,#1149,#1150);
#1148 = CARTESIAN_POINT('',(2.5E-15,-128.,13.1));
#1149 = DIRECTION('',(0.,0.,1.));
#1150 = DIRECTION('',(1.,0.,0.));
#1151 = FACE_BOUND('',#1152,.T.);
#1152 = EDGE_LOOP('',(#1153,#1163,#1172,#1180,#1188));
#1153 = ORIENTED_EDGE('',*,*,#1154,.T.);
#1154 = EDGE_CURVE('',#1155,#1157,#1159,.T.);
#1155 = VERTEX_POINT('',#1156);
#1156 = CARTESIAN_POINT('',(135.07598586573,-126.9,13.1));
#1157 = VERTEX_POINT('',#1158);
#1158 = CARTESIAN_POINT('',(7.924014134263,-126.9,13.1));
#1159 = LINE('',#1160,#1161);
#1160 = CARTESIAN_POINT('',(135.07598586573,-126.9,13.1));
#1161 = VECTOR('',#1162,1.);
#1162 = DIRECTION('',(-1.,0.,0.));
#1163 = ORIENTED_EDGE('',*,*,#1164,.T.);
#1164 = EDGE_CURVE('',#1157,#1165,#1167,.T.);
#1165 = VERTEX_POINT('',#1166);
#1166 = CARTESIAN_POINT('',(6.637864599904,-123.5347168563,13.1));
#1167 = CIRCLE('',#1168,8.);
#1168 = AXIS2_PLACEMENT_3D('',#1169,#1170,#1171);
#1169 = CARTESIAN_POINT('',(2.5E-15,-128.,13.1));
#1170 = DIRECTION('',(0.,0.,1.));
#1171 = DIRECTION('',(1.,0.,0.));
#1172 = ORIENTED_EDGE('',*,*,#1173,.F.);
#1173 = EDGE_CURVE('',#1174,#1165,#1176,.T.);
#1174 = VERTEX_POINT('',#1175);
#1175 = CARTESIAN_POINT('',(79.304980107822,-58.49002605201,13.1));
#1176 = LINE('',#1177,#1178);
#1177 = CARTESIAN_POINT('',(137.8294191371,-6.104514193636,13.1));
#1178 = VECTOR('',#1179,1.);
#1179 = DIRECTION('',(-0.745105022702,-0.666947153187,0.));
#1180 = ORIENTED_EDGE('',*,*,#1181,.F.);
#1181 = EDGE_CURVE('',#1182,#1174,#1184,.T.);
#1182 = VERTEX_POINT('',#1183);
#1183 = CARTESIAN_POINT('',(136.89548580636,-122.8294191371,13.1));
#1184 = LINE('',#1185,#1186);
#1185 = CARTESIAN_POINT('',(136.89548580636,-122.8294191371,13.1));
#1186 = VECTOR('',#1187,1.);
#1187 = DIRECTION('',(-0.666947153187,0.745105022702,0.));
#1188 = ORIENTED_EDGE('',*,*,#1189,.T.);
#1189 = EDGE_CURVE('',#1182,#1155,#1190,.T.);
#1190 = CIRCLE('',#1191,8.);
#1191 = AXIS2_PLACEMENT_3D('',#1192,#1193,#1194);
#1192 = CARTESIAN_POINT('',(143.,-128.,13.1));
#1193 = DIRECTION('',(0.,0.,1.));
#1194 = DIRECTION('',(1.,0.,0.));
#1195 = FACE_BOUND('',#1196,.T.);
#1196 = EDGE_LOOP('',(#1197));
#1197 = ORIENTED_EDGE('',*,*,#1198,.F.);
#1198 = EDGE_CURVE('',#1199,#1199,#1201,.T.);
#1199 = VERTEX_POINT('',#1200);
#1200 = CARTESIAN_POINT('',(148.4,-128.,13.1));
#1201 = CIRCLE('',#1202,5.4);
#1202 = AXIS2_PLACEMENT_3D('',#1203,#1204,#1205);
#1203 = CARTESIAN_POINT('',(143.,-128.,13.1));
#1204 = DIRECTION('',(0.,0.,1.));
#1205 = DIRECTION('',(1.,0.,0.));
#1206 = FACE_BOUND('',#1207,.T.);
#1207 = EDGE_LOOP('',(#1208,#1218,#1227,#1235,#1243,#1252,#1260));
#1208 = ORIENTED_EDGE('',*,*,#1209,.F.);
#1209 = EDGE_CURVE('',#1210,#1212,#1214,.T.);
#1210 = VERTEX_POINT('',#1211);
#1211 = CARTESIAN_POINT('',(5.170580862892,-121.8954858063,13.1));
#1212 = VERTEX_POINT('',#1213);
#1213 = CARTESIAN_POINT('',(136.36213540009,-4.465283143692,13.1));
#1214 = LINE('',#1215,#1216);
#1215 = CARTESIAN_POINT('',(5.170580862892,-121.8954858063,13.1));
#1216 = VECTOR('',#1217,1.);
#1217 = DIRECTION('',(0.745105022702,0.666947153187,0.));
#1218 = ORIENTED_EDGE('',*,*,#1219,.T.);
#1219 = EDGE_CURVE('',#1210,#1220,#1222,.T.);
#1220 = VERTEX_POINT('',#1221);
#1221 = CARTESIAN_POINT('',(-5.863352561384,-122.5574733127,13.1));
#1222 = CIRCLE('',#1223,8.);
#1223 = AXIS2_PLACEMENT_3D('',#1224,#1225,#1226);
#1224 = CARTESIAN_POINT('',(2.5E-15,-128.,13.1));
#1225 = DIRECTION('',(0.,0.,1.));
#1226 = DIRECTION('',(1.,0.,0.));
#1227 = ORIENTED_EDGE('',*,*,#1228,.F.);
#1228 = EDGE_CURVE('',#1229,#1220,#1231,.T.);
#1229 = VERTEX_POINT('',#1230);
#1230 = CARTESIAN_POINT('',(-97.67712607595,-58.35203728862,13.1));
#1231 = LINE('',#1232,#1233);
#1232 = CARTESIAN_POINT('',(-135.8758765749,-31.63962435222,13.1));
#1233 = VECTOR('',#1234,1.);
#1234 = DIRECTION('',(0.819501061352,-0.573077665281,0.));
#1235 = ORIENTED_EDGE('',*,*,#1236,.T.);
#1236 = EDGE_CURVE('',#1229,#1237,#1239,.T.);
#1237 = VERTEX_POINT('',#1238);
#1238 = CARTESIAN_POINT('',(-2.743742910348,120.48522290138,13.1));
#1239 = LINE('',#1240,#1241);
#1240 = CARTESIAN_POINT('',(-97.67712607595,-58.35203728862,13.1));
#1241 = VECTOR('',#1242,1.);
#1242 = DIRECTION('',(0.46887050642,0.883266917874,0.));
#1243 = ORIENTED_EDGE('',*,*,#1244,.T.);
#1244 = EDGE_CURVE('',#1237,#1245,#1247,.T.);
#1245 = VERTEX_POINT('',#1246);
#1246 = CARTESIAN_POINT('',(5.170580862892,121.89548580636,13.1));
#1247 = CIRCLE('',#1248,8.);
#1248 = AXIS2_PLACEMENT_3D('',#1249,#1250,#1251);
#1249 = CARTESIAN_POINT('',(-1.106E-14,128.,13.1));
#1250 = DIRECTION('',(0.,0.,1.));
#1251 = DIRECTION('',(1.,0.,0.));
#1252 = ORIENTED_EDGE('',*,*,#1253,.T.);
#1253 = EDGE_CURVE('',#1245,#1254,#1256,.T.);
#1254 = VERTEX_POINT('',#1255);
#1255 = CARTESIAN_POINT('',(136.36213540009,4.465283143692,13.1));
#1256 = LINE('',#1257,#1258);
#1257 = CARTESIAN_POINT('',(5.170580862892,121.89548580636,13.1));
#1258 = VECTOR('',#1259,1.);
#1259 = DIRECTION('',(0.745105022702,-0.666947153187,0.));
#1260 = ORIENTED_EDGE('',*,*,#1261,.T.);
#1261 = EDGE_CURVE('',#1254,#1212,#1262,.T.);
#1262 = CIRCLE('',#1263,8.);
#1263 = AXIS2_PLACEMENT_3D('',#1264,#1265,#1266);
#1264 = CARTESIAN_POINT('',(143.,9.6E-16,13.1));
#1265 = DIRECTION('',(0.,0.,1.));
#1266 = DIRECTION('',(1.,0.,0.));
#1267 = FACE_BOUND('',#1268,.T.);
#1268 = EDGE_LOOP('',(#1269,#1280,#1288,#1296,#1305));
#1269 = ORIENTED_EDGE('',*,*,#1270,.T.);
#1270 = EDGE_CURVE('',#1271,#1273,#1275,.T.);
#1271 = VERTEX_POINT('',#1272);
#1272 = CARTESIAN_POINT('',(141.9,-120.0759858657,13.1));
#1273 = VERTEX_POINT('',#1274);
#1274 = CARTESIAN_POINT('',(138.5347168563,-121.3621354,13.1));
#1275 = CIRCLE('',#1276,8.);
#1276 = AXIS2_PLACEMENT_3D('',#1277,#1278,#1279);
#1277 = CARTESIAN_POINT('',(143.,-128.,13.1));
#1278 = DIRECTION('',(0.,0.,1.));
#1279 = DIRECTION('',(1.,0.,0.));
#1280 = ORIENTED_EDGE('',*,*,#1281,.F.);
#1281 = EDGE_CURVE('',#1282,#1273,#1284,.T.);
#1282 = VERTEX_POINT('',#1283);
#1283 = CARTESIAN_POINT('',(80.944211157765,-57.022742315,13.1));
#1284 = LINE('',#1285,#1286);
#1285 = CARTESIAN_POINT('',(80.944211157765,-57.022742315,13.1));
#1286 = VECTOR('',#1287,1.);
#1287 = DIRECTION('',(0.666947153187,-0.745105022702,0.));
#1288 = ORIENTED_EDGE('',*,*,#1289,.F.);
#1289 = EDGE_CURVE('',#1290,#1282,#1292,.T.);
#1290 = VERTEX_POINT('',#1291);
#1291 = CARTESIAN_POINT('',(137.8294191371,-6.104514193636,13.1));
#1292 = LINE('',#1293,#1294);
#1293 = CARTESIAN_POINT('',(137.8294191371,-6.104514193636,13.1));
#1294 = VECTOR('',#1295,1.);
#1295 = DIRECTION('',(-0.745105022702,-0.666947153187,0.));
#1296 = ORIENTED_EDGE('',*,*,#1297,.T.);
#1297 = EDGE_CURVE('',#1290,#1298,#1300,.T.);
#1298 = VERTEX_POINT('',#1299);
#1299 = CARTESIAN_POINT('',(141.9,-7.924014134263,13.1));
#1300 = CIRCLE('',#1301,8.);
#1301 = AXIS2_PLACEMENT_3D('',#1302,#1303,#1304);
#1302 = CARTESIAN_POINT('',(143.,9.6E-16,13.1));
#1303 = DIRECTION('',(0.,0.,1.));
#1304 = DIRECTION('',(1.,0.,0.));
#1305 = ORIENTED_EDGE('',*,*,#1306,.T.);
#1306 = EDGE_CURVE('',#1298,#1271,#1307,.T.);
#1307 = LINE('',#1308,#1309);
#1308 = CARTESIAN_POINT('',(141.9,120.07598586573,13.1));
#1309 = VECTOR('',#1310,1.);
#1310 = DIRECTION('',(0.,-1.,0.));
#1311 = FACE_BOUND('',#1312,.T.);
#1312 = EDGE_LOOP('',(#1313));
#1313 = ORIENTED_EDGE('',*,*,#1314,.F.);
#1314 = EDGE_CURVE('',#1315,#1315,#1317,.T.);
#1315 = VERTEX_POINT('',#1316);
#1316 = CARTESIAN_POINT('',(-137.6,128.,13.1));
#1317 = CIRCLE('',#1318,5.4);
#1318 = AXIS2_PLACEMENT_3D('',#1319,#1320,#1321);
#1319 = CARTESIAN_POINT('',(-143.,128.,13.1));
#1320 = DIRECTION('',(0.,0.,1.));
#1321 = DIRECTION('',(1.,0.,0.));
#1322 = FACE_BOUND('',#1323,.T.);
#1323 = EDGE_LOOP('',(#1324,#1335,#1343,#1351));
#1324 = ORIENTED_EDGE('',*,*,#1325,.T.);
#1325 = EDGE_CURVE('',#1326,#1328,#1330,.T.);
#1326 = VERTEX_POINT('',#1327);
#1327 = CARTESIAN_POINT('',(-7.924014134263,126.9,13.1));
#1328 = VERTEX_POINT('',#1329);
#1329 = CARTESIAN_POINT('',(-4.686930129669,121.5167380155,13.1));
#1330 = CIRCLE('',#1331,8.);
#1331 = AXIS2_PLACEMENT_3D('',#1332,#1333,#1334);
#1332 = CARTESIAN_POINT('',(-1.106E-14,128.,13.1));
#1333 = DIRECTION('',(0.,0.,1.));
#1334 = DIRECTION('',(1.,0.,0.));
#1335 = ORIENTED_EDGE('',*,*,#1336,.T.);
#1336 = EDGE_CURVE('',#1328,#1337,#1339,.T.);
#1337 = VERTEX_POINT('',#1338);
#1338 = CARTESIAN_POINT('',(-29.82009595828,74.170416133677,13.1));
#1339 = LINE('',#1340,#1341);
#1340 = CARTESIAN_POINT('',(-4.686930129669,121.5167380155,13.1));
#1341 = VECTOR('',#1342,1.);
#1342 = DIRECTION('',(-0.46887050642,-0.883266917874,0.));
#1343 = ORIENTED_EDGE('',*,*,#1344,.T.);
#1344 = EDGE_CURVE('',#1337,#1345,#1347,.T.);
#1345 = VERTEX_POINT('',#1346);
#1346 = CARTESIAN_POINT('',(-130.3401135548,126.9,13.1));
#1347 = LINE('',#1348,#1349);
#1348 = CARTESIAN_POINT('',(-29.82009595828,74.170416133677,13.1));
#1349 = VECTOR('',#1350,1.);
#1350 = DIRECTION('',(-0.885555302152,0.464533967359,0.));
#1351 = ORIENTED_EDGE('',*,*,#1352,.T.);
#1352 = EDGE_CURVE('',#1345,#1326,#1353,.T.);
#1353 = LINE('',#1354,#1355);
#1354 = CARTESIAN_POINT('',(-135.0759858657,126.9,13.1));
#1355 = VECTOR('',#1356,1.);
#1356 = DIRECTION('',(1.,0.,0.));
#1357 = FACE_BOUND('',#1358,.T.);
#1358 = EDGE_LOOP('',(#1359,#1370,#1378,#1386,#1395));
#1359 = ORIENTED_EDGE('',*,*,#1360,.T.);
#1360 = EDGE_CURVE('',#1361,#1363,#1365,.T.);
#1361 = VERTEX_POINT('',#1362);
#1362 = CARTESIAN_POINT('',(141.9,7.924014134263,13.1));
#1363 = VERTEX_POINT('',#1364);
#1364 = CARTESIAN_POINT('',(137.8294191371,6.104514193636,13.1));
#1365 = CIRCLE('',#1366,8.);
#1366 = AXIS2_PLACEMENT_3D('',#1367,#1368,#1369);
#1367 = CARTESIAN_POINT('',(143.,9.6E-16,13.1));
#1368 = DIRECTION('',(0.,0.,1.));
#1369 = DIRECTION('',(1.,0.,0.));
#1370 = ORIENTED_EDGE('',*,*,#1371,.F.);
#1371 = EDGE_CURVE('',#1372,#1363,#1374,.T.);
#1372 = VERTEX_POINT('',#1373);
#1373 = CARTESIAN_POINT('',(80.944211157765,57.022742315005,13.1));
#1374 = LINE('',#1375,#1376);
#1375 = CARTESIAN_POINT('',(6.637864599904,123.5347168563,13.1));
#1376 = VECTOR('',#1377,1.);
#1377 = DIRECTION('',(0.745105022702,-0.666947153187,0.));
#1378 = ORIENTED_EDGE('',*,*,#1379,.T.);
#1379 = EDGE_CURVE('',#1372,#1380,#1382,.T.);
#1380 = VERTEX_POINT('',#1381);
#1381 = CARTESIAN_POINT('',(138.5347168563,121.36213540009,13.1));
#1382 = LINE('',#1383,#1384);
#1383 = CARTESIAN_POINT('',(80.944211157765,57.022742315005,13.1));
#1384 = VECTOR('',#1385,1.);
#1385 = DIRECTION('',(0.666947153187,0.745105022702,0.));
#1386 = ORIENTED_EDGE('',*,*,#1387,.T.);
#1387 = EDGE_CURVE('',#1380,#1388,#1390,.T.);
#1388 = VERTEX_POINT('',#1389);
#1389 = CARTESIAN_POINT('',(141.9,120.07598586573,13.1));
#1390 = CIRCLE('',#1391,8.);
#1391 = AXIS2_PLACEMENT_3D('',#1392,#1393,#1394);
#1392 = CARTESIAN_POINT('',(143.,128.,13.1));
#1393 = DIRECTION('',(0.,0.,1.));
#1394 = DIRECTION('',(1.,0.,0.));
#1395 = ORIENTED_EDGE('',*,*,#1396,.T.);
#1396 = EDGE_CURVE('',#1388,#1361,#1397,.T.);
#1397 = LINE('',#1398,#1399);
#1398 = CARTESIAN_POINT('',(141.9,120.07598586573,13.1));
#1399 = VECTOR('',#1400,1.);
#1400 = DIRECTION('',(0.,-1.,0.));
#1401 = FACE_BOUND('',#1402,.T.);
#1402 = EDGE_LOOP('',(#1403,#1414,#1422,#1430,#1439));
#1403 = ORIENTED_EDGE('',*,*,#1404,.T.);
#1404 = EDGE_CURVE('',#1405,#1407,#1409,.T.);
#1405 = VERTEX_POINT('',#1406);
#1406 = CARTESIAN_POINT('',(135.07598586573,126.9,13.1));
#1407 = VERTEX_POINT('',#1408);
#1408 = CARTESIAN_POINT('',(136.89548580636,122.8294191371,13.1));
#1409 = CIRCLE('',#1410,8.);
#1410 = AXIS2_PLACEMENT_3D('',#1411,#1412,#1413);
#1411 = CARTESIAN_POINT('',(143.,128.,13.1));
#1412 = DIRECTION('',(0.,0.,1.));
#1413 = DIRECTION('',(1.,0.,0.));
#1414 = ORIENTED_EDGE('',*,*,#1415,.T.);
#1415 = EDGE_CURVE('',#1407,#1416,#1418,.T.);
#1416 = VERTEX_POINT('',#1417);
#1417 = CARTESIAN_POINT('',(79.304980107822,58.490026052018,13.1));
#1418 = LINE('',#1419,#1420);
#1419 = CARTESIAN_POINT('',(136.89548580636,122.8294191371,13.1));
#1420 = VECTOR('',#1421,1.);
#1421 = DIRECTION('',(-0.666947153187,-0.745105022702,0.));
#1422 = ORIENTED_EDGE('',*,*,#1423,.F.);
#1423 = EDGE_CURVE('',#1424,#1416,#1426,.T.);
#1424 = VERTEX_POINT('',#1425);
#1425 = CARTESIAN_POINT('',(6.637864599904,123.5347168563,13.1));
#1426 = LINE('',#1427,#1428);
#1427 = CARTESIAN_POINT('',(6.637864599904,123.5347168563,13.1));
#1428 = VECTOR('',#1429,1.);
#1429 = DIRECTION('',(0.745105022702,-0.666947153187,0.));
#1430 = ORIENTED_EDGE('',*,*,#1431,.T.);
#1431 = EDGE_CURVE('',#1424,#1432,#1434,.T.);
#1432 = VERTEX_POINT('',#1433);
#1433 = CARTESIAN_POINT('',(7.924014134263,126.9,13.1));
#1434 = CIRCLE('',#1435,8.);
#1435 = AXIS2_PLACEMENT_3D('',#1436,#1437,#1438);
#1436 = CARTESIAN_POINT('',(-1.106E-14,128.,13.1));
#1437 = DIRECTION('',(0.,0.,1.));
#1438 = DIRECTION('',(1.,0.,0.));
#1439 = ORIENTED_EDGE('',*,*,#1440,.T.);
#1440 = EDGE_CURVE('',#1432,#1405,#1441,.T.);
#1441 = LINE('',#1442,#1443);
#1442 = CARTESIAN_POINT('',(-135.0759858657,126.9,13.1));
#1443 = VECTOR('',#1444,1.);
#1444 = DIRECTION('',(1.,0.,0.));
#1445 = FACE_BOUND('',#1446,.T.);
#1446 = EDGE_LOOP('',(#1447));
#1447 = ORIENTED_EDGE('',*,*,#1448,.F.);
#1448 = EDGE_CURVE('',#1449,#1449,#1451,.T.);
#1449 = VERTEX_POINT('',#1450);
#1450 = CARTESIAN_POINT('',(148.4,128.,13.1));
#1451 = CIRCLE('',#1452,5.4);
#1452 = AXIS2_PLACEMENT_3D('',#1453,#1454,#1455);
#1453 = CARTESIAN_POINT('',(143.,128.,13.1));
#1454 = DIRECTION('',(0.,0.,1.));
#1455 = DIRECTION('',(1.,0.,0.));
#1456 = PLANE('',#1457);
#1457 = AXIS2_PLACEMENT_3D('',#1458,#1459,#1460);
#1458 = CARTESIAN_POINT('',(0.610518972196,-0.147548687998,13.1));
#1459 = DIRECTION('',(0.,0.,1.));
#1460 = DIRECTION('',(1.,0.,0.));
#1461 = ADVANCED_FACE('',(#1462),#1480,.F.);
#1462 = FACE_BOUND('',#1463,.F.);
#1463 = EDGE_LOOP('',(#1464,#1472,#1473,#1474));
#1464 = ORIENTED_EDGE('',*,*,#1465,.F.);
#1465 = EDGE_CURVE('',#1001,#1466,#1468,.T.);
#1466 = VERTEX_POINT('',#1467);
#1467 = CARTESIAN_POINT('',(-144.1,109.68204929739,7.));
#1468 = LINE('',#1469,#1470);
#1469 = CARTESIAN_POINT('',(-144.1,109.68204929739,14.41201));
#1470 = VECTOR('',#1471,1.);
#1471 = DIRECTION('',(0.,0.,-1.));
#1472 = ORIENTED_EDGE('',*,*,#1008,.F.);
#1473 = ORIENTED_EDGE('',*,*,#474,.T.);
#1474 = ORIENTED_EDGE('',*,*,#1475,.F.);
#1475 = EDGE_CURVE('',#1466,#466,#1476,.T.);
#1476 = LINE('',#1477,#1478);
#1477 = CARTESIAN_POINT('',(-144.1,109.68204929739,7.));
#1478 = VECTOR('',#1479,1.);
#1479 = DIRECTION('',(1.,0.,0.));
#1480 = PLANE('',#1481);
#1481 = AXIS2_PLACEMENT_3D('',#1482,#1483,#1484);
#1482 = CARTESIAN_POINT('',(-144.1,109.68204929739,14.41201));
#1483 = DIRECTION('',(0.,1.,0.));
#1484 = DIRECTION('',(0.,0.,-1.));
#1485 = ADVANCED_FACE('',(#1486),#1505,.F.);
#1486 = FACE_BOUND('',#1487,.F.);
#1487 = EDGE_LOOP('',(#1488,#1497,#1498,#1499));
#1488 = ORIENTED_EDGE('',*,*,#1489,.F.);
#1489 = EDGE_CURVE('',#1466,#1490,#1492,.T.);
#1490 = VERTEX_POINT('',#1491);
#1491 = CARTESIAN_POINT('',(-144.1,108.68204929739,6.));
#1492 = CIRCLE('',#1493,1.);
#1493 = AXIS2_PLACEMENT_3D('',#1494,#1495,#1496);
#1494 = CARTESIAN_POINT('',(-144.1,108.68204929739,7.));
#1495 = DIRECTION('',(-1.,0.,0.));
#1496 = DIRECTION('',(0.,-1.,0.));
#1497 = ORIENTED_EDGE('',*,*,#1475,.T.);
#1498 = ORIENTED_EDGE('',*,*,#465,.T.);
#1499 = ORIENTED_EDGE('',*,*,#1500,.F.);
#1500 = EDGE_CURVE('',#1490,#458,#1501,.T.);
#1501 = LINE('',#1502,#1503);
#1502 = CARTESIAN_POINT('',(-144.1,108.68204929739,6.));
#1503 = VECTOR('',#1504,1.);
#1504 = DIRECTION('',(1.,0.,0.));
#1505 = CYLINDRICAL_SURFACE('',#1506,1.);
#1506 = AXIS2_PLACEMENT_3D('',#1507,#1508,#1509);
#1507 = CARTESIAN_POINT('',(-144.1,108.68204929739,7.));
#1508 = DIRECTION('',(-1.,0.,0.));
#1509 = DIRECTION('',(0.,-1.,0.));
#1510 = ADVANCED_FACE('',(#1511),#1529,.F.);
#1511 = FACE_BOUND('',#1512,.F.);
#1512 = EDGE_LOOP('',(#1513,#1521,#1522,#1523));
#1513 = ORIENTED_EDGE('',*,*,#1514,.F.);
#1514 = EDGE_CURVE('',#1490,#1515,#1517,.T.);
#1515 = VERTEX_POINT('',#1516);
#1516 = CARTESIAN_POINT('',(-144.1,20.68204929739,6.));
#1517 = LINE('',#1518,#1519);
#1518 = CARTESIAN_POINT('',(-144.1,108.68204929739,6.));
#1519 = VECTOR('',#1520,1.);
#1520 = DIRECTION('',(0.,-1.,0.));
#1521 = ORIENTED_EDGE('',*,*,#1500,.T.);
#1522 = ORIENTED_EDGE('',*,*,#457,.T.);
#1523 = ORIENTED_EDGE('',*,*,#1524,.F.);
#1524 = EDGE_CURVE('',#1515,#449,#1525,.T.);
#1525 = LINE('',#1526,#1527);
#1526 = CARTESIAN_POINT('',(-144.1,20.68204929739,6.));
#1527 = VECTOR('',#1528,1.);
#1528 = DIRECTION('',(1.,0.,0.));
#1529 = PLANE('',#1530);
#1530 = AXIS2_PLACEMENT_3D('',#1531,#1532,#1533);
#1531 = CARTESIAN_POINT('',(-144.1,108.68204929739,6.));
#1532 = DIRECTION('',(0.,0.,-1.));
#1533 = DIRECTION('',(0.,-1.,0.));
#1534 = ADVANCED_FACE('',(#1535),#1554,.F.);
#1535 = FACE_BOUND('',#1536,.F.);
#1536 = EDGE_LOOP('',(#1537,#1546,#1547,#1548));
#1537 = ORIENTED_EDGE('',*,*,#1538,.F.);
#1538 = EDGE_CURVE('',#1515,#1539,#1541,.T.);
#1539 = VERTEX_POINT('',#1540);
#1540 = CARTESIAN_POINT('',(-144.1,19.68204929739,7.));
#1541 = CIRCLE('',#1542,1.);
#1542 = AXIS2_PLACEMENT_3D('',#1543,#1544,#1545);
#1543 = CARTESIAN_POINT('',(-144.1,20.68204929739,7.));
#1544 = DIRECTION('',(-1.,0.,0.));
#1545 = DIRECTION('',(0.,-1.,0.));
#1546 = ORIENTED_EDGE('',*,*,#1524,.T.);
#1547 = ORIENTED_EDGE('',*,*,#448,.T.);
#1548 = ORIENTED_EDGE('',*,*,#1549,.F.);
#1549 = EDGE_CURVE('',#1539,#441,#1550,.T.);
#1550 = LINE('',#1551,#1552);
#1551 = CARTESIAN_POINT('',(-144.1,19.68204929739,7.));
#1552 = VECTOR('',#1553,1.);
#1553 = DIRECTION('',(1.,0.,0.));
#1554 = CYLINDRICAL_SURFACE('',#1555,1.);
#1555 = AXIS2_PLACEMENT_3D('',#1556,#1557,#1558);
#1556 = CARTESIAN_POINT('',(-144.1,20.68204929739,7.));
#1557 = DIRECTION('',(-1.,0.,0.));
#1558 = DIRECTION('',(0.,-1.,0.));
#1559 = ADVANCED_FACE('',(#1560),#1571,.F.);
#1560 = FACE_BOUND('',#1561,.F.);
#1561 = EDGE_LOOP('',(#1562,#1568,#1569,#1570));
#1562 = ORIENTED_EDGE('',*,*,#1563,.F.);
#1563 = EDGE_CURVE('',#1539,#1023,#1564,.T.);
#1564 = LINE('',#1565,#1566);
#1565 = CARTESIAN_POINT('',(-144.1,19.68204929739,7.));
#1566 = VECTOR('',#1567,1.);
#1567 = DIRECTION('',(0.,0.,1.));
#1568 = ORIENTED_EDGE('',*,*,#1549,.T.);
#1569 = ORIENTED_EDGE('',*,*,#440,.T.);
#1570 = ORIENTED_EDGE('',*,*,#1022,.F.);
#1571 = PLANE('',#1572);
#1572 = AXIS2_PLACEMENT_3D('',#1573,#1574,#1575);
#1573 = CARTESIAN_POINT('',(-144.1,19.68204929739,7.));
#1574 = DIRECTION('',(0.,-1.,0.));
#1575 = DIRECTION('',(0.,0.,1.));
#1576 = ADVANCED_FACE('',(#1577,#1582),#1593,.T.);
#1577 = FACE_BOUND('',#1578,.T.);
#1578 = EDGE_LOOP('',(#1579,#1580,#1581));
#1579 = ORIENTED_EDGE('',*,*,#677,.T.);
#1580 = ORIENTED_EDGE('',*,*,#646,.F.);
#1581 = ORIENTED_EDGE('',*,*,#727,.F.);
#1582 = FACE_BOUND('',#1583,.F.);
#1583 = EDGE_LOOP('',(#1584));
#1584 = ORIENTED_EDGE('',*,*,#1585,.T.);
#1585 = EDGE_CURVE('',#1586,#1586,#1588,.T.);
#1586 = VERTEX_POINT('',#1587);
#1587 = CARTESIAN_POINT('',(-117.8,28.,6.));
#1588 = CIRCLE('',#1589,1.6);
#1589 = AXIS2_PLACEMENT_3D('',#1590,#1591,#1592);
#1590 = CARTESIAN_POINT('',(-119.4,28.,6.));
#1591 = DIRECTION('',(0.,0.,1.));
#1592 = DIRECTION('',(1.,0.,0.));
#1593 = PLANE('',#1594);
#1594 = AXIS2_PLACEMENT_3D('',#1595,#1596,#1597);
#1595 = CARTESIAN_POINT('',(-127.2086163956,70.35962457915,6.));
#1596 = DIRECTION('',(0.,0.,1.));
#1597 = DIRECTION('',(1.,0.,0.));
#1598 = ADVANCED_FACE('',(#1599),#1607,.T.);
#1599 = FACE_BOUND('',#1600,.T.);
#1600 = EDGE_LOOP('',(#1601,#1602,#1603,#1604,#1605,#1606));
#1601 = ORIENTED_EDGE('',*,*,#695,.T.);
#1602 = ORIENTED_EDGE('',*,*,#750,.T.);
#1603 = ORIENTED_EDGE('',*,*,#799,.T.);
#1604 = ORIENTED_EDGE('',*,*,#782,.T.);
#1605 = ORIENTED_EDGE('',*,*,#734,.T.);
#1606 = ORIENTED_EDGE('',*,*,#630,.T.);
#1607 = PLANE('',#1608);
#1608 = AXIS2_PLACEMENT_3D('',#1609,#1610,#1611);
#1609 = CARTESIAN_POINT('',(-127.2086163956,70.35962457915,9.6));
#1610 = DIRECTION('',(0.,0.,1.));
#1611 = DIRECTION('',(1.,0.,0.));
#1612 = ADVANCED_FACE('',(#1613),#1639,.T.);
#1613 = FACE_BOUND('',#1614,.F.);
#1614 = EDGE_LOOP('',(#1615,#1623,#1632,#1638));
#1615 = ORIENTED_EDGE('',*,*,#1616,.F.);
#1616 = EDGE_CURVE('',#1617,#863,#1619,.T.);
#1617 = VERTEX_POINT('',#1618);
#1618 = CARTESIAN_POINT('',(-135.0759858657,-129.1,2.));
#1619 = LINE('',#1620,#1621);
#1620 = CARTESIAN_POINT('',(-135.0759858657,-129.1,0.));
#1621 = VECTOR('',#1622,1.);
#1622 = DIRECTION('',(0.,0.,1.));
#1623 = ORIENTED_EDGE('',*,*,#1624,.T.);
#1624 = EDGE_CURVE('',#1617,#1625,#1627,.T.);
#1625 = VERTEX_POINT('',#1626);
#1626 = CARTESIAN_POINT('',(-144.1,-120.0759858657,2.));
#1627 = CIRCLE('',#1628,8.);
#1628 = AXIS2_PLACEMENT_3D('',#1629,#1630,#1631);
#1629 = CARTESIAN_POINT('',(-143.,-128.,2.));
#1630 = DIRECTION('',(0.,0.,-1.));
#1631 = DIRECTION('',(1.,0.,0.));
#1632 = ORIENTED_EDGE('',*,*,#1633,.T.);
#1633 = EDGE_CURVE('',#1625,#861,#1634,.T.);
#1634 = LINE('',#1635,#1636);
#1635 = CARTESIAN_POINT('',(-144.1,-120.0759858657,0.));
#1636 = VECTOR('',#1637,1.);
#1637 = DIRECTION('',(0.,0.,1.));
#1638 = ORIENTED_EDGE('',*,*,#860,.T.);
#1639 = CYLINDRICAL_SURFACE('',#1640,8.);
#1640 = AXIS2_PLACEMENT_3D('',#1641,#1642,#1643);
#1641 = CARTESIAN_POINT('',(-143.,-128.,0.));
#1642 = DIRECTION('',(-0.,-0.,-1.));
#1643 = DIRECTION('',(1.,0.,0.));
#1644 = ADVANCED_FACE('',(#1645),#1663,.F.);
#1645 = FACE_BOUND('',#1646,.F.);
#1646 = EDGE_LOOP('',(#1647,#1648,#1656,#1662));
#1647 = ORIENTED_EDGE('',*,*,#1633,.F.);
#1648 = ORIENTED_EDGE('',*,*,#1649,.T.);
#1649 = EDGE_CURVE('',#1625,#1650,#1652,.T.);
#1650 = VERTEX_POINT('',#1651);
#1651 = CARTESIAN_POINT('',(-144.1,-35.92401413426,2.));
#1652 = LINE('',#1653,#1654);
#1653 = CARTESIAN_POINT('',(-144.1,60.037992932869,2.));
#1654 = VECTOR('',#1655,1.);
#1655 = DIRECTION('',(0.,1.,0.));
#1656 = ORIENTED_EDGE('',*,*,#1657,.F.);
#1657 = EDGE_CURVE('',#1039,#1650,#1658,.T.);
#1658 = LINE('',#1659,#1660);
#1659 = CARTESIAN_POINT('',(-144.1,-35.92401413426,0.));
#1660 = VECTOR('',#1661,1.);
#1661 = DIRECTION('',(-0.,-0.,-1.));
#1662 = ORIENTED_EDGE('',*,*,#1047,.T.);
#1663 = PLANE('',#1664);
#1664 = AXIS2_PLACEMENT_3D('',#1665,#1666,#1667);
#1665 = CARTESIAN_POINT('',(-144.1,120.07598586573,0.));
#1666 = DIRECTION('',(1.,0.,0.));
#1667 = DIRECTION('',(0.,-1.,0.));
#1668 = ADVANCED_FACE('',(#1669),#1688,.T.);
#1669 = FACE_BOUND('',#1670,.F.);
#1670 = EDGE_LOOP('',(#1671,#1680,#1686,#1687));
#1671 = ORIENTED_EDGE('',*,*,#1672,.T.);
#1672 = EDGE_CURVE('',#1650,#1673,#1675,.T.);
#1673 = VERTEX_POINT('',#1674);
#1674 = CARTESIAN_POINT('',(-144.1,-20.07598586573,2.));
#1675 = CIRCLE('',#1676,8.);
#1676 = AXIS2_PLACEMENT_3D('',#1677,#1678,#1679);
#1677 = CARTESIAN_POINT('',(-143.,-28.,2.));
#1678 = DIRECTION('',(0.,0.,-1.));
#1679 = DIRECTION('',(1.,0.,0.));
#1680 = ORIENTED_EDGE('',*,*,#1681,.F.);
#1681 = EDGE_CURVE('',#1031,#1673,#1682,.T.);
#1682 = LINE('',#1683,#1684);
#1683 = CARTESIAN_POINT('',(-144.1,-20.07598586573,0.));
#1684 = VECTOR('',#1685,1.);
#1685 = DIRECTION('',(-0.,-0.,-1.));
#1686 = ORIENTED_EDGE('',*,*,#1038,.T.);
#1687 = ORIENTED_EDGE('',*,*,#1657,.T.);
#1688 = CYLINDRICAL_SURFACE('',#1689,8.);
#1689 = AXIS2_PLACEMENT_3D('',#1690,#1691,#1692);
#1690 = CARTESIAN_POINT('',(-143.,-28.,0.));
#1691 = DIRECTION('',(-0.,-0.,-1.));
#1692 = DIRECTION('',(1.,0.,0.));
#1693 = ADVANCED_FACE('',(#1694),#1718,.F.);
#1694 = FACE_BOUND('',#1695,.F.);
#1695 = EDGE_LOOP('',(#1696,#1697,#1705,#1711,#1712,#1713,#1714,#1715,
    #1716,#1717));
#1696 = ORIENTED_EDGE('',*,*,#1681,.T.);
#1697 = ORIENTED_EDGE('',*,*,#1698,.T.);
#1698 = EDGE_CURVE('',#1673,#1699,#1701,.T.);
#1699 = VERTEX_POINT('',#1700);
#1700 = CARTESIAN_POINT('',(-144.1,120.07598586573,2.));
#1701 = LINE('',#1702,#1703);
#1702 = CARTESIAN_POINT('',(-144.1,60.037992932869,2.));
#1703 = VECTOR('',#1704,1.);
#1704 = DIRECTION('',(0.,1.,0.));
#1705 = ORIENTED_EDGE('',*,*,#1706,.T.);
#1706 = EDGE_CURVE('',#1699,#992,#1707,.T.);
#1707 = LINE('',#1708,#1709);
#1708 = CARTESIAN_POINT('',(-144.1,120.07598586573,0.));
#1709 = VECTOR('',#1710,1.);
#1710 = DIRECTION('',(0.,0.,1.));
#1711 = ORIENTED_EDGE('',*,*,#1000,.T.);
#1712 = ORIENTED_EDGE('',*,*,#1465,.T.);
#1713 = ORIENTED_EDGE('',*,*,#1489,.T.);
#1714 = ORIENTED_EDGE('',*,*,#1514,.T.);
#1715 = ORIENTED_EDGE('',*,*,#1538,.T.);
#1716 = ORIENTED_EDGE('',*,*,#1563,.T.);
#1717 = ORIENTED_EDGE('',*,*,#1030,.T.);
#1718 = PLANE('',#1719);
#1719 = AXIS2_PLACEMENT_3D('',#1720,#1721,#1722);
#1720 = CARTESIAN_POINT('',(-144.1,120.07598586573,0.));
#1721 = DIRECTION('',(1.,0.,0.));
#1722 = DIRECTION('',(0.,-1.,0.));
#1723 = ADVANCED_FACE('',(#1724),#1743,.T.);
#1724 = FACE_BOUND('',#1725,.F.);
#1725 = EDGE_LOOP('',(#1726,#1735,#1741,#1742));
#1726 = ORIENTED_EDGE('',*,*,#1727,.T.);
#1727 = EDGE_CURVE('',#1699,#1728,#1730,.T.);
#1728 = VERTEX_POINT('',#1729);
#1729 = CARTESIAN_POINT('',(-135.0759858657,129.1,2.));
#1730 = CIRCLE('',#1731,8.);
#1731 = AXIS2_PLACEMENT_3D('',#1732,#1733,#1734);
#1732 = CARTESIAN_POINT('',(-143.,128.,2.));
#1733 = DIRECTION('',(0.,0.,-1.));
#1734 = DIRECTION('',(1.,0.,0.));
#1735 = ORIENTED_EDGE('',*,*,#1736,.T.);
#1736 = EDGE_CURVE('',#1728,#984,#1737,.T.);
#1737 = LINE('',#1738,#1739);
#1738 = CARTESIAN_POINT('',(-135.0759858657,129.1,0.));
#1739 = VECTOR('',#1740,1.);
#1740 = DIRECTION('',(0.,0.,1.));
#1741 = ORIENTED_EDGE('',*,*,#991,.T.);
#1742 = ORIENTED_EDGE('',*,*,#1706,.F.);
#1743 = CYLINDRICAL_SURFACE('',#1744,8.);
#1744 = AXIS2_PLACEMENT_3D('',#1745,#1746,#1747);
#1745 = CARTESIAN_POINT('',(-143.,128.,0.));
#1746 = DIRECTION('',(-0.,-0.,-1.));
#1747 = DIRECTION('',(1.,0.,0.));
#1748 = ADVANCED_FACE('',(#1749),#1767,.F.);
#1749 = FACE_BOUND('',#1750,.F.);
#1750 = EDGE_LOOP('',(#1751,#1752,#1760,#1766));
#1751 = ORIENTED_EDGE('',*,*,#1736,.F.);
#1752 = ORIENTED_EDGE('',*,*,#1753,.T.);
#1753 = EDGE_CURVE('',#1728,#1754,#1756,.T.);
#1754 = VERTEX_POINT('',#1755);
#1755 = CARTESIAN_POINT('',(-7.924014134263,129.1,2.));
#1756 = LINE('',#1757,#1758);
#1757 = CARTESIAN_POINT('',(67.537992932868,129.1,2.));
#1758 = VECTOR('',#1759,1.);
#1759 = DIRECTION('',(1.,0.,0.));
#1760 = ORIENTED_EDGE('',*,*,#1761,.F.);
#1761 = EDGE_CURVE('',#975,#1754,#1762,.T.);
#1762 = LINE('',#1763,#1764);
#1763 = CARTESIAN_POINT('',(-7.924014134263,129.1,0.));
#1764 = VECTOR('',#1765,1.);
#1765 = DIRECTION('',(-0.,-0.,-1.));
#1766 = ORIENTED_EDGE('',*,*,#983,.T.);
#1767 = PLANE('',#1768);
#1768 = AXIS2_PLACEMENT_3D('',#1769,#1770,#1771);
#1769 = CARTESIAN_POINT('',(135.07598586573,129.1,0.));
#1770 = DIRECTION('',(0.,-1.,0.));
#1771 = DIRECTION('',(-1.,0.,0.));
#1772 = ADVANCED_FACE('',(#1773),#1792,.T.);
#1773 = FACE_BOUND('',#1774,.F.);
#1774 = EDGE_LOOP('',(#1775,#1784,#1790,#1791));
#1775 = ORIENTED_EDGE('',*,*,#1776,.T.);
#1776 = EDGE_CURVE('',#1754,#1777,#1779,.T.);
#1777 = VERTEX_POINT('',#1778);
#1778 = CARTESIAN_POINT('',(7.924014134263,129.1,2.));
#1779 = CIRCLE('',#1780,8.);
#1780 = AXIS2_PLACEMENT_3D('',#1781,#1782,#1783);
#1781 = CARTESIAN_POINT('',(-1.106E-14,128.,2.));
#1782 = DIRECTION('',(0.,0.,-1.));
#1783 = DIRECTION('',(1.,0.,0.));
#1784 = ORIENTED_EDGE('',*,*,#1785,.F.);
#1785 = EDGE_CURVE('',#967,#1777,#1786,.T.);
#1786 = LINE('',#1787,#1788);
#1787 = CARTESIAN_POINT('',(7.924014134263,129.1,0.));
#1788 = VECTOR('',#1789,1.);
#1789 = DIRECTION('',(-0.,-0.,-1.));
#1790 = ORIENTED_EDGE('',*,*,#974,.T.);
#1791 = ORIENTED_EDGE('',*,*,#1761,.T.);
#1792 = CYLINDRICAL_SURFACE('',#1793,8.);
#1793 = AXIS2_PLACEMENT_3D('',#1794,#1795,#1796);
#1794 = CARTESIAN_POINT('',(-1.106E-14,128.,0.));
#1795 = DIRECTION('',(-0.,-0.,-1.));
#1796 = DIRECTION('',(1.,0.,0.));
#1797 = ADVANCED_FACE('',(#1798),#1816,.F.);
#1798 = FACE_BOUND('',#1799,.F.);
#1799 = EDGE_LOOP('',(#1800,#1808,#1814,#1815));
#1800 = ORIENTED_EDGE('',*,*,#1801,.T.);
#1801 = EDGE_CURVE('',#1777,#1802,#1804,.T.);
#1802 = VERTEX_POINT('',#1803);
#1803 = CARTESIAN_POINT('',(135.07598586573,129.1,2.));
#1804 = LINE('',#1805,#1806);
#1805 = CARTESIAN_POINT('',(67.537992932868,129.1,2.));
#1806 = VECTOR('',#1807,1.);
#1807 = DIRECTION('',(1.,0.,0.));
#1808 = ORIENTED_EDGE('',*,*,#1809,.T.);
#1809 = EDGE_CURVE('',#1802,#958,#1810,.T.);
#1810 = LINE('',#1811,#1812);
#1811 = CARTESIAN_POINT('',(135.07598586573,129.1,0.));
#1812 = VECTOR('',#1813,1.);
#1813 = DIRECTION('',(0.,0.,1.));
#1814 = ORIENTED_EDGE('',*,*,#966,.T.);
#1815 = ORIENTED_EDGE('',*,*,#1785,.T.);
#1816 = PLANE('',#1817);
#1817 = AXIS2_PLACEMENT_3D('',#1818,#1819,#1820);
#1818 = CARTESIAN_POINT('',(135.07598586573,129.1,0.));
#1819 = DIRECTION('',(0.,-1.,0.));
#1820 = DIRECTION('',(-1.,0.,0.));
#1821 = ADVANCED_FACE('',(#1822),#1851,.T.);
#1822 = FACE_BOUND('',#1823,.F.);
#1823 = EDGE_LOOP('',(#1824,#1825,#1834,#1843,#1849,#1850));
#1824 = ORIENTED_EDGE('',*,*,#1809,.F.);
#1825 = ORIENTED_EDGE('',*,*,#1826,.T.);
#1826 = EDGE_CURVE('',#1802,#1827,#1829,.T.);
#1827 = VERTEX_POINT('',#1828);
#1828 = CARTESIAN_POINT('',(151.,128.,2.));
#1829 = CIRCLE('',#1830,8.);
#1830 = AXIS2_PLACEMENT_3D('',#1831,#1832,#1833);
#1831 = CARTESIAN_POINT('',(143.,128.,2.));
#1832 = DIRECTION('',(0.,0.,-1.));
#1833 = DIRECTION('',(1.,0.,0.));
#1834 = ORIENTED_EDGE('',*,*,#1835,.T.);
#1835 = EDGE_CURVE('',#1827,#1836,#1838,.T.);
#1836 = VERTEX_POINT('',#1837);
#1837 = CARTESIAN_POINT('',(144.1,120.07598586573,2.));
#1838 = CIRCLE('',#1839,8.);
#1839 = AXIS2_PLACEMENT_3D('',#1840,#1841,#1842);
#1840 = CARTESIAN_POINT('',(143.,128.,2.));
#1841 = DIRECTION('',(0.,0.,-1.));
#1842 = DIRECTION('',(1.,0.,0.));
#1843 = ORIENTED_EDGE('',*,*,#1844,.T.);
#1844 = EDGE_CURVE('',#1836,#941,#1845,.T.);
#1845 = LINE('',#1846,#1847);
#1846 = CARTESIAN_POINT('',(144.1,120.07598586573,0.));
#1847 = VECTOR('',#1848,1.);
#1848 = DIRECTION('',(0.,0.,1.));
#1849 = ORIENTED_EDGE('',*,*,#948,.T.);
#1850 = ORIENTED_EDGE('',*,*,#957,.T.);
#1851 = CYLINDRICAL_SURFACE('',#1852,8.);
#1852 = AXIS2_PLACEMENT_3D('',#1853,#1854,#1855);
#1853 = CARTESIAN_POINT('',(143.,128.,0.));
#1854 = DIRECTION('',(-0.,-0.,-1.));
#1855 = DIRECTION('',(1.,0.,0.));
#1856 = ADVANCED_FACE('',(#1857),#1875,.F.);
#1857 = FACE_BOUND('',#1858,.F.);
#1858 = EDGE_LOOP('',(#1859,#1860,#1868,#1874));
#1859 = ORIENTED_EDGE('',*,*,#1844,.F.);
#1860 = ORIENTED_EDGE('',*,*,#1861,.T.);
#1861 = EDGE_CURVE('',#1836,#1862,#1864,.T.);
#1862 = VERTEX_POINT('',#1863);
#1863 = CARTESIAN_POINT('',(144.1,7.924014134263,2.));
#1864 = LINE('',#1865,#1866);
#1865 = CARTESIAN_POINT('',(144.1,-60.03799293286,2.));
#1866 = VECTOR('',#1867,1.);
#1867 = DIRECTION('',(0.,-1.,0.));
#1868 = ORIENTED_EDGE('',*,*,#1869,.F.);
#1869 = EDGE_CURVE('',#932,#1862,#1870,.T.);
#1870 = LINE('',#1871,#1872);
#1871 = CARTESIAN_POINT('',(144.1,7.924014134263,0.));
#1872 = VECTOR('',#1873,1.);
#1873 = DIRECTION('',(-0.,-0.,-1.));
#1874 = ORIENTED_EDGE('',*,*,#940,.T.);
#1875 = PLANE('',#1876);
#1876 = AXIS2_PLACEMENT_3D('',#1877,#1878,#1879);
#1877 = CARTESIAN_POINT('',(144.1,-120.0759858657,0.));
#1878 = DIRECTION('',(-1.,0.,0.));
#1879 = DIRECTION('',(0.,1.,0.));
#1880 = ADVANCED_FACE('',(#1881),#1910,.T.);
#1881 = FACE_BOUND('',#1882,.F.);
#1882 = EDGE_LOOP('',(#1883,#1884,#1893,#1902,#1908,#1909));
#1883 = ORIENTED_EDGE('',*,*,#1869,.T.);
#1884 = ORIENTED_EDGE('',*,*,#1885,.T.);
#1885 = EDGE_CURVE('',#1862,#1886,#1888,.T.);
#1886 = VERTEX_POINT('',#1887);
#1887 = CARTESIAN_POINT('',(151.,1.E-15,2.));
#1888 = CIRCLE('',#1889,8.);
#1889 = AXIS2_PLACEMENT_3D('',#1890,#1891,#1892);
#1890 = CARTESIAN_POINT('',(143.,9.6E-16,2.));
#1891 = DIRECTION('',(0.,0.,-1.));
#1892 = DIRECTION('',(1.,0.,0.));
#1893 = ORIENTED_EDGE('',*,*,#1894,.T.);
#1894 = EDGE_CURVE('',#1886,#1895,#1897,.T.);
#1895 = VERTEX_POINT('',#1896);
#1896 = CARTESIAN_POINT('',(144.1,-7.924014134263,2.));
#1897 = CIRCLE('',#1898,8.);
#1898 = AXIS2_PLACEMENT_3D('',#1899,#1900,#1901);
#1899 = CARTESIAN_POINT('',(143.,9.6E-16,2.));
#1900 = DIRECTION('',(0.,0.,-1.));
#1901 = DIRECTION('',(1.,0.,0.));
#1902 = ORIENTED_EDGE('',*,*,#1903,.F.);
#1903 = EDGE_CURVE('',#915,#1895,#1904,.T.);
#1904 = LINE('',#1905,#1906);
#1905 = CARTESIAN_POINT('',(144.1,-7.924014134263,0.));
#1906 = VECTOR('',#1907,1.);
#1907 = DIRECTION('',(-0.,-0.,-1.));
#1908 = ORIENTED_EDGE('',*,*,#922,.T.);
#1909 = ORIENTED_EDGE('',*,*,#931,.T.);
#1910 = CYLINDRICAL_SURFACE('',#1911,8.);
#1911 = AXIS2_PLACEMENT_3D('',#1912,#1913,#1914);
#1912 = CARTESIAN_POINT('',(143.,9.6E-16,0.));
#1913 = DIRECTION('',(-0.,-0.,-1.));
#1914 = DIRECTION('',(1.,0.,0.));
#1915 = ADVANCED_FACE('',(#1916),#1934,.F.);
#1916 = FACE_BOUND('',#1917,.F.);
#1917 = EDGE_LOOP('',(#1918,#1926,#1932,#1933));
#1918 = ORIENTED_EDGE('',*,*,#1919,.T.);
#1919 = EDGE_CURVE('',#1895,#1920,#1922,.T.);
#1920 = VERTEX_POINT('',#1921);
#1921 = CARTESIAN_POINT('',(144.1,-120.0759858657,2.));
#1922 = LINE('',#1923,#1924);
#1923 = CARTESIAN_POINT('',(144.1,-60.03799293286,2.));
#1924 = VECTOR('',#1925,1.);
#1925 = DIRECTION('',(0.,-1.,0.));
#1926 = ORIENTED_EDGE('',*,*,#1927,.T.);
#1927 = EDGE_CURVE('',#1920,#906,#1928,.T.);
#1928 = LINE('',#1929,#1930);
#1929 = CARTESIAN_POINT('',(144.1,-120.0759858657,0.));
#1930 = VECTOR('',#1931,1.);
#1931 = DIRECTION('',(0.,0.,1.));
#1932 = ORIENTED_EDGE('',*,*,#914,.T.);
#1933 = ORIENTED_EDGE('',*,*,#1903,.T.);
#1934 = PLANE('',#1935);
#1935 = AXIS2_PLACEMENT_3D('',#1936,#1937,#1938);
#1936 = CARTESIAN_POINT('',(144.1,-120.0759858657,0.));
#1937 = DIRECTION('',(-1.,0.,0.));
#1938 = DIRECTION('',(0.,1.,0.));
#1939 = ADVANCED_FACE('',(#1940),#1969,.T.);
#1940 = FACE_BOUND('',#1941,.F.);
#1941 = EDGE_LOOP('',(#1942,#1943,#1952,#1961,#1967,#1968));
#1942 = ORIENTED_EDGE('',*,*,#1927,.F.);
#1943 = ORIENTED_EDGE('',*,*,#1944,.T.);
#1944 = EDGE_CURVE('',#1920,#1945,#1947,.T.);
#1945 = VERTEX_POINT('',#1946);
#1946 = CARTESIAN_POINT('',(151.,-128.,2.));
#1947 = CIRCLE('',#1948,8.);
#1948 = AXIS2_PLACEMENT_3D('',#1949,#1950,#1951);
#1949 = CARTESIAN_POINT('',(143.,-128.,2.));
#1950 = DIRECTION('',(0.,0.,-1.));
#1951 = DIRECTION('',(1.,0.,0.));
#1952 = ORIENTED_EDGE('',*,*,#1953,.T.);
#1953 = EDGE_CURVE('',#1945,#1954,#1956,.T.);
#1954 = VERTEX_POINT('',#1955);
#1955 = CARTESIAN_POINT('',(135.07598586573,-129.1,2.));
#1956 = CIRCLE('',#1957,8.);
#1957 = AXIS2_PLACEMENT_3D('',#1958,#1959,#1960);
#1958 = CARTESIAN_POINT('',(143.,-128.,2.));
#1959 = DIRECTION('',(0.,0.,-1.));
#1960 = DIRECTION('',(1.,0.,0.));
#1961 = ORIENTED_EDGE('',*,*,#1962,.T.);
#1962 = EDGE_CURVE('',#1954,#889,#1963,.T.);
#1963 = LINE('',#1964,#1965);
#1964 = CARTESIAN_POINT('',(135.07598586573,-129.1,0.));
#1965 = VECTOR('',#1966,1.);
#1966 = DIRECTION('',(0.,0.,1.));
#1967 = ORIENTED_EDGE('',*,*,#896,.T.);
#1968 = ORIENTED_EDGE('',*,*,#905,.T.);
#1969 = CYLINDRICAL_SURFACE('',#1970,8.);
#1970 = AXIS2_PLACEMENT_3D('',#1971,#1972,#1973);
#1971 = CARTESIAN_POINT('',(143.,-128.,0.));
#1972 = DIRECTION('',(-0.,-0.,-1.));
#1973 = DIRECTION('',(1.,0.,0.));
#1974 = ADVANCED_FACE('',(#1975),#1993,.F.);
#1975 = FACE_BOUND('',#1976,.F.);
#1976 = EDGE_LOOP('',(#1977,#1978,#1986,#1992));
#1977 = ORIENTED_EDGE('',*,*,#1962,.F.);
#1978 = ORIENTED_EDGE('',*,*,#1979,.T.);
#1979 = EDGE_CURVE('',#1954,#1980,#1982,.T.);
#1980 = VERTEX_POINT('',#1981);
#1981 = CARTESIAN_POINT('',(7.924014134263,-129.1,2.));
#1982 = LINE('',#1983,#1984);
#1983 = CARTESIAN_POINT('',(-67.53799293286,-129.1,2.));
#1984 = VECTOR('',#1985,1.);
#1985 = DIRECTION('',(-1.,0.,0.));
#1986 = ORIENTED_EDGE('',*,*,#1987,.F.);
#1987 = EDGE_CURVE('',#880,#1980,#1988,.T.);
#1988 = LINE('',#1989,#1990);
#1989 = CARTESIAN_POINT('',(7.924014134263,-129.1,0.));
#1990 = VECTOR('',#1991,1.);
#1991 = DIRECTION('',(-0.,-0.,-1.));
#1992 = ORIENTED_EDGE('',*,*,#888,.T.);
#1993 = PLANE('',#1994);
#1994 = AXIS2_PLACEMENT_3D('',#1995,#1996,#1997);
#1995 = CARTESIAN_POINT('',(-135.0759858657,-129.1,0.));
#1996 = DIRECTION('',(0.,1.,0.));
#1997 = DIRECTION('',(1.,0.,0.));
#1998 = ADVANCED_FACE('',(#1999),#2018,.T.);
#1999 = FACE_BOUND('',#2000,.F.);
#2000 = EDGE_LOOP('',(#2001,#2010,#2016,#2017));
#2001 = ORIENTED_EDGE('',*,*,#2002,.T.);
#2002 = EDGE_CURVE('',#1980,#2003,#2005,.T.);
#2003 = VERTEX_POINT('',#2004);
#2004 = CARTESIAN_POINT('',(-7.924014134263,-129.1,2.));
#2005 = CIRCLE('',#2006,8.);
#2006 = AXIS2_PLACEMENT_3D('',#2007,#2008,#2009);
#2007 = CARTESIAN_POINT('',(2.5E-15,-128.,2.));
#2008 = DIRECTION('',(0.,0.,-1.));
#2009 = DIRECTION('',(1.,0.,0.));
#2010 = ORIENTED_EDGE('',*,*,#2011,.F.);
#2011 = EDGE_CURVE('',#872,#2003,#2012,.T.);
#2012 = LINE('',#2013,#2014);
#2013 = CARTESIAN_POINT('',(-7.924014134263,-129.1,0.));
#2014 = VECTOR('',#2015,1.);
#2015 = DIRECTION('',(-0.,-0.,-1.));
#2016 = ORIENTED_EDGE('',*,*,#879,.T.);
#2017 = ORIENTED_EDGE('',*,*,#1987,.T.);
#2018 = CYLINDRICAL_SURFACE('',#2019,8.);
#2019 = AXIS2_PLACEMENT_3D('',#2020,#2021,#2022);
#2020 = CARTESIAN_POINT('',(2.5E-15,-128.,0.));
#2021 = DIRECTION('',(-0.,-0.,-1.));
#2022 = DIRECTION('',(1.,0.,0.));
#2023 = ADVANCED_FACE('',(#2024),#2035,.F.);
#2024 = FACE_BOUND('',#2025,.F.);
#2025 = EDGE_LOOP('',(#2026,#2032,#2033,#2034));
#2026 = ORIENTED_EDGE('',*,*,#2027,.T.);
#2027 = EDGE_CURVE('',#2003,#1617,#2028,.T.);
#2028 = LINE('',#2029,#2030);
#2029 = CARTESIAN_POINT('',(-67.53799293286,-129.1,2.));
#2030 = VECTOR('',#2031,1.);
#2031 = DIRECTION('',(-1.,0.,0.));
#2032 = ORIENTED_EDGE('',*,*,#1616,.T.);
#2033 = ORIENTED_EDGE('',*,*,#871,.T.);
#2034 = ORIENTED_EDGE('',*,*,#2011,.T.);
#2035 = PLANE('',#2036);
#2036 = AXIS2_PLACEMENT_3D('',#2037,#2038,#2039);
#2037 = CARTESIAN_POINT('',(-135.0759858657,-129.1,0.));
#2038 = DIRECTION('',(0.,1.,0.));
#2039 = DIRECTION('',(1.,0.,0.));
#2040 = ADVANCED_FACE('',(#2041),#2060,.F.);
#2041 = FACE_BOUND('',#2042,.T.);
#2042 = EDGE_LOOP('',(#2043,#2052,#2058,#2059));
#2043 = ORIENTED_EDGE('',*,*,#2044,.T.);
#2044 = EDGE_CURVE('',#2045,#2045,#2047,.T.);
#2045 = VERTEX_POINT('',#2046);
#2046 = CARTESIAN_POINT('',(-137.6,-128.,6.));
#2047 = CIRCLE('',#2048,5.4);
#2048 = AXIS2_PLACEMENT_3D('',#2049,#2050,#2051);
#2049 = CARTESIAN_POINT('',(-143.,-128.,6.));
#2050 = DIRECTION('',(0.,0.,-1.));
#2051 = DIRECTION('',(1.,0.,0.));
#2052 = ORIENTED_EDGE('',*,*,#2053,.T.);
#2053 = EDGE_CURVE('',#2045,#1056,#2054,.T.);
#2054 = LINE('',#2055,#2056);
#2055 = CARTESIAN_POINT('',(-137.6,-128.,0.));
#2056 = VECTOR('',#2057,1.);
#2057 = DIRECTION('',(0.,0.,1.));
#2058 = ORIENTED_EDGE('',*,*,#1055,.T.);
#2059 = ORIENTED_EDGE('',*,*,#2053,.F.);
#2060 = CYLINDRICAL_SURFACE('',#2061,5.4);
#2061 = AXIS2_PLACEMENT_3D('',#2062,#2063,#2064);
#2062 = CARTESIAN_POINT('',(-143.,-128.,0.));
#2063 = DIRECTION('',(-0.,-0.,-1.));
#2064 = DIRECTION('',(1.,0.,0.));
#2065 = ADVANCED_FACE('',(#2066),#2091,.F.);
#2066 = FACE_BOUND('',#2067,.F.);
#2067 = EDGE_LOOP('',(#2068,#2078,#2084,#2085));
#2068 = ORIENTED_EDGE('',*,*,#2069,.T.);
#2069 = EDGE_CURVE('',#2070,#2072,#2074,.T.);
#2070 = VERTEX_POINT('',#2071);
#2071 = CARTESIAN_POINT('',(-73.07945882589,-78.23776347931,2.));
#2072 = VERTEX_POINT('',#2073);
#2073 = CARTESIAN_POINT('',(-137.1366474386,-33.4425266872,2.));
#2074 = LINE('',#2075,#2076);
#2075 = CARTESIAN_POINT('',(-98.94033275101,-60.15323625894,2.));
#2076 = VECTOR('',#2077,1.);
#2077 = DIRECTION('',(-0.819501061352,0.573077665281,0.));
#2078 = ORIENTED_EDGE('',*,*,#2079,.T.);
#2079 = EDGE_CURVE('',#2072,#1067,#2080,.T.);
#2080 = LINE('',#2081,#2082);
#2081 = CARTESIAN_POINT('',(-137.1366474386,-33.4425266872,0.));
#2082 = VECTOR('',#2083,1.);
#2083 = DIRECTION('',(0.,0.,1.));
#2084 = ORIENTED_EDGE('',*,*,#1066,.T.);
#2085 = ORIENTED_EDGE('',*,*,#2086,.F.);
#2086 = EDGE_CURVE('',#2070,#1069,#2087,.T.);
#2087 = LINE('',#2088,#2089);
#2088 = CARTESIAN_POINT('',(-73.07945882589,-78.23776347931,0.));
#2089 = VECTOR('',#2090,1.);
#2090 = DIRECTION('',(0.,0.,1.));
#2091 = PLANE('',#2092);
#2092 = AXIS2_PLACEMENT_3D('',#2093,#2094,#2095);
#2093 = CARTESIAN_POINT('',(-137.1366474386,-33.4425266872,0.));
#2094 = DIRECTION('',(0.573077665281,0.819501061352,0.));
#2095 = DIRECTION('',(0.819501061352,-0.573077665281,0.));
#2096 = ADVANCED_FACE('',(#2097),#2116,.T.);
#2097 = FACE_BOUND('',#2098,.F.);
#2098 = EDGE_LOOP('',(#2099,#2100,#2109,#2115));
#2099 = ORIENTED_EDGE('',*,*,#2079,.F.);
#2100 = ORIENTED_EDGE('',*,*,#2101,.T.);
#2101 = EDGE_CURVE('',#2072,#2102,#2104,.T.);
#2102 = VERTEX_POINT('',#2103);
#2103 = CARTESIAN_POINT('',(-141.9,-35.92401413426,2.));
#2104 = CIRCLE('',#2105,8.);
#2105 = AXIS2_PLACEMENT_3D('',#2106,#2107,#2108);
#2106 = CARTESIAN_POINT('',(-143.,-28.,2.));
#2107 = DIRECTION('',(0.,0.,-1.));
#2108 = DIRECTION('',(1.,0.,0.));
#2109 = ORIENTED_EDGE('',*,*,#2110,.F.);
#2110 = EDGE_CURVE('',#1094,#2102,#2111,.T.);
#2111 = LINE('',#2112,#2113);
#2112 = CARTESIAN_POINT('',(-141.9,-35.92401413426,0.));
#2113 = VECTOR('',#2114,1.);
#2114 = DIRECTION('',(-0.,-0.,-1.));
#2115 = ORIENTED_EDGE('',*,*,#1101,.T.);
#2116 = CYLINDRICAL_SURFACE('',#2117,8.);
#2117 = AXIS2_PLACEMENT_3D('',#2118,#2119,#2120);
#2118 = CARTESIAN_POINT('',(-143.,-28.,0.));
#2119 = DIRECTION('',(-0.,-0.,-1.));
#2120 = DIRECTION('',(1.,0.,0.));
#2121 = ADVANCED_FACE('',(#2122),#2140,.F.);
#2122 = FACE_BOUND('',#2123,.F.);
#2123 = EDGE_LOOP('',(#2124,#2132,#2133,#2134));
#2124 = ORIENTED_EDGE('',*,*,#2125,.T.);
#2125 = EDGE_CURVE('',#2126,#2070,#2128,.T.);
#2126 = VERTEX_POINT('',#2127);
#2127 = CARTESIAN_POINT('',(-138.1746933307,-121.6190584121,2.));
#2128 = LINE('',#2129,#2130);
#2129 = CARTESIAN_POINT('',(-29.72477015111,-49.34497969217,2.));
#2130 = VECTOR('',#2131,1.);
#2131 = DIRECTION('',(0.832141899465,0.554562763945,0.));
#2132 = ORIENTED_EDGE('',*,*,#2086,.T.);
#2133 = ORIENTED_EDGE('',*,*,#1076,.T.);
#2134 = ORIENTED_EDGE('',*,*,#2135,.F.);
#2135 = EDGE_CURVE('',#2126,#1077,#2136,.T.);
#2136 = LINE('',#2137,#2138);
#2137 = CARTESIAN_POINT('',(-138.1746933307,-121.6190584121,0.));
#2138 = VECTOR('',#2139,1.);
#2139 = DIRECTION('',(0.,0.,1.));
#2140 = PLANE('',#2141);
#2141 = AXIS2_PLACEMENT_3D('',#2142,#2143,#2144);
#2142 = CARTESIAN_POINT('',(-73.07945882589,-78.23776347931,0.));
#2143 = DIRECTION('',(0.554562763945,-0.832141899465,0.));
#2144 = DIRECTION('',(-0.832141899465,-0.554562763945,0.));
#2145 = ADVANCED_FACE('',(#2146),#2164,.F.);
#2146 = FACE_BOUND('',#2147,.F.);
#2147 = EDGE_LOOP('',(#2148,#2156,#2162,#2163));
#2148 = ORIENTED_EDGE('',*,*,#2149,.T.);
#2149 = EDGE_CURVE('',#2102,#2150,#2152,.T.);
#2150 = VERTEX_POINT('',#2151);
#2151 = CARTESIAN_POINT('',(-141.9,-120.0759858657,2.));
#2152 = LINE('',#2153,#2154);
#2153 = CARTESIAN_POINT('',(-141.9,-60.03799293286,2.));
#2154 = VECTOR('',#2155,1.);
#2155 = DIRECTION('',(0.,-1.,0.));
#2156 = ORIENTED_EDGE('',*,*,#2157,.T.);
#2157 = EDGE_CURVE('',#2150,#1085,#2158,.T.);
#2158 = LINE('',#2159,#2160);
#2159 = CARTESIAN_POINT('',(-141.9,-120.0759858657,0.));
#2160 = VECTOR('',#2161,1.);
#2161 = DIRECTION('',(0.,0.,1.));
#2162 = ORIENTED_EDGE('',*,*,#1093,.T.);
#2163 = ORIENTED_EDGE('',*,*,#2110,.T.);
#2164 = PLANE('',#2165);
#2165 = AXIS2_PLACEMENT_3D('',#2166,#2167,#2168);
#2166 = CARTESIAN_POINT('',(-141.9,-120.0759858657,0.));
#2167 = DIRECTION('',(-1.,0.,0.));
#2168 = DIRECTION('',(0.,1.,0.));
#2169 = ADVANCED_FACE('',(#2170),#2182,.T.);
#2170 = FACE_BOUND('',#2171,.F.);
#2171 = EDGE_LOOP('',(#2172,#2173,#2180,#2181));
#2172 = ORIENTED_EDGE('',*,*,#2157,.F.);
#2173 = ORIENTED_EDGE('',*,*,#2174,.T.);
#2174 = EDGE_CURVE('',#2150,#2126,#2175,.T.);
#2175 = CIRCLE('',#2176,8.);
#2176 = AXIS2_PLACEMENT_3D('',#2177,#2178,#2179);
#2177 = CARTESIAN_POINT('',(-143.,-128.,2.));
#2178 = DIRECTION('',(0.,0.,-1.));
#2179 = DIRECTION('',(1.,0.,0.));
#2180 = ORIENTED_EDGE('',*,*,#2135,.T.);
#2181 = ORIENTED_EDGE('',*,*,#1084,.T.);
#2182 = CYLINDRICAL_SURFACE('',#2183,8.);
#2183 = AXIS2_PLACEMENT_3D('',#2184,#2185,#2186);
#2184 = CARTESIAN_POINT('',(-143.,-128.,0.));
#2185 = DIRECTION('',(-0.,-0.,-1.));
#2186 = DIRECTION('',(1.,0.,0.));
#2187 = ADVANCED_FACE('',(#2188),#2213,.F.);
#2188 = FACE_BOUND('',#2189,.F.);
#2189 = EDGE_LOOP('',(#2190,#2198,#2206,#2212));
#2190 = ORIENTED_EDGE('',*,*,#2191,.F.);
#2191 = EDGE_CURVE('',#2192,#1113,#2194,.T.);
#2192 = VERTEX_POINT('',#2193);
#2193 = CARTESIAN_POINT('',(-135.0759858657,-126.9,2.));
#2194 = LINE('',#2195,#2196);
#2195 = CARTESIAN_POINT('',(-135.0759858657,-126.9,0.));
#2196 = VECTOR('',#2197,1.);
#2197 = DIRECTION('',(0.,0.,1.));
#2198 = ORIENTED_EDGE('',*,*,#2199,.T.);
#2199 = EDGE_CURVE('',#2192,#2200,#2202,.T.);
#2200 = VERTEX_POINT('',#2201);
#2201 = CARTESIAN_POINT('',(-7.924014134263,-126.9,2.));
#2202 = LINE('',#2203,#2204);
#2203 = CARTESIAN_POINT('',(67.537992932868,-126.9,2.));
#2204 = VECTOR('',#2205,1.);
#2205 = DIRECTION('',(1.,0.,0.));
#2206 = ORIENTED_EDGE('',*,*,#2207,.F.);
#2207 = EDGE_CURVE('',#1111,#2200,#2208,.T.);
#2208 = LINE('',#2209,#2210);
#2209 = CARTESIAN_POINT('',(-7.924014134263,-126.9,0.));
#2210 = VECTOR('',#2211,1.);
#2211 = DIRECTION('',(-0.,-0.,-1.));
#2212 = ORIENTED_EDGE('',*,*,#1110,.T.);
#2213 = PLANE('',#2214);
#2214 = AXIS2_PLACEMENT_3D('',#2215,#2216,#2217);
#2215 = CARTESIAN_POINT('',(135.07598586573,-126.9,0.));
#2216 = DIRECTION('',(0.,-1.,0.));
#2217 = DIRECTION('',(-1.,0.,0.));
#2218 = ADVANCED_FACE('',(#2219),#2238,.T.);
#2219 = FACE_BOUND('',#2220,.F.);
#2220 = EDGE_LOOP('',(#2221,#2230,#2236,#2237));
#2221 = ORIENTED_EDGE('',*,*,#2222,.T.);
#2222 = EDGE_CURVE('',#2200,#2223,#2225,.T.);
#2223 = VERTEX_POINT('',#2224);
#2224 = CARTESIAN_POINT('',(-7.124123425002,-124.3603756477,2.));
#2225 = CIRCLE('',#2226,8.);
#2226 = AXIS2_PLACEMENT_3D('',#2227,#2228,#2229);
#2227 = CARTESIAN_POINT('',(2.5E-15,-128.,2.));
#2228 = DIRECTION('',(0.,0.,-1.));
#2229 = DIRECTION('',(1.,0.,0.));
#2230 = ORIENTED_EDGE('',*,*,#2231,.T.);
#2231 = EDGE_CURVE('',#2223,#1138,#2232,.T.);
#2232 = LINE('',#2233,#2234);
#2233 = CARTESIAN_POINT('',(-7.124123425002,-124.3603756477,0.));
#2234 = VECTOR('',#2235,1.);
#2235 = DIRECTION('',(0.,0.,1.));
#2236 = ORIENTED_EDGE('',*,*,#1145,.T.);
#2237 = ORIENTED_EDGE('',*,*,#2207,.T.);
#2238 = CYLINDRICAL_SURFACE('',#2239,8.);
#2239 = AXIS2_PLACEMENT_3D('',#2240,#2241,#2242);
#2240 = CARTESIAN_POINT('',(2.5E-15,-128.,0.));
#2241 = DIRECTION('',(-0.,-0.,-1.));
#2242 = DIRECTION('',(1.,0.,0.));
#2243 = ADVANCED_FACE('',(#2244),#2263,.T.);
#2244 = FACE_BOUND('',#2245,.F.);
#2245 = EDGE_LOOP('',(#2246,#2255,#2256,#2257));
#2246 = ORIENTED_EDGE('',*,*,#2247,.T.);
#2247 = EDGE_CURVE('',#2248,#2192,#2250,.T.);
#2248 = VERTEX_POINT('',#2249);
#2249 = CARTESIAN_POINT('',(-136.6190584121,-123.1746933307,2.));
#2250 = CIRCLE('',#2251,8.);
#2251 = AXIS2_PLACEMENT_3D('',#2252,#2253,#2254);
#2252 = CARTESIAN_POINT('',(-143.,-128.,2.));
#2253 = DIRECTION('',(0.,0.,-1.));
#2254 = DIRECTION('',(1.,0.,0.));
#2255 = ORIENTED_EDGE('',*,*,#2191,.T.);
#2256 = ORIENTED_EDGE('',*,*,#1120,.T.);
#2257 = ORIENTED_EDGE('',*,*,#2258,.F.);
#2258 = EDGE_CURVE('',#2248,#1121,#2259,.T.);
#2259 = LINE('',#2260,#2261);
#2260 = CARTESIAN_POINT('',(-136.6190584121,-123.1746933307,0.));
#2261 = VECTOR('',#2262,1.);
#2262 = DIRECTION('',(0.,0.,1.));
#2263 = CYLINDRICAL_SURFACE('',#2264,8.);
#2264 = AXIS2_PLACEMENT_3D('',#2265,#2266,#2267);
#2265 = CARTESIAN_POINT('',(-143.,-128.,0.));
#2266 = DIRECTION('',(-0.,-0.,-1.));
#2267 = DIRECTION('',(1.,0.,0.));
#2268 = ADVANCED_FACE('',(#2269),#2287,.F.);
#2269 = FACE_BOUND('',#2270,.F.);
#2270 = EDGE_LOOP('',(#2271,#2279,#2285,#2286));
#2271 = ORIENTED_EDGE('',*,*,#2272,.T.);
#2272 = EDGE_CURVE('',#2223,#2273,#2275,.T.);
#2273 = VERTEX_POINT('',#2274);
#2274 = CARTESIAN_POINT('',(-71.18131203772,-79.56513885566,2.));
#2275 = LINE('',#2276,#2277);
#2276 = CARTESIAN_POINT('',(-98.94033275101,-60.15323625894,2.));
#2277 = VECTOR('',#2278,1.);
#2278 = DIRECTION('',(-0.819501061352,0.573077665281,0.));
#2279 = ORIENTED_EDGE('',*,*,#2280,.T.);
#2280 = EDGE_CURVE('',#2273,#1130,#2281,.T.);
#2281 = LINE('',#2282,#2283);
#2282 = CARTESIAN_POINT('',(-71.18131203772,-79.56513885566,0.));
#2283 = VECTOR('',#2284,1.);
#2284 = DIRECTION('',(0.,0.,1.));
#2285 = ORIENTED_EDGE('',*,*,#1137,.T.);
#2286 = ORIENTED_EDGE('',*,*,#2231,.F.);
#2287 = PLANE('',#2288);
#2288 = AXIS2_PLACEMENT_3D('',#2289,#2290,#2291);
#2289 = CARTESIAN_POINT('',(-137.1366474386,-33.4425266872,0.));
#2290 = DIRECTION('',(0.573077665281,0.819501061352,0.));
#2291 = DIRECTION('',(0.819501061352,-0.573077665281,0.));
#2292 = ADVANCED_FACE('',(#2293),#2304,.F.);
#2293 = FACE_BOUND('',#2294,.F.);
#2294 = EDGE_LOOP('',(#2295,#2301,#2302,#2303));
#2295 = ORIENTED_EDGE('',*,*,#2296,.T.);
#2296 = EDGE_CURVE('',#2273,#2248,#2297,.T.);
#2297 = LINE('',#2298,#2299);
#2298 = CARTESIAN_POINT('',(-60.89641682895,-72.71099544871,2.));
#2299 = VECTOR('',#2300,1.);
#2300 = DIRECTION('',(-0.832141899465,-0.554562763945,0.));
#2301 = ORIENTED_EDGE('',*,*,#2258,.T.);
#2302 = ORIENTED_EDGE('',*,*,#1129,.T.);
#2303 = ORIENTED_EDGE('',*,*,#2280,.F.);
#2304 = PLANE('',#2305);
#2305 = AXIS2_PLACEMENT_3D('',#2306,#2307,#2308);
#2306 = CARTESIAN_POINT('',(-136.6190584121,-123.1746933307,0.));
#2307 = DIRECTION('',(-0.554562763945,0.832141899465,0.));
#2308 = DIRECTION('',(0.832141899465,0.554562763945,0.));
#2309 = ADVANCED_FACE('',(#2310),#2335,.F.);
#2310 = FACE_BOUND('',#2311,.F.);
#2311 = EDGE_LOOP('',(#2312,#2322,#2328,#2329));
#2312 = ORIENTED_EDGE('',*,*,#2313,.T.);
#2313 = EDGE_CURVE('',#2314,#2316,#2318,.T.);
#2314 = VERTEX_POINT('',#2315);
#2315 = CARTESIAN_POINT('',(7.924014134263,-126.9,2.));
#2316 = VERTEX_POINT('',#2317);
#2317 = CARTESIAN_POINT('',(135.07598586573,-126.9,2.));
#2318 = LINE('',#2319,#2320);
#2319 = CARTESIAN_POINT('',(67.537992932868,-126.9,2.));
#2320 = VECTOR('',#2321,1.);
#2321 = DIRECTION('',(1.,0.,0.));
#2322 = ORIENTED_EDGE('',*,*,#2323,.T.);
#2323 = EDGE_CURVE('',#2316,#1155,#2324,.T.);
#2324 = LINE('',#2325,#2326);
#2325 = CARTESIAN_POINT('',(135.07598586573,-126.9,0.));
#2326 = VECTOR('',#2327,1.);
#2327 = DIRECTION('',(0.,0.,1.));
#2328 = ORIENTED_EDGE('',*,*,#1154,.T.);
#2329 = ORIENTED_EDGE('',*,*,#2330,.T.);
#2330 = EDGE_CURVE('',#1157,#2314,#2331,.T.);
#2331 = LINE('',#2332,#2333);
#2332 = CARTESIAN_POINT('',(7.924014134263,-126.9,0.));
#2333 = VECTOR('',#2334,1.);
#2334 = DIRECTION('',(-0.,-0.,-1.));
#2335 = PLANE('',#2336);
#2336 = AXIS2_PLACEMENT_3D('',#2337,#2338,#2339);
#2337 = CARTESIAN_POINT('',(135.07598586573,-126.9,0.));
#2338 = DIRECTION('',(0.,-1.,0.));
#2339 = DIRECTION('',(-1.,0.,0.));
#2340 = ADVANCED_FACE('',(#2341),#2360,.T.);
#2341 = FACE_BOUND('',#2342,.F.);
#2342 = EDGE_LOOP('',(#2343,#2344,#2353,#2359));
#2343 = ORIENTED_EDGE('',*,*,#2323,.F.);
#2344 = ORIENTED_EDGE('',*,*,#2345,.T.);
#2345 = EDGE_CURVE('',#2316,#2346,#2348,.T.);
#2346 = VERTEX_POINT('',#2347);
#2347 = CARTESIAN_POINT('',(136.89548580636,-122.8294191371,2.));
#2348 = CIRCLE('',#2349,8.);
#2349 = AXIS2_PLACEMENT_3D('',#2350,#2351,#2352);
#2350 = CARTESIAN_POINT('',(143.,-128.,2.));
#2351 = DIRECTION('',(0.,0.,-1.));
#2352 = DIRECTION('',(1.,0.,0.));
#2353 = ORIENTED_EDGE('',*,*,#2354,.T.);
#2354 = EDGE_CURVE('',#2346,#1182,#2355,.T.);
#2355 = LINE('',#2356,#2357);
#2356 = CARTESIAN_POINT('',(136.89548580636,-122.8294191371,0.));
#2357 = VECTOR('',#2358,1.);
#2358 = DIRECTION('',(0.,0.,1.));
#2359 = ORIENTED_EDGE('',*,*,#1189,.T.);
#2360 = CYLINDRICAL_SURFACE('',#2361,8.);
#2361 = AXIS2_PLACEMENT_3D('',#2362,#2363,#2364);
#2362 = CARTESIAN_POINT('',(143.,-128.,0.));
#2363 = DIRECTION('',(-0.,-0.,-1.));
#2364 = DIRECTION('',(1.,0.,0.));
#2365 = ADVANCED_FACE('',(#2366),#2385,.T.);
#2366 = FACE_BOUND('',#2367,.F.);
#2367 = EDGE_LOOP('',(#2368,#2376,#2383,#2384));
#2368 = ORIENTED_EDGE('',*,*,#2369,.F.);
#2369 = EDGE_CURVE('',#2370,#1165,#2372,.T.);
#2370 = VERTEX_POINT('',#2371);
#2371 = CARTESIAN_POINT('',(6.637864599904,-123.5347168563,2.));
#2372 = LINE('',#2373,#2374);
#2373 = CARTESIAN_POINT('',(6.637864599904,-123.5347168563,0.));
#2374 = VECTOR('',#2375,1.);
#2375 = DIRECTION('',(0.,0.,1.));
#2376 = ORIENTED_EDGE('',*,*,#2377,.T.);
#2377 = EDGE_CURVE('',#2370,#2314,#2378,.T.);
#2378 = CIRCLE('',#2379,8.);
#2379 = AXIS2_PLACEMENT_3D('',#2380,#2381,#2382);
#2380 = CARTESIAN_POINT('',(2.5E-15,-128.,2.));
#2381 = DIRECTION('',(0.,0.,-1.));
#2382 = DIRECTION('',(1.,0.,0.));
#2383 = ORIENTED_EDGE('',*,*,#2330,.F.);
#2384 = ORIENTED_EDGE('',*,*,#1164,.T.);
#2385 = CYLINDRICAL_SURFACE('',#2386,8.);
#2386 = AXIS2_PLACEMENT_3D('',#2387,#2388,#2389);
#2387 = CARTESIAN_POINT('',(2.5E-15,-128.,0.));
#2388 = DIRECTION('',(-0.,-0.,-1.));
#2389 = DIRECTION('',(1.,0.,0.));
#2390 = ADVANCED_FACE('',(#2391),#2409,.T.);
#2391 = FACE_BOUND('',#2392,.T.);
#2392 = EDGE_LOOP('',(#2393,#2401,#2402,#2403));
#2393 = ORIENTED_EDGE('',*,*,#2394,.T.);
#2394 = EDGE_CURVE('',#2395,#2346,#2397,.T.);
#2395 = VERTEX_POINT('',#2396);
#2396 = CARTESIAN_POINT('',(79.304980107822,-58.49002605201,2.));
#2397 = LINE('',#2398,#2399);
#2398 = CARTESIAN_POINT('',(75.928888904984,-54.71829916134,2.));
#2399 = VECTOR('',#2400,1.);
#2400 = DIRECTION('',(0.666947153187,-0.745105022702,0.));
#2401 = ORIENTED_EDGE('',*,*,#2354,.T.);
#2402 = ORIENTED_EDGE('',*,*,#1181,.T.);
#2403 = ORIENTED_EDGE('',*,*,#2404,.F.);
#2404 = EDGE_CURVE('',#2395,#1174,#2405,.T.);
#2405 = LINE('',#2406,#2407);
#2406 = CARTESIAN_POINT('',(79.304980107822,-58.49002605201,0.));
#2407 = VECTOR('',#2408,1.);
#2408 = DIRECTION('',(0.,0.,1.));
#2409 = PLANE('',#2410);
#2410 = AXIS2_PLACEMENT_3D('',#2411,#2412,#2413);
#2411 = CARTESIAN_POINT('',(136.89548580636,-122.8294191371,0.));
#2412 = DIRECTION('',(-0.745105022702,-0.666947153187,0.));
#2413 = DIRECTION('',(-0.666947153187,0.745105022702,0.));
#2414 = ADVANCED_FACE('',(#2415),#2426,.T.);
#2415 = FACE_BOUND('',#2416,.T.);
#2416 = EDGE_LOOP('',(#2417,#2423,#2424,#2425));
#2417 = ORIENTED_EDGE('',*,*,#2418,.T.);
#2418 = EDGE_CURVE('',#2370,#2395,#2419,.T.);
#2419 = LINE('',#2420,#2421);
#2420 = CARTESIAN_POINT('',(101.08605362066,-38.99368053003,2.));
#2421 = VECTOR('',#2422,1.);
#2422 = DIRECTION('',(0.745105022702,0.666947153187,0.));
#2423 = ORIENTED_EDGE('',*,*,#2404,.T.);
#2424 = ORIENTED_EDGE('',*,*,#1173,.T.);
#2425 = ORIENTED_EDGE('',*,*,#2369,.F.);
#2426 = PLANE('',#2427);
#2427 = AXIS2_PLACEMENT_3D('',#2428,#2429,#2430);
#2428 = CARTESIAN_POINT('',(137.8294191371,-6.104514193636,0.));
#2429 = DIRECTION('',(0.666947153187,-0.745105022702,0.));
#2430 = DIRECTION('',(-0.745105022702,-0.666947153187,0.));
#2431 = ADVANCED_FACE('',(#2432),#2451,.F.);
#2432 = FACE_BOUND('',#2433,.T.);
#2433 = EDGE_LOOP('',(#2434,#2443,#2449,#2450));
#2434 = ORIENTED_EDGE('',*,*,#2435,.T.);
#2435 = EDGE_CURVE('',#2436,#2436,#2438,.T.);
#2436 = VERTEX_POINT('',#2437);
#2437 = CARTESIAN_POINT('',(148.4,-128.,6.));
#2438 = CIRCLE('',#2439,5.4);
#2439 = AXIS2_PLACEMENT_3D('',#2440,#2441,#2442);
#2440 = CARTESIAN_POINT('',(143.,-128.,6.));
#2441 = DIRECTION('',(0.,0.,-1.));
#2442 = DIRECTION('',(1.,0.,0.));
#2443 = ORIENTED_EDGE('',*,*,#2444,.T.);
#2444 = EDGE_CURVE('',#2436,#1199,#2445,.T.);
#2445 = LINE('',#2446,#2447);
#2446 = CARTESIAN_POINT('',(148.4,-128.,0.));
#2447 = VECTOR('',#2448,1.);
#2448 = DIRECTION('',(0.,0.,1.));
#2449 = ORIENTED_EDGE('',*,*,#1198,.T.);
#2450 = ORIENTED_EDGE('',*,*,#2444,.F.);
#2451 = CYLINDRICAL_SURFACE('',#2452,5.4);
#2452 = AXIS2_PLACEMENT_3D('',#2453,#2454,#2455);
#2453 = CARTESIAN_POINT('',(143.,-128.,0.));
#2454 = DIRECTION('',(-0.,-0.,-1.));
#2455 = DIRECTION('',(1.,0.,0.));
#2456 = ADVANCED_FACE('',(#2457),#2482,.T.);
#2457 = FACE_BOUND('',#2458,.T.);
#2458 = EDGE_LOOP('',(#2459,#2469,#2475,#2476));
#2459 = ORIENTED_EDGE('',*,*,#2460,.T.);
#2460 = EDGE_CURVE('',#2461,#2463,#2465,.T.);
#2461 = VERTEX_POINT('',#2462);
#2462 = CARTESIAN_POINT('',(136.36213540009,-4.465283143692,2.));
#2463 = VERTEX_POINT('',#2464);
#2464 = CARTESIAN_POINT('',(5.170580862892,-121.8954858063,2.));
#2465 = LINE('',#2466,#2467);
#2466 = CARTESIAN_POINT('',(34.022992615049,-96.06955081142,2.));
#2467 = VECTOR('',#2468,1.);
#2468 = DIRECTION('',(-0.745105022702,-0.666947153187,0.));
#2469 = ORIENTED_EDGE('',*,*,#2470,.T.);
#2470 = EDGE_CURVE('',#2463,#1210,#2471,.T.);
#2471 = LINE('',#2472,#2473);
#2472 = CARTESIAN_POINT('',(5.170580862892,-121.8954858063,0.));
#2473 = VECTOR('',#2474,1.);
#2474 = DIRECTION('',(0.,0.,1.));
#2475 = ORIENTED_EDGE('',*,*,#1209,.T.);
#2476 = ORIENTED_EDGE('',*,*,#2477,.F.);
#2477 = EDGE_CURVE('',#2461,#1212,#2478,.T.);
#2478 = LINE('',#2479,#2480);
#2479 = CARTESIAN_POINT('',(136.36213540009,-4.465283143692,0.));
#2480 = VECTOR('',#2481,1.);
#2481 = DIRECTION('',(0.,0.,1.));
#2482 = PLANE('',#2483);
#2483 = AXIS2_PLACEMENT_3D('',#2484,#2485,#2486);
#2484 = CARTESIAN_POINT('',(5.170580862892,-121.8954858063,0.));
#2485 = DIRECTION('',(-0.666947153187,0.745105022702,0.));
#2486 = DIRECTION('',(0.745105022702,0.666947153187,0.));
#2487 = ADVANCED_FACE('',(#2488),#2507,.T.);
#2488 = FACE_BOUND('',#2489,.F.);
#2489 = EDGE_LOOP('',(#2490,#2498,#2505,#2506));
#2490 = ORIENTED_EDGE('',*,*,#2491,.F.);
#2491 = EDGE_CURVE('',#2492,#1220,#2494,.T.);
#2492 = VERTEX_POINT('',#2493);
#2493 = CARTESIAN_POINT('',(-5.863352561384,-122.5574733127,2.));
#2494 = LINE('',#2495,#2496);
#2495 = CARTESIAN_POINT('',(-5.863352561384,-122.5574733127,0.));
#2496 = VECTOR('',#2497,1.);
#2497 = DIRECTION('',(0.,0.,1.));
#2498 = ORIENTED_EDGE('',*,*,#2499,.T.);
#2499 = EDGE_CURVE('',#2492,#2463,#2500,.T.);
#2500 = CIRCLE('',#2501,8.);
#2501 = AXIS2_PLACEMENT_3D('',#2502,#2503,#2504);
#2502 = CARTESIAN_POINT('',(2.5E-15,-128.,2.));
#2503 = DIRECTION('',(0.,0.,-1.));
#2504 = DIRECTION('',(1.,0.,0.));
#2505 = ORIENTED_EDGE('',*,*,#2470,.T.);
#2506 = ORIENTED_EDGE('',*,*,#1219,.T.);
#2507 = CYLINDRICAL_SURFACE('',#2508,8.);
#2508 = AXIS2_PLACEMENT_3D('',#2509,#2510,#2511);
#2509 = CARTESIAN_POINT('',(2.5E-15,-128.,0.));
#2510 = DIRECTION('',(-0.,-0.,-1.));
#2511 = DIRECTION('',(1.,0.,0.));
#2512 = ADVANCED_FACE('',(#2513),#2532,.T.);
#2513 = FACE_BOUND('',#2514,.F.);
#2514 = EDGE_LOOP('',(#2515,#2516,#2525,#2531));
#2515 = ORIENTED_EDGE('',*,*,#2477,.F.);
#2516 = ORIENTED_EDGE('',*,*,#2517,.T.);
#2517 = EDGE_CURVE('',#2461,#2518,#2520,.T.);
#2518 = VERTEX_POINT('',#2519);
#2519 = CARTESIAN_POINT('',(136.36213540009,4.465283143692,2.));
#2520 = CIRCLE('',#2521,8.);
#2521 = AXIS2_PLACEMENT_3D('',#2522,#2523,#2524);
#2522 = CARTESIAN_POINT('',(143.,9.6E-16,2.));
#2523 = DIRECTION('',(0.,0.,-1.));
#2524 = DIRECTION('',(1.,0.,0.));
#2525 = ORIENTED_EDGE('',*,*,#2526,.T.);
#2526 = EDGE_CURVE('',#2518,#1254,#2527,.T.);
#2527 = LINE('',#2528,#2529);
#2528 = CARTESIAN_POINT('',(136.36213540009,4.465283143692,0.));
#2529 = VECTOR('',#2530,1.);
#2530 = DIRECTION('',(0.,0.,1.));
#2531 = ORIENTED_EDGE('',*,*,#1261,.T.);
#2532 = CYLINDRICAL_SURFACE('',#2533,8.);
#2533 = AXIS2_PLACEMENT_3D('',#2534,#2535,#2536);
#2534 = CARTESIAN_POINT('',(143.,9.6E-16,0.));
#2535 = DIRECTION('',(-0.,-0.,-1.));
#2536 = DIRECTION('',(1.,0.,0.));
#2537 = ADVANCED_FACE('',(#2538),#2556,.T.);
#2538 = FACE_BOUND('',#2539,.T.);
#2539 = EDGE_LOOP('',(#2540,#2548,#2554,#2555));
#2540 = ORIENTED_EDGE('',*,*,#2541,.T.);
#2541 = EDGE_CURVE('',#2492,#2542,#2544,.T.);
#2542 = VERTEX_POINT('',#2543);
#2543 = CARTESIAN_POINT('',(-97.67712607595,-58.35203728862,2.));
#2544 = LINE('',#2545,#2546);
#2545 = CARTESIAN_POINT('',(-97.6795618874,-58.35033392397,2.));
#2546 = VECTOR('',#2547,1.);
#2547 = DIRECTION('',(-0.819501061352,0.573077665281,0.));
#2548 = ORIENTED_EDGE('',*,*,#2549,.T.);
#2549 = EDGE_CURVE('',#2542,#1229,#2550,.T.);
#2550 = LINE('',#2551,#2552);
#2551 = CARTESIAN_POINT('',(-97.67712607595,-58.35203728862,0.));
#2552 = VECTOR('',#2553,1.);
#2553 = DIRECTION('',(0.,0.,1.));
#2554 = ORIENTED_EDGE('',*,*,#1228,.T.);
#2555 = ORIENTED_EDGE('',*,*,#2491,.F.);
#2556 = PLANE('',#2557);
#2557 = AXIS2_PLACEMENT_3D('',#2558,#2559,#2560);
#2558 = CARTESIAN_POINT('',(-135.8758765749,-31.63962435222,0.));
#2559 = DIRECTION('',(0.573077665281,0.819501061352,0.));
#2560 = DIRECTION('',(0.819501061352,-0.573077665281,0.));
#2561 = ADVANCED_FACE('',(#2562),#2580,.F.);
#2562 = FACE_BOUND('',#2563,.F.);
#2563 = EDGE_LOOP('',(#2564,#2572,#2578,#2579));
#2564 = ORIENTED_EDGE('',*,*,#2565,.T.);
#2565 = EDGE_CURVE('',#2518,#2566,#2568,.T.);
#2566 = VERTEX_POINT('',#2567);
#2567 = CARTESIAN_POINT('',(5.170580862892,121.89548580636,2.));
#2568 = LINE('',#2569,#2570);
#2569 = CARTESIAN_POINT('',(34.022992615049,96.069550811426,2.));
#2570 = VECTOR('',#2571,1.);
#2571 = DIRECTION('',(-0.745105022702,0.666947153187,0.));
#2572 = ORIENTED_EDGE('',*,*,#2573,.T.);
#2573 = EDGE_CURVE('',#2566,#1245,#2574,.T.);
#2574 = LINE('',#2575,#2576);
#2575 = CARTESIAN_POINT('',(5.170580862892,121.89548580636,0.));
#2576 = VECTOR('',#2577,1.);
#2577 = DIRECTION('',(0.,0.,1.));
#2578 = ORIENTED_EDGE('',*,*,#1253,.T.);
#2579 = ORIENTED_EDGE('',*,*,#2526,.F.);
#2580 = PLANE('',#2581);
#2581 = AXIS2_PLACEMENT_3D('',#2582,#2583,#2584);
#2582 = CARTESIAN_POINT('',(5.170580862892,121.89548580636,0.));
#2583 = DIRECTION('',(0.666947153187,0.745105022702,0.));
#2584 = DIRECTION('',(0.745105022702,-0.666947153187,0.));
#2585 = ADVANCED_FACE('',(#2586),#2604,.F.);
#2586 = FACE_BOUND('',#2587,.F.);
#2587 = EDGE_LOOP('',(#2588,#2596,#2597,#2598));
#2588 = ORIENTED_EDGE('',*,*,#2589,.T.);
#2589 = EDGE_CURVE('',#2590,#2542,#2592,.T.);
#2590 = VERTEX_POINT('',#2591);
#2591 = CARTESIAN_POINT('',(-2.743742910347,120.48522290138,2.));
#2592 = LINE('',#2593,#2594);
#2593 = CARTESIAN_POINT('',(-74.85758588672,-15.36416610826,2.));
#2594 = VECTOR('',#2595,1.);
#2595 = DIRECTION('',(-0.46887050642,-0.883266917874,0.));
#2596 = ORIENTED_EDGE('',*,*,#2549,.T.);
#2597 = ORIENTED_EDGE('',*,*,#1236,.T.);
#2598 = ORIENTED_EDGE('',*,*,#2599,.F.);
#2599 = EDGE_CURVE('',#2590,#1237,#2600,.T.);
#2600 = LINE('',#2601,#2602);
#2601 = CARTESIAN_POINT('',(-2.743742910348,120.48522290138,0.));
#2602 = VECTOR('',#2603,1.);
#2603 = DIRECTION('',(0.,0.,1.));
#2604 = PLANE('',#2605);
#2605 = AXIS2_PLACEMENT_3D('',#2606,#2607,#2608);
#2606 = CARTESIAN_POINT('',(-97.67712607595,-58.35203728862,0.));
#2607 = DIRECTION('',(-0.883266917874,0.46887050642,0.));
#2608 = DIRECTION('',(0.46887050642,0.883266917874,0.));
#2609 = ADVANCED_FACE('',(#2610),#2622,.T.);
#2610 = FACE_BOUND('',#2611,.F.);
#2611 = EDGE_LOOP('',(#2612,#2613,#2620,#2621));
#2612 = ORIENTED_EDGE('',*,*,#2573,.F.);
#2613 = ORIENTED_EDGE('',*,*,#2614,.T.);
#2614 = EDGE_CURVE('',#2566,#2590,#2615,.T.);
#2615 = CIRCLE('',#2616,8.);
#2616 = AXIS2_PLACEMENT_3D('',#2617,#2618,#2619);
#2617 = CARTESIAN_POINT('',(-1.106E-14,128.,2.));
#2618 = DIRECTION('',(0.,0.,-1.));
#2619 = DIRECTION('',(1.,0.,0.));
#2620 = ORIENTED_EDGE('',*,*,#2599,.T.);
#2621 = ORIENTED_EDGE('',*,*,#1244,.T.);
#2622 = CYLINDRICAL_SURFACE('',#2623,8.);
#2623 = AXIS2_PLACEMENT_3D('',#2624,#2625,#2626);
#2624 = CARTESIAN_POINT('',(-1.106E-14,128.,0.));
#2625 = DIRECTION('',(-0.,-0.,-1.));
#2626 = DIRECTION('',(1.,0.,0.));
#2627 = ADVANCED_FACE('',(#2628),#2654,.T.);
#2628 = FACE_BOUND('',#2629,.F.);
#2629 = EDGE_LOOP('',(#2630,#2641,#2647,#2648));
#2630 = ORIENTED_EDGE('',*,*,#2631,.T.);
#2631 = EDGE_CURVE('',#2632,#2634,#2636,.T.);
#2632 = VERTEX_POINT('',#2633);
#2633 = CARTESIAN_POINT('',(138.5347168563,-121.3621354,2.));
#2634 = VERTEX_POINT('',#2635);
#2635 = CARTESIAN_POINT('',(141.9,-120.0759858657,2.));
#2636 = CIRCLE('',#2637,8.);
#2637 = AXIS2_PLACEMENT_3D('',#2638,#2639,#2640);
#2638 = CARTESIAN_POINT('',(143.,-128.,2.));
#2639 = DIRECTION('',(0.,0.,-1.));
#2640 = DIRECTION('',(1.,0.,0.));
#2641 = ORIENTED_EDGE('',*,*,#2642,.T.);
#2642 = EDGE_CURVE('',#2634,#1271,#2643,.T.);
#2643 = LINE('',#2644,#2645);
#2644 = CARTESIAN_POINT('',(141.9,-120.0759858657,0.));
#2645 = VECTOR('',#2646,1.);
#2646 = DIRECTION('',(0.,0.,1.));
#2647 = ORIENTED_EDGE('',*,*,#1270,.T.);
#2648 = ORIENTED_EDGE('',*,*,#2649,.F.);
#2649 = EDGE_CURVE('',#2632,#1273,#2650,.T.);
#2650 = LINE('',#2651,#2652);
#2651 = CARTESIAN_POINT('',(138.5347168563,-121.3621354,0.));
#2652 = VECTOR('',#2653,1.);
#2653 = DIRECTION('',(0.,0.,1.));
#2654 = CYLINDRICAL_SURFACE('',#2655,8.);
#2655 = AXIS2_PLACEMENT_3D('',#2656,#2657,#2658);
#2656 = CARTESIAN_POINT('',(143.,-128.,0.));
#2657 = DIRECTION('',(-0.,-0.,-1.));
#2658 = DIRECTION('',(1.,0.,0.));
#2659 = ADVANCED_FACE('',(#2660),#2678,.F.);
#2660 = FACE_BOUND('',#2661,.F.);
#2661 = EDGE_LOOP('',(#2662,#2663,#2671,#2677));
#2662 = ORIENTED_EDGE('',*,*,#2642,.F.);
#2663 = ORIENTED_EDGE('',*,*,#2664,.T.);
#2664 = EDGE_CURVE('',#2634,#2665,#2667,.T.);
#2665 = VERTEX_POINT('',#2666);
#2666 = CARTESIAN_POINT('',(141.9,-7.924014134263,2.));
#2667 = LINE('',#2668,#2669);
#2668 = CARTESIAN_POINT('',(141.9,60.037992932869,2.));
#2669 = VECTOR('',#2670,1.);
#2670 = DIRECTION('',(0.,1.,0.));
#2671 = ORIENTED_EDGE('',*,*,#2672,.F.);
#2672 = EDGE_CURVE('',#1298,#2665,#2673,.T.);
#2673 = LINE('',#2674,#2675);
#2674 = CARTESIAN_POINT('',(141.9,-7.924014134263,0.));
#2675 = VECTOR('',#2676,1.);
#2676 = DIRECTION('',(-0.,-0.,-1.));
#2677 = ORIENTED_EDGE('',*,*,#1306,.T.);
#2678 = PLANE('',#2679);
#2679 = AXIS2_PLACEMENT_3D('',#2680,#2681,#2682);
#2680 = CARTESIAN_POINT('',(141.9,120.07598586573,0.));
#2681 = DIRECTION('',(1.,0.,0.));
#2682 = DIRECTION('',(0.,-1.,0.));
#2683 = ADVANCED_FACE('',(#2684),#2702,.T.);
#2684 = FACE_BOUND('',#2685,.T.);
#2685 = EDGE_LOOP('',(#2686,#2694,#2700,#2701));
#2686 = ORIENTED_EDGE('',*,*,#2687,.T.);
#2687 = EDGE_CURVE('',#2632,#2688,#2690,.T.);
#2688 = VERTEX_POINT('',#2689);
#2689 = CARTESIAN_POINT('',(80.944211157765,-57.022742315,2.));
#2690 = LINE('',#2691,#2692);
#2691 = CARTESIAN_POINT('',(48.772867105656,-21.08131888179,2.));
#2692 = VECTOR('',#2693,1.);
#2693 = DIRECTION('',(-0.666947153187,0.745105022702,0.));
#2694 = ORIENTED_EDGE('',*,*,#2695,.T.);
#2695 = EDGE_CURVE('',#2688,#1282,#2696,.T.);
#2696 = LINE('',#2697,#2698);
#2697 = CARTESIAN_POINT('',(80.944211157765,-57.022742315,0.));
#2698 = VECTOR('',#2699,1.);
#2699 = DIRECTION('',(0.,0.,1.));
#2700 = ORIENTED_EDGE('',*,*,#1281,.T.);
#2701 = ORIENTED_EDGE('',*,*,#2649,.F.);
#2702 = PLANE('',#2703);
#2703 = AXIS2_PLACEMENT_3D('',#2704,#2705,#2706);
#2704 = CARTESIAN_POINT('',(80.944211157765,-57.022742315,0.));
#2705 = DIRECTION('',(0.745105022702,0.666947153187,0.));
#2706 = DIRECTION('',(0.666947153187,-0.745105022702,0.));
#2707 = ADVANCED_FACE('',(#2708),#2727,.T.);
#2708 = FACE_BOUND('',#2709,.F.);
#2709 = EDGE_LOOP('',(#2710,#2719,#2725,#2726));
#2710 = ORIENTED_EDGE('',*,*,#2711,.T.);
#2711 = EDGE_CURVE('',#2665,#2712,#2714,.T.);
#2712 = VERTEX_POINT('',#2713);
#2713 = CARTESIAN_POINT('',(137.8294191371,-6.104514193636,2.));
#2714 = CIRCLE('',#2715,8.);
#2715 = AXIS2_PLACEMENT_3D('',#2716,#2717,#2718);
#2716 = CARTESIAN_POINT('',(143.,9.6E-16,2.));
#2717 = DIRECTION('',(0.,0.,-1.));
#2718 = DIRECTION('',(1.,0.,0.));
#2719 = ORIENTED_EDGE('',*,*,#2720,.T.);
#2720 = EDGE_CURVE('',#2712,#1290,#2721,.T.);
#2721 = LINE('',#2722,#2723);
#2722 = CARTESIAN_POINT('',(137.8294191371,-6.104514193636,0.));
#2723 = VECTOR('',#2724,1.);
#2724 = DIRECTION('',(0.,0.,1.));
#2725 = ORIENTED_EDGE('',*,*,#1297,.T.);
#2726 = ORIENTED_EDGE('',*,*,#2672,.T.);
#2727 = CYLINDRICAL_SURFACE('',#2728,8.);
#2728 = AXIS2_PLACEMENT_3D('',#2729,#2730,#2731);
#2729 = CARTESIAN_POINT('',(143.,9.6E-16,0.));
#2730 = DIRECTION('',(-0.,-0.,-1.));
#2731 = DIRECTION('',(1.,0.,0.));
#2732 = ADVANCED_FACE('',(#2733),#2744,.T.);
#2733 = FACE_BOUND('',#2734,.T.);
#2734 = EDGE_LOOP('',(#2735,#2741,#2742,#2743));
#2735 = ORIENTED_EDGE('',*,*,#2736,.T.);
#2736 = EDGE_CURVE('',#2688,#2712,#2737,.T.);
#2737 = LINE('',#2738,#2739);
#2738 = CARTESIAN_POINT('',(101.08605362066,-38.99368053003,2.));
#2739 = VECTOR('',#2740,1.);
#2740 = DIRECTION('',(0.745105022702,0.666947153187,0.));
#2741 = ORIENTED_EDGE('',*,*,#2720,.T.);
#2742 = ORIENTED_EDGE('',*,*,#1289,.T.);
#2743 = ORIENTED_EDGE('',*,*,#2695,.F.);
#2744 = PLANE('',#2745);
#2745 = AXIS2_PLACEMENT_3D('',#2746,#2747,#2748);
#2746 = CARTESIAN_POINT('',(137.8294191371,-6.104514193636,0.));
#2747 = DIRECTION('',(0.666947153187,-0.745105022702,0.));
#2748 = DIRECTION('',(-0.745105022702,-0.666947153187,0.));
#2749 = ADVANCED_FACE('',(#2750),#2769,.F.);
#2750 = FACE_BOUND('',#2751,.T.);
#2751 = EDGE_LOOP('',(#2752,#2761,#2767,#2768));
#2752 = ORIENTED_EDGE('',*,*,#2753,.T.);
#2753 = EDGE_CURVE('',#2754,#2754,#2756,.T.);
#2754 = VERTEX_POINT('',#2755);
#2755 = CARTESIAN_POINT('',(-137.6,128.,6.));
#2756 = CIRCLE('',#2757,5.4);
#2757 = AXIS2_PLACEMENT_3D('',#2758,#2759,#2760);
#2758 = CARTESIAN_POINT('',(-143.,128.,6.));
#2759 = DIRECTION('',(0.,0.,-1.));
#2760 = DIRECTION('',(1.,0.,0.));
#2761 = ORIENTED_EDGE('',*,*,#2762,.T.);
#2762 = EDGE_CURVE('',#2754,#1315,#2763,.T.);
#2763 = LINE('',#2764,#2765);
#2764 = CARTESIAN_POINT('',(-137.6,128.,0.));
#2765 = VECTOR('',#2766,1.);
#2766 = DIRECTION('',(0.,0.,1.));
#2767 = ORIENTED_EDGE('',*,*,#1314,.T.);
#2768 = ORIENTED_EDGE('',*,*,#2762,.F.);
#2769 = CYLINDRICAL_SURFACE('',#2770,5.4);
#2770 = AXIS2_PLACEMENT_3D('',#2771,#2772,#2773);
#2771 = CARTESIAN_POINT('',(-143.,128.,0.));
#2772 = DIRECTION('',(-0.,-0.,-1.));
#2773 = DIRECTION('',(1.,0.,0.));
#2774 = ADVANCED_FACE('',(#2775),#2801,.T.);
#2775 = FACE_BOUND('',#2776,.F.);
#2776 = EDGE_LOOP('',(#2777,#2785,#2794,#2800));
#2777 = ORIENTED_EDGE('',*,*,#2778,.F.);
#2778 = EDGE_CURVE('',#2779,#1328,#2781,.T.);
#2779 = VERTEX_POINT('',#2780);
#2780 = CARTESIAN_POINT('',(-4.686930129669,121.5167380155,2.));
#2781 = LINE('',#2782,#2783);
#2782 = CARTESIAN_POINT('',(-4.686930129669,121.5167380155,0.));
#2783 = VECTOR('',#2784,1.);
#2784 = DIRECTION('',(0.,0.,1.));
#2785 = ORIENTED_EDGE('',*,*,#2786,.T.);
#2786 = EDGE_CURVE('',#2779,#2787,#2789,.T.);
#2787 = VERTEX_POINT('',#2788);
#2788 = CARTESIAN_POINT('',(-7.924014134263,126.9,2.));
#2789 = CIRCLE('',#2790,8.);
#2790 = AXIS2_PLACEMENT_3D('',#2791,#2792,#2793);
#2791 = CARTESIAN_POINT('',(-1.106E-14,128.,2.));
#2792 = DIRECTION('',(0.,0.,-1.));
#2793 = DIRECTION('',(1.,0.,0.));
#2794 = ORIENTED_EDGE('',*,*,#2795,.F.);
#2795 = EDGE_CURVE('',#1326,#2787,#2796,.T.);
#2796 = LINE('',#2797,#2798);
#2797 = CARTESIAN_POINT('',(-7.924014134263,126.9,0.));
#2798 = VECTOR('',#2799,1.);
#2799 = DIRECTION('',(-0.,-0.,-1.));
#2800 = ORIENTED_EDGE('',*,*,#1325,.T.);
#2801 = CYLINDRICAL_SURFACE('',#2802,8.);
#2802 = AXIS2_PLACEMENT_3D('',#2803,#2804,#2805);
#2803 = CARTESIAN_POINT('',(-1.106E-14,128.,0.));
#2804 = DIRECTION('',(-0.,-0.,-1.));
#2805 = DIRECTION('',(1.,0.,0.));
#2806 = ADVANCED_FACE('',(#2807),#2825,.F.);
#2807 = FACE_BOUND('',#2808,.F.);
#2808 = EDGE_LOOP('',(#2809,#2817,#2823,#2824));
#2809 = ORIENTED_EDGE('',*,*,#2810,.T.);
#2810 = EDGE_CURVE('',#2787,#2811,#2813,.T.);
#2811 = VERTEX_POINT('',#2812);
#2812 = CARTESIAN_POINT('',(-130.3401135548,126.9,2.));
#2813 = LINE('',#2814,#2815);
#2814 = CARTESIAN_POINT('',(-65.1700567774,126.9,2.));
#2815 = VECTOR('',#2816,1.);
#2816 = DIRECTION('',(-1.,0.,0.));
#2817 = ORIENTED_EDGE('',*,*,#2818,.T.);
#2818 = EDGE_CURVE('',#2811,#1345,#2819,.T.);
#2819 = LINE('',#2820,#2821);
#2820 = CARTESIAN_POINT('',(-130.3401135548,126.9,0.));
#2821 = VECTOR('',#2822,1.);
#2822 = DIRECTION('',(0.,0.,1.));
#2823 = ORIENTED_EDGE('',*,*,#1352,.T.);
#2824 = ORIENTED_EDGE('',*,*,#2795,.T.);
#2825 = PLANE('',#2826);
#2826 = AXIS2_PLACEMENT_3D('',#2827,#2828,#2829);
#2827 = CARTESIAN_POINT('',(-130.3401135548,126.9,0.));
#2828 = DIRECTION('',(0.,1.,0.));
#2829 = DIRECTION('',(1.,0.,0.));
#2830 = ADVANCED_FACE('',(#2831),#2849,.F.);
#2831 = FACE_BOUND('',#2832,.F.);
#2832 = EDGE_LOOP('',(#2833,#2841,#2842,#2843));
#2833 = ORIENTED_EDGE('',*,*,#2834,.T.);
#2834 = EDGE_CURVE('',#2835,#2779,#2837,.T.);
#2835 = VERTEX_POINT('',#2836);
#2836 = CARTESIAN_POINT('',(-29.82009595828,74.170416133677,2.));
#2837 = LINE('',#2838,#2839);
#2838 = CARTESIAN_POINT('',(-29.33408152323,75.085979100859,2.));
#2839 = VECTOR('',#2840,1.);
#2840 = DIRECTION('',(0.46887050642,0.883266917874,0.));
#2841 = ORIENTED_EDGE('',*,*,#2778,.T.);
#2842 = ORIENTED_EDGE('',*,*,#1336,.T.);
#2843 = ORIENTED_EDGE('',*,*,#2844,.F.);
#2844 = EDGE_CURVE('',#2835,#1337,#2845,.T.);
#2845 = LINE('',#2846,#2847);
#2846 = CARTESIAN_POINT('',(-29.82009595828,74.170416133677,0.));
#2847 = VECTOR('',#2848,1.);
#2848 = DIRECTION('',(0.,0.,1.));
#2849 = PLANE('',#2850);
#2850 = AXIS2_PLACEMENT_3D('',#2851,#2852,#2853);
#2851 = CARTESIAN_POINT('',(-4.686930129669,121.5167380155,0.));
#2852 = DIRECTION('',(0.883266917874,-0.46887050642,0.));
#2853 = DIRECTION('',(-0.46887050642,-0.883266917874,0.));
#2854 = ADVANCED_FACE('',(#2855),#2866,.F.);
#2855 = FACE_BOUND('',#2856,.F.);
#2856 = EDGE_LOOP('',(#2857,#2863,#2864,#2865));
#2857 = ORIENTED_EDGE('',*,*,#2858,.T.);
#2858 = EDGE_CURVE('',#2811,#2835,#2859,.T.);
#2859 = LINE('',#2860,#2861);
#2860 = CARTESIAN_POINT('',(-2.871752926402,60.034177920295,2.));
#2861 = VECTOR('',#2862,1.);
#2862 = DIRECTION('',(0.885555302152,-0.464533967359,0.));
#2863 = ORIENTED_EDGE('',*,*,#2844,.T.);
#2864 = ORIENTED_EDGE('',*,*,#1344,.T.);
#2865 = ORIENTED_EDGE('',*,*,#2818,.F.);
#2866 = PLANE('',#2867);
#2867 = AXIS2_PLACEMENT_3D('',#2868,#2869,#2870);
#2868 = CARTESIAN_POINT('',(-29.82009595828,74.170416133677,0.));
#2869 = DIRECTION('',(-0.464533967359,-0.885555302152,0.));
#2870 = DIRECTION('',(-0.885555302152,0.464533967359,0.));
#2871 = ADVANCED_FACE('',(#2872),#2898,.T.);
#2872 = FACE_BOUND('',#2873,.F.);
#2873 = EDGE_LOOP('',(#2874,#2882,#2891,#2897));
#2874 = ORIENTED_EDGE('',*,*,#2875,.F.);
#2875 = EDGE_CURVE('',#2876,#1363,#2878,.T.);
#2876 = VERTEX_POINT('',#2877);
#2877 = CARTESIAN_POINT('',(137.8294191371,6.104514193636,2.));
#2878 = LINE('',#2879,#2880);
#2879 = CARTESIAN_POINT('',(137.8294191371,6.104514193636,0.));
#2880 = VECTOR('',#2881,1.);
#2881 = DIRECTION('',(0.,0.,1.));
#2882 = ORIENTED_EDGE('',*,*,#2883,.T.);
#2883 = EDGE_CURVE('',#2876,#2884,#2886,.T.);
#2884 = VERTEX_POINT('',#2885);
#2885 = CARTESIAN_POINT('',(141.9,7.924014134263,2.));
#2886 = CIRCLE('',#2887,8.);
#2887 = AXIS2_PLACEMENT_3D('',#2888,#2889,#2890);
#2888 = CARTESIAN_POINT('',(143.,9.6E-16,2.));
#2889 = DIRECTION('',(0.,0.,-1.));
#2890 = DIRECTION('',(1.,0.,0.));
#2891 = ORIENTED_EDGE('',*,*,#2892,.F.);
#2892 = EDGE_CURVE('',#1361,#2884,#2893,.T.);
#2893 = LINE('',#2894,#2895);
#2894 = CARTESIAN_POINT('',(141.9,7.924014134263,0.));
#2895 = VECTOR('',#2896,1.);
#2896 = DIRECTION('',(-0.,-0.,-1.));
#2897 = ORIENTED_EDGE('',*,*,#1360,.T.);
#2898 = CYLINDRICAL_SURFACE('',#2899,8.);
#2899 = AXIS2_PLACEMENT_3D('',#2900,#2901,#2902);
#2900 = CARTESIAN_POINT('',(143.,9.6E-16,0.));
#2901 = DIRECTION('',(-0.,-0.,-1.));
#2902 = DIRECTION('',(1.,0.,0.));
#2903 = ADVANCED_FACE('',(#2904),#2922,.F.);
#2904 = FACE_BOUND('',#2905,.F.);
#2905 = EDGE_LOOP('',(#2906,#2914,#2920,#2921));
#2906 = ORIENTED_EDGE('',*,*,#2907,.T.);
#2907 = EDGE_CURVE('',#2884,#2908,#2910,.T.);
#2908 = VERTEX_POINT('',#2909);
#2909 = CARTESIAN_POINT('',(141.9,120.07598586573,2.));
#2910 = LINE('',#2911,#2912);
#2911 = CARTESIAN_POINT('',(141.9,60.037992932869,2.));
#2912 = VECTOR('',#2913,1.);
#2913 = DIRECTION('',(0.,1.,0.));
#2914 = ORIENTED_EDGE('',*,*,#2915,.T.);
#2915 = EDGE_CURVE('',#2908,#1388,#2916,.T.);
#2916 = LINE('',#2917,#2918);
#2917 = CARTESIAN_POINT('',(141.9,120.07598586573,0.));
#2918 = VECTOR('',#2919,1.);
#2919 = DIRECTION('',(0.,0.,1.));
#2920 = ORIENTED_EDGE('',*,*,#1396,.T.);
#2921 = ORIENTED_EDGE('',*,*,#2892,.T.);
#2922 = PLANE('',#2923);
#2923 = AXIS2_PLACEMENT_3D('',#2924,#2925,#2926);
#2924 = CARTESIAN_POINT('',(141.9,120.07598586573,0.));
#2925 = DIRECTION('',(1.,0.,0.));
#2926 = DIRECTION('',(0.,-1.,0.));
#2927 = ADVANCED_FACE('',(#2928),#2946,.T.);
#2928 = FACE_BOUND('',#2929,.T.);
#2929 = EDGE_LOOP('',(#2930,#2938,#2944,#2945));
#2930 = ORIENTED_EDGE('',*,*,#2931,.T.);
#2931 = EDGE_CURVE('',#2876,#2932,#2934,.T.);
#2932 = VERTEX_POINT('',#2933);
#2933 = CARTESIAN_POINT('',(80.944211157765,57.022742315005,2.));
#2934 = LINE('',#2935,#2936);
#2935 = CARTESIAN_POINT('',(35.490276352061,97.70878186137,2.));
#2936 = VECTOR('',#2937,1.);
#2937 = DIRECTION('',(-0.745105022702,0.666947153187,0.));
#2938 = ORIENTED_EDGE('',*,*,#2939,.T.);
#2939 = EDGE_CURVE('',#2932,#1372,#2940,.T.);
#2940 = LINE('',#2941,#2942);
#2941 = CARTESIAN_POINT('',(80.944211157765,57.022742315005,0.));
#2942 = VECTOR('',#2943,1.);
#2943 = DIRECTION('',(0.,0.,1.));
#2944 = ORIENTED_EDGE('',*,*,#1371,.T.);
#2945 = ORIENTED_EDGE('',*,*,#2875,.F.);
#2946 = PLANE('',#2947);
#2947 = AXIS2_PLACEMENT_3D('',#2948,#2949,#2950);
#2948 = CARTESIAN_POINT('',(6.637864599904,123.5347168563,0.));
#2949 = DIRECTION('',(0.666947153187,0.745105022702,0.));
#2950 = DIRECTION('',(0.745105022702,-0.666947153187,0.));
#2951 = ADVANCED_FACE('',(#2952),#2971,.T.);
#2952 = FACE_BOUND('',#2953,.F.);
#2953 = EDGE_LOOP('',(#2954,#2955,#2964,#2970));
#2954 = ORIENTED_EDGE('',*,*,#2915,.F.);
#2955 = ORIENTED_EDGE('',*,*,#2956,.T.);
#2956 = EDGE_CURVE('',#2908,#2957,#2959,.T.);
#2957 = VERTEX_POINT('',#2958);
#2958 = CARTESIAN_POINT('',(138.5347168563,121.36213540009,2.));
#2959 = CIRCLE('',#2960,8.);
#2960 = AXIS2_PLACEMENT_3D('',#2961,#2962,#2963);
#2961 = CARTESIAN_POINT('',(143.,128.,2.));
#2962 = DIRECTION('',(0.,0.,-1.));
#2963 = DIRECTION('',(1.,0.,0.));
#2964 = ORIENTED_EDGE('',*,*,#2965,.T.);
#2965 = EDGE_CURVE('',#2957,#1380,#2966,.T.);
#2966 = LINE('',#2967,#2968);
#2967 = CARTESIAN_POINT('',(138.5347168563,121.36213540009,0.));
#2968 = VECTOR('',#2969,1.);
#2969 = DIRECTION('',(0.,0.,1.));
#2970 = ORIENTED_EDGE('',*,*,#1387,.T.);
#2971 = CYLINDRICAL_SURFACE('',#2972,8.);
#2972 = AXIS2_PLACEMENT_3D('',#2973,#2974,#2975);
#2973 = CARTESIAN_POINT('',(143.,128.,0.));
#2974 = DIRECTION('',(-0.,-0.,-1.));
#2975 = DIRECTION('',(1.,0.,0.));
#2976 = ADVANCED_FACE('',(#2977),#2988,.F.);
#2977 = FACE_BOUND('',#2978,.F.);
#2978 = EDGE_LOOP('',(#2979,#2985,#2986,#2987));
#2979 = ORIENTED_EDGE('',*,*,#2980,.T.);
#2980 = EDGE_CURVE('',#2957,#2932,#2981,.T.);
#2981 = LINE('',#2982,#2983);
#2982 = CARTESIAN_POINT('',(48.772867105656,21.08131888179,2.));
#2983 = VECTOR('',#2984,1.);
#2984 = DIRECTION('',(-0.666947153187,-0.745105022702,0.));
#2985 = ORIENTED_EDGE('',*,*,#2939,.T.);
#2986 = ORIENTED_EDGE('',*,*,#1379,.T.);
#2987 = ORIENTED_EDGE('',*,*,#2965,.F.);
#2988 = PLANE('',#2989);
#2989 = AXIS2_PLACEMENT_3D('',#2990,#2991,#2992);
#2990 = CARTESIAN_POINT('',(80.944211157765,57.022742315005,0.));
#2991 = DIRECTION('',(-0.745105022702,0.666947153187,0.));
#2992 = DIRECTION('',(0.666947153187,0.745105022702,0.));
#2993 = ADVANCED_FACE('',(#2994),#3020,.T.);
#2994 = FACE_BOUND('',#2995,.F.);
#2995 = EDGE_LOOP('',(#2996,#3007,#3013,#3014));
#2996 = ORIENTED_EDGE('',*,*,#2997,.T.);
#2997 = EDGE_CURVE('',#2998,#3000,#3002,.T.);
#2998 = VERTEX_POINT('',#2999);
#2999 = CARTESIAN_POINT('',(136.89548580636,122.8294191371,2.));
#3000 = VERTEX_POINT('',#3001);
#3001 = CARTESIAN_POINT('',(135.07598586573,126.9,2.));
#3002 = CIRCLE('',#3003,8.);
#3003 = AXIS2_PLACEMENT_3D('',#3004,#3005,#3006);
#3004 = CARTESIAN_POINT('',(143.,128.,2.));
#3005 = DIRECTION('',(0.,0.,-1.));
#3006 = DIRECTION('',(1.,0.,0.));
#3007 = ORIENTED_EDGE('',*,*,#3008,.T.);
#3008 = EDGE_CURVE('',#3000,#1405,#3009,.T.);
#3009 = LINE('',#3010,#3011);
#3010 = CARTESIAN_POINT('',(135.07598586573,126.9,0.));
#3011 = VECTOR('',#3012,1.);
#3012 = DIRECTION('',(0.,0.,1.));
#3013 = ORIENTED_EDGE('',*,*,#1404,.T.);
#3014 = ORIENTED_EDGE('',*,*,#3015,.F.);
#3015 = EDGE_CURVE('',#2998,#1407,#3016,.T.);
#3016 = LINE('',#3017,#3018);
#3017 = CARTESIAN_POINT('',(136.89548580636,122.8294191371,0.));
#3018 = VECTOR('',#3019,1.);
#3019 = DIRECTION('',(0.,0.,1.));
#3020 = CYLINDRICAL_SURFACE('',#3021,8.);
#3021 = AXIS2_PLACEMENT_3D('',#3022,#3023,#3024);
#3022 = CARTESIAN_POINT('',(143.,128.,0.));
#3023 = DIRECTION('',(-0.,-0.,-1.));
#3024 = DIRECTION('',(1.,0.,0.));
#3025 = ADVANCED_FACE('',(#3026),#3044,.F.);
#3026 = FACE_BOUND('',#3027,.F.);
#3027 = EDGE_LOOP('',(#3028,#3029,#3037,#3043));
#3028 = ORIENTED_EDGE('',*,*,#3008,.F.);
#3029 = ORIENTED_EDGE('',*,*,#3030,.T.);
#3030 = EDGE_CURVE('',#3000,#3031,#3033,.T.);
#3031 = VERTEX_POINT('',#3032);
#3032 = CARTESIAN_POINT('',(7.924014134263,126.9,2.));
#3033 = LINE('',#3034,#3035);
#3034 = CARTESIAN_POINT('',(-65.1700567774,126.9,2.));
#3035 = VECTOR('',#3036,1.);
#3036 = DIRECTION('',(-1.,0.,0.));
#3037 = ORIENTED_EDGE('',*,*,#3038,.F.);
#3038 = EDGE_CURVE('',#1432,#3031,#3039,.T.);
#3039 = LINE('',#3040,#3041);
#3040 = CARTESIAN_POINT('',(7.924014134263,126.9,0.));
#3041 = VECTOR('',#3042,1.);
#3042 = DIRECTION('',(-0.,-0.,-1.));
#3043 = ORIENTED_EDGE('',*,*,#1440,.T.);
#3044 = PLANE('',#3045);
#3045 = AXIS2_PLACEMENT_3D('',#3046,#3047,#3048);
#3046 = CARTESIAN_POINT('',(-130.3401135548,126.9,0.));
#3047 = DIRECTION('',(0.,1.,0.));
#3048 = DIRECTION('',(1.,0.,0.));
#3049 = ADVANCED_FACE('',(#3050),#3068,.F.);
#3050 = FACE_BOUND('',#3051,.F.);
#3051 = EDGE_LOOP('',(#3052,#3060,#3061,#3062));
#3052 = ORIENTED_EDGE('',*,*,#3053,.T.);
#3053 = EDGE_CURVE('',#3054,#2998,#3056,.T.);
#3054 = VERTEX_POINT('',#3055);
#3055 = CARTESIAN_POINT('',(79.304980107822,58.490026052018,2.));
#3056 = LINE('',#3057,#3058);
#3057 = CARTESIAN_POINT('',(75.928888904984,54.718299161347,2.));
#3058 = VECTOR('',#3059,1.);
#3059 = DIRECTION('',(0.666947153187,0.745105022702,0.));
#3060 = ORIENTED_EDGE('',*,*,#3015,.T.);
#3061 = ORIENTED_EDGE('',*,*,#1415,.T.);
#3062 = ORIENTED_EDGE('',*,*,#3063,.F.);
#3063 = EDGE_CURVE('',#3054,#1416,#3064,.T.);
#3064 = LINE('',#3065,#3066);
#3065 = CARTESIAN_POINT('',(79.304980107822,58.490026052018,0.));
#3066 = VECTOR('',#3067,1.);
#3067 = DIRECTION('',(0.,0.,1.));
#3068 = PLANE('',#3069);
#3069 = AXIS2_PLACEMENT_3D('',#3070,#3071,#3072);
#3070 = CARTESIAN_POINT('',(136.89548580636,122.8294191371,0.));
#3071 = DIRECTION('',(0.745105022702,-0.666947153187,0.));
#3072 = DIRECTION('',(-0.666947153187,-0.745105022702,0.));
#3073 = ADVANCED_FACE('',(#3074),#3093,.T.);
#3074 = FACE_BOUND('',#3075,.F.);
#3075 = EDGE_LOOP('',(#3076,#3085,#3091,#3092));
#3076 = ORIENTED_EDGE('',*,*,#3077,.T.);
#3077 = EDGE_CURVE('',#3031,#3078,#3080,.T.);
#3078 = VERTEX_POINT('',#3079);
#3079 = CARTESIAN_POINT('',(6.637864599904,123.5347168563,2.));
#3080 = CIRCLE('',#3081,8.);
#3081 = AXIS2_PLACEMENT_3D('',#3082,#3083,#3084);
#3082 = CARTESIAN_POINT('',(-1.106E-14,128.,2.));
#3083 = DIRECTION('',(0.,0.,-1.));
#3084 = DIRECTION('',(1.,0.,0.));
#3085 = ORIENTED_EDGE('',*,*,#3086,.T.);
#3086 = EDGE_CURVE('',#3078,#1424,#3087,.T.);
#3087 = LINE('',#3088,#3089);
#3088 = CARTESIAN_POINT('',(6.637864599904,123.5347168563,0.));
#3089 = VECTOR('',#3090,1.);
#3090 = DIRECTION('',(0.,0.,1.));
#3091 = ORIENTED_EDGE('',*,*,#1431,.T.);
#3092 = ORIENTED_EDGE('',*,*,#3038,.T.);
#3093 = CYLINDRICAL_SURFACE('',#3094,8.);
#3094 = AXIS2_PLACEMENT_3D('',#3095,#3096,#3097);
#3095 = CARTESIAN_POINT('',(-1.106E-14,128.,0.));
#3096 = DIRECTION('',(-0.,-0.,-1.));
#3097 = DIRECTION('',(1.,0.,0.));
#3098 = ADVANCED_FACE('',(#3099),#3110,.T.);
#3099 = FACE_BOUND('',#3100,.T.);
#3100 = EDGE_LOOP('',(#3101,#3107,#3108,#3109));
#3101 = ORIENTED_EDGE('',*,*,#3102,.T.);
#3102 = EDGE_CURVE('',#3054,#3078,#3103,.T.);
#3103 = LINE('',#3104,#3105);
#3104 = CARTESIAN_POINT('',(35.490276352061,97.70878186137,2.));
#3105 = VECTOR('',#3106,1.);
#3106 = DIRECTION('',(-0.745105022702,0.666947153187,0.));
#3107 = ORIENTED_EDGE('',*,*,#3086,.T.);
#3108 = ORIENTED_EDGE('',*,*,#1423,.T.);
#3109 = ORIENTED_EDGE('',*,*,#3063,.F.);
#3110 = PLANE('',#3111);
#3111 = AXIS2_PLACEMENT_3D('',#3112,#3113,#3114);
#3112 = CARTESIAN_POINT('',(6.637864599904,123.5347168563,0.));
#3113 = DIRECTION('',(0.666947153187,0.745105022702,0.));
#3114 = DIRECTION('',(0.745105022702,-0.666947153187,0.));
#3115 = ADVANCED_FACE('',(#3116),#3135,.F.);
#3116 = FACE_BOUND('',#3117,.T.);
#3117 = EDGE_LOOP('',(#3118,#3127,#3133,#3134));
#3118 = ORIENTED_EDGE('',*,*,#3119,.T.);
#3119 = EDGE_CURVE('',#3120,#3120,#3122,.T.);
#3120 = VERTEX_POINT('',#3121);
#3121 = CARTESIAN_POINT('',(148.4,128.,6.));
#3122 = CIRCLE('',#3123,5.4);
#3123 = AXIS2_PLACEMENT_3D('',#3124,#3125,#3126);
#3124 = CARTESIAN_POINT('',(143.,128.,6.));
#3125 = DIRECTION('',(0.,0.,-1.));
#3126 = DIRECTION('',(1.,0.,0.));
#3127 = ORIENTED_EDGE('',*,*,#3128,.T.);
#3128 = EDGE_CURVE('',#3120,#1449,#3129,.T.);
#3129 = LINE('',#3130,#3131);
#3130 = CARTESIAN_POINT('',(148.4,128.,0.));
#3131 = VECTOR('',#3132,1.);
#3132 = DIRECTION('',(0.,0.,1.));
#3133 = ORIENTED_EDGE('',*,*,#1448,.T.);
#3134 = ORIENTED_EDGE('',*,*,#3128,.F.);
#3135 = CYLINDRICAL_SURFACE('',#3136,5.4);
#3136 = AXIS2_PLACEMENT_3D('',#3137,#3138,#3139);
#3137 = CARTESIAN_POINT('',(143.,128.,0.));
#3138 = DIRECTION('',(-0.,-0.,-1.));
#3139 = DIRECTION('',(1.,0.,0.));
#3140 = ADVANCED_FACE('',(#3141),#3159,.F.);
#3141 = FACE_BOUND('',#3142,.T.);
#3142 = EDGE_LOOP('',(#3143,#3144,#3151,#3158));
#3143 = ORIENTED_EDGE('',*,*,#1585,.T.);
#3144 = ORIENTED_EDGE('',*,*,#3145,.T.);
#3145 = EDGE_CURVE('',#1586,#3146,#3148,.T.);
#3146 = VERTEX_POINT('',#3147);
#3147 = CARTESIAN_POINT('',(-117.8,28.,1.));
#3148 = B_SPLINE_CURVE_WITH_KNOTS('',1,(#3149,#3150),.UNSPECIFIED.,.F.,
  .F.,(2,2),(-6.,-1.),.PIECEWISE_BEZIER_KNOTS.);
#3149 = CARTESIAN_POINT('',(-117.8,28.,6.));
#3150 = CARTESIAN_POINT('',(-117.8,28.,1.));
#3151 = ORIENTED_EDGE('',*,*,#3152,.F.);
#3152 = EDGE_CURVE('',#3146,#3146,#3153,.T.);
#3153 = CIRCLE('',#3154,1.6);
#3154 = AXIS2_PLACEMENT_3D('',#3155,#3156,#3157);
#3155 = CARTESIAN_POINT('',(-119.4,28.,1.));
#3156 = DIRECTION('',(0.,0.,1.));
#3157 = DIRECTION('',(1.,0.,0.));
#3158 = ORIENTED_EDGE('',*,*,#3145,.F.);
#3159 = CYLINDRICAL_SURFACE('',#3160,1.6);
#3160 = AXIS2_PLACEMENT_3D('',#3161,#3162,#3163);
#3161 = CARTESIAN_POINT('',(-119.4,28.,0.));
#3162 = DIRECTION('',(-0.,-0.,-1.));
#3163 = DIRECTION('',(1.,0.,0.));
#3164 = ADVANCED_FACE('',(#3165,#3263),#3284,.T.);
#3165 = FACE_BOUND('',#3166,.T.);
#3166 = EDGE_LOOP('',(#3167,#3177,#3185,#3193,#3201,#3209,#3217,#3225,
    #3233,#3241,#3249,#3257));
#3167 = ORIENTED_EDGE('',*,*,#3168,.T.);
#3168 = EDGE_CURVE('',#3169,#3171,#3173,.T.);
#3169 = VERTEX_POINT('',#3170);
#3170 = CARTESIAN_POINT('',(157.5,137.5,2.));
#3171 = VERTEX_POINT('',#3172);
#3172 = CARTESIAN_POINT('',(-157.5,137.5,2.));
#3173 = LINE('',#3174,#3175);
#3174 = CARTESIAN_POINT('',(157.5,137.5,2.));
#3175 = VECTOR('',#3176,1.);
#3176 = DIRECTION('',(-1.,0.,0.));
#3177 = ORIENTED_EDGE('',*,*,#3178,.T.);
#3178 = EDGE_CURVE('',#3171,#3179,#3181,.T.);
#3179 = VERTEX_POINT('',#3180);
#3180 = CARTESIAN_POINT('',(-157.5,106.5,2.));
#3181 = LINE('',#3182,#3183);
#3182 = CARTESIAN_POINT('',(-157.5,137.5,2.));
#3183 = VECTOR('',#3184,1.);
#3184 = DIRECTION('',(0.,-1.,0.));
#3185 = ORIENTED_EDGE('',*,*,#3186,.T.);
#3186 = EDGE_CURVE('',#3179,#3187,#3189,.T.);
#3187 = VERTEX_POINT('',#3188);
#3188 = CARTESIAN_POINT('',(-152.5,106.5,2.));
#3189 = LINE('',#3190,#3191);
#3190 = CARTESIAN_POINT('',(-76.25,106.5,2.));
#3191 = VECTOR('',#3192,1.);
#3192 = DIRECTION('',(1.,0.,0.));
#3193 = ORIENTED_EDGE('',*,*,#3194,.T.);
#3194 = EDGE_CURVE('',#3187,#3195,#3197,.T.);
#3195 = VERTEX_POINT('',#3196);
#3196 = CARTESIAN_POINT('',(-152.5,99.5,2.));
#3197 = LINE('',#3198,#3199);
#3198 = CARTESIAN_POINT('',(-152.5,49.75,2.));
#3199 = VECTOR('',#3200,1.);
#3200 = DIRECTION('',(0.,-1.,0.));
#3201 = ORIENTED_EDGE('',*,*,#3202,.T.);
#3202 = EDGE_CURVE('',#3195,#3203,#3205,.T.);
#3203 = VERTEX_POINT('',#3204);
#3204 = CARTESIAN_POINT('',(-157.5,99.5,2.));
#3205 = LINE('',#3206,#3207);
#3206 = CARTESIAN_POINT('',(-78.75,99.5,2.));
#3207 = VECTOR('',#3208,1.);
#3208 = DIRECTION('',(-1.,0.,0.));
#3209 = ORIENTED_EDGE('',*,*,#3210,.T.);
#3210 = EDGE_CURVE('',#3203,#3211,#3213,.T.);
#3211 = VERTEX_POINT('',#3212);
#3212 = CARTESIAN_POINT('',(-157.5,31.5,2.));
#3213 = LINE('',#3214,#3215);
#3214 = CARTESIAN_POINT('',(-157.5,137.5,2.));
#3215 = VECTOR('',#3216,1.);
#3216 = DIRECTION('',(0.,-1.,0.));
#3217 = ORIENTED_EDGE('',*,*,#3218,.T.);
#3218 = EDGE_CURVE('',#3211,#3219,#3221,.T.);
#3219 = VERTEX_POINT('',#3220);
#3220 = CARTESIAN_POINT('',(-152.5,31.5,2.));
#3221 = LINE('',#3222,#3223);
#3222 = CARTESIAN_POINT('',(-76.25,31.5,2.));
#3223 = VECTOR('',#3224,1.);
#3224 = DIRECTION('',(1.,0.,0.));
#3225 = ORIENTED_EDGE('',*,*,#3226,.T.);
#3226 = EDGE_CURVE('',#3219,#3227,#3229,.T.);
#3227 = VERTEX_POINT('',#3228);
#3228 = CARTESIAN_POINT('',(-152.5,24.5,2.));
#3229 = LINE('',#3230,#3231);
#3230 = CARTESIAN_POINT('',(-152.5,12.25,2.));
#3231 = VECTOR('',#3232,1.);
#3232 = DIRECTION('',(0.,-1.,0.));
#3233 = ORIENTED_EDGE('',*,*,#3234,.T.);
#3234 = EDGE_CURVE('',#3227,#3235,#3237,.T.);
#3235 = VERTEX_POINT('',#3236);
#3236 = CARTESIAN_POINT('',(-157.5,24.5,2.));
#3237 = LINE('',#3238,#3239);
#3238 = CARTESIAN_POINT('',(-78.75,24.5,2.));
#3239 = VECTOR('',#3240,1.);
#3240 = DIRECTION('',(-1.,0.,0.));
#3241 = ORIENTED_EDGE('',*,*,#3242,.T.);
#3242 = EDGE_CURVE('',#3235,#3243,#3245,.T.);
#3243 = VERTEX_POINT('',#3244);
#3244 = CARTESIAN_POINT('',(-157.5,-137.5,2.));
#3245 = LINE('',#3246,#3247);
#3246 = CARTESIAN_POINT('',(-157.5,137.5,2.));
#3247 = VECTOR('',#3248,1.);
#3248 = DIRECTION('',(0.,-1.,0.));
#3249 = ORIENTED_EDGE('',*,*,#3250,.T.);
#3250 = EDGE_CURVE('',#3243,#3251,#3253,.T.);
#3251 = VERTEX_POINT('',#3252);
#3252 = CARTESIAN_POINT('',(157.5,-137.5,2.));
#3253 = LINE('',#3254,#3255);
#3254 = CARTESIAN_POINT('',(-157.5,-137.5,2.));
#3255 = VECTOR('',#3256,1.);
#3256 = DIRECTION('',(1.,0.,0.));
#3257 = ORIENTED_EDGE('',*,*,#3258,.T.);
#3258 = EDGE_CURVE('',#3251,#3169,#3259,.T.);
#3259 = LINE('',#3260,#3261);
#3260 = CARTESIAN_POINT('',(157.5,-137.5,2.));
#3261 = VECTOR('',#3262,1.);
#3262 = DIRECTION('',(0.,1.,0.));
#3263 = FACE_BOUND('',#3264,.T.);
#3264 = EDGE_LOOP('',(#3265,#3266,#3267,#3268,#3269,#3270,#3271,#3272,
    #3273,#3274,#3275,#3276,#3277,#3278,#3279,#3280,#3281,#3282,#3283));
#3265 = ORIENTED_EDGE('',*,*,#2027,.T.);
#3266 = ORIENTED_EDGE('',*,*,#1624,.T.);
#3267 = ORIENTED_EDGE('',*,*,#1649,.T.);
#3268 = ORIENTED_EDGE('',*,*,#1672,.T.);
#3269 = ORIENTED_EDGE('',*,*,#1698,.T.);
#3270 = ORIENTED_EDGE('',*,*,#1727,.T.);
#3271 = ORIENTED_EDGE('',*,*,#1753,.T.);
#3272 = ORIENTED_EDGE('',*,*,#1776,.T.);
#3273 = ORIENTED_EDGE('',*,*,#1801,.T.);
#3274 = ORIENTED_EDGE('',*,*,#1826,.T.);
#3275 = ORIENTED_EDGE('',*,*,#1835,.T.);
#3276 = ORIENTED_EDGE('',*,*,#1861,.T.);
#3277 = ORIENTED_EDGE('',*,*,#1885,.T.);
#3278 = ORIENTED_EDGE('',*,*,#1894,.T.);
#3279 = ORIENTED_EDGE('',*,*,#1919,.T.);
#3280 = ORIENTED_EDGE('',*,*,#1944,.T.);
#3281 = ORIENTED_EDGE('',*,*,#1953,.T.);
#3282 = ORIENTED_EDGE('',*,*,#1979,.T.);
#3283 = ORIENTED_EDGE('',*,*,#2002,.T.);
#3284 = PLANE('',#3285);
#3285 = AXIS2_PLACEMENT_3D('',#3286,#3287,#3288);
#3286 = CARTESIAN_POINT('',(0.,0.,2.));
#3287 = DIRECTION('',(0.,0.,1.));
#3288 = DIRECTION('',(1.,0.,0.));
#3289 = ADVANCED_FACE('',(#3290,#3293),#3304,.T.);
#3290 = FACE_BOUND('',#3291,.T.);
#3291 = EDGE_LOOP('',(#3292));
#3292 = ORIENTED_EDGE('',*,*,#2044,.F.);
#3293 = FACE_BOUND('',#3294,.T.);
#3294 = EDGE_LOOP('',(#3295));
#3295 = ORIENTED_EDGE('',*,*,#3296,.F.);
#3296 = EDGE_CURVE('',#3297,#3297,#3299,.T.);
#3297 = VERTEX_POINT('',#3298);
#3298 = CARTESIAN_POINT('',(-141.3,-128.,6.));
#3299 = CIRCLE('',#3300,1.7);
#3300 = AXIS2_PLACEMENT_3D('',#3301,#3302,#3303);
#3301 = CARTESIAN_POINT('',(-143.,-128.,6.));
#3302 = DIRECTION('',(0.,0.,1.));
#3303 = DIRECTION('',(1.,0.,0.));
#3304 = PLANE('',#3305);
#3305 = AXIS2_PLACEMENT_3D('',#3306,#3307,#3308);
#3306 = CARTESIAN_POINT('',(-5.66E-15,-1.6E-16,6.));
#3307 = DIRECTION('',(0.,0.,1.));
#3308 = DIRECTION('',(1.,0.,0.));
#3309 = ADVANCED_FACE('',(#3310),#3317,.T.);
#3310 = FACE_BOUND('',#3311,.T.);
#3311 = EDGE_LOOP('',(#3312,#3313,#3314,#3315,#3316));
#3312 = ORIENTED_EDGE('',*,*,#2149,.T.);
#3313 = ORIENTED_EDGE('',*,*,#2174,.T.);
#3314 = ORIENTED_EDGE('',*,*,#2125,.T.);
#3315 = ORIENTED_EDGE('',*,*,#2069,.T.);
#3316 = ORIENTED_EDGE('',*,*,#2101,.T.);
#3317 = PLANE('',#3318);
#3318 = AXIS2_PLACEMENT_3D('',#3319,#3320,#3321);
#3319 = CARTESIAN_POINT('',(0.,0.,2.));
#3320 = DIRECTION('',(0.,0.,1.));
#3321 = DIRECTION('',(1.,0.,0.));
#3322 = ADVANCED_FACE('',(#3323),#3330,.T.);
#3323 = FACE_BOUND('',#3324,.T.);
#3324 = EDGE_LOOP('',(#3325,#3326,#3327,#3328,#3329));
#3325 = ORIENTED_EDGE('',*,*,#2247,.T.);
#3326 = ORIENTED_EDGE('',*,*,#2199,.T.);
#3327 = ORIENTED_EDGE('',*,*,#2222,.T.);
#3328 = ORIENTED_EDGE('',*,*,#2272,.T.);
#3329 = ORIENTED_EDGE('',*,*,#2296,.T.);
#3330 = PLANE('',#3331);
#3331 = AXIS2_PLACEMENT_3D('',#3332,#3333,#3334);
#3332 = CARTESIAN_POINT('',(0.,0.,2.));
#3333 = DIRECTION('',(0.,0.,1.));
#3334 = DIRECTION('',(1.,0.,0.));
#3335 = ADVANCED_FACE('',(#3336),#3343,.T.);
#3336 = FACE_BOUND('',#3337,.T.);
#3337 = EDGE_LOOP('',(#3338,#3339,#3340,#3341,#3342));
#3338 = ORIENTED_EDGE('',*,*,#2377,.T.);
#3339 = ORIENTED_EDGE('',*,*,#2313,.T.);
#3340 = ORIENTED_EDGE('',*,*,#2345,.T.);
#3341 = ORIENTED_EDGE('',*,*,#2394,.F.);
#3342 = ORIENTED_EDGE('',*,*,#2418,.F.);
#3343 = PLANE('',#3344);
#3344 = AXIS2_PLACEMENT_3D('',#3345,#3346,#3347);
#3345 = CARTESIAN_POINT('',(0.,0.,2.));
#3346 = DIRECTION('',(0.,0.,1.));
#3347 = DIRECTION('',(1.,0.,0.));
#3348 = ADVANCED_FACE('',(#3349,#3352),#3363,.T.);
#3349 = FACE_BOUND('',#3350,.T.);
#3350 = EDGE_LOOP('',(#3351));
#3351 = ORIENTED_EDGE('',*,*,#2435,.F.);
#3352 = FACE_BOUND('',#3353,.T.);
#3353 = EDGE_LOOP('',(#3354));
#3354 = ORIENTED_EDGE('',*,*,#3355,.F.);
#3355 = EDGE_CURVE('',#3356,#3356,#3358,.T.);
#3356 = VERTEX_POINT('',#3357);
#3357 = CARTESIAN_POINT('',(144.7,-128.,6.));
#3358 = CIRCLE('',#3359,1.7);
#3359 = AXIS2_PLACEMENT_3D('',#3360,#3361,#3362);
#3360 = CARTESIAN_POINT('',(143.,-128.,6.));
#3361 = DIRECTION('',(0.,0.,1.));
#3362 = DIRECTION('',(1.,0.,0.));
#3363 = PLANE('',#3364);
#3364 = AXIS2_PLACEMENT_3D('',#3365,#3366,#3367);
#3365 = CARTESIAN_POINT('',(-5.66E-15,-1.6E-16,6.));
#3366 = DIRECTION('',(0.,0.,1.));
#3367 = DIRECTION('',(1.,0.,0.));
#3368 = ADVANCED_FACE('',(#3369,#3378),#3444,.T.);
#3369 = FACE_BOUND('',#3370,.T.);
#3370 = EDGE_LOOP('',(#3371,#3372,#3373,#3374,#3375,#3376,#3377));
#3371 = ORIENTED_EDGE('',*,*,#2541,.F.);
#3372 = ORIENTED_EDGE('',*,*,#2499,.T.);
#3373 = ORIENTED_EDGE('',*,*,#2460,.F.);
#3374 = ORIENTED_EDGE('',*,*,#2517,.T.);
#3375 = ORIENTED_EDGE('',*,*,#2565,.T.);
#3376 = ORIENTED_EDGE('',*,*,#2614,.T.);
#3377 = ORIENTED_EDGE('',*,*,#2589,.T.);
#3378 = FACE_BOUND('',#3379,.T.);
#3379 = EDGE_LOOP('',(#3380,#3390,#3398,#3406,#3414,#3422,#3430,#3438));
#3380 = ORIENTED_EDGE('',*,*,#3381,.F.);
#3381 = EDGE_CURVE('',#3382,#3384,#3386,.T.);
#3382 = VERTEX_POINT('',#3383);
#3383 = CARTESIAN_POINT('',(32.,20.,2.));
#3384 = VERTEX_POINT('',#3385);
#3385 = CARTESIAN_POINT('',(30.,20.,2.));
#3386 = LINE('',#3387,#3388);
#3387 = CARTESIAN_POINT('',(15.,20.,2.));
#3388 = VECTOR('',#3389,1.);
#3389 = DIRECTION('',(-1.,0.,0.));
#3390 = ORIENTED_EDGE('',*,*,#3391,.F.);
#3391 = EDGE_CURVE('',#3392,#3382,#3394,.T.);
#3392 = VERTEX_POINT('',#3393);
#3393 = CARTESIAN_POINT('',(32.,-72.,2.));
#3394 = LINE('',#3395,#3396);
#3395 = CARTESIAN_POINT('',(32.,10.,2.));
#3396 = VECTOR('',#3397,1.);
#3397 = DIRECTION('',(0.,1.,0.));
#3398 = ORIENTED_EDGE('',*,*,#3399,.F.);
#3399 = EDGE_CURVE('',#3400,#3392,#3402,.T.);
#3400 = VERTEX_POINT('',#3401);
#3401 = CARTESIAN_POINT('',(-32.,-72.,2.));
#3402 = LINE('',#3403,#3404);
#3403 = CARTESIAN_POINT('',(16.,-72.,2.));
#3404 = VECTOR('',#3405,1.);
#3405 = DIRECTION('',(1.,0.,0.));
#3406 = ORIENTED_EDGE('',*,*,#3407,.F.);
#3407 = EDGE_CURVE('',#3408,#3400,#3410,.T.);
#3408 = VERTEX_POINT('',#3409);
#3409 = CARTESIAN_POINT('',(-32.,20.,2.));
#3410 = LINE('',#3411,#3412);
#3411 = CARTESIAN_POINT('',(-32.,-36.,2.));
#3412 = VECTOR('',#3413,1.);
#3413 = DIRECTION('',(0.,-1.,0.));
#3414 = ORIENTED_EDGE('',*,*,#3415,.F.);
#3415 = EDGE_CURVE('',#3416,#3408,#3418,.T.);
#3416 = VERTEX_POINT('',#3417);
#3417 = CARTESIAN_POINT('',(-30.,20.,2.));
#3418 = LINE('',#3419,#3420);
#3419 = CARTESIAN_POINT('',(-16.,20.,2.));
#3420 = VECTOR('',#3421,1.);
#3421 = DIRECTION('',(-1.,0.,0.));
#3422 = ORIENTED_EDGE('',*,*,#3423,.F.);
#3423 = EDGE_CURVE('',#3424,#3416,#3426,.T.);
#3424 = VERTEX_POINT('',#3425);
#3425 = CARTESIAN_POINT('',(-30.,-70.,2.));
#3426 = LINE('',#3427,#3428);
#3427 = CARTESIAN_POINT('',(-30.,-12.5,2.));
#3428 = VECTOR('',#3429,1.);
#3429 = DIRECTION('',(0.,1.,0.));
#3430 = ORIENTED_EDGE('',*,*,#3431,.F.);
#3431 = EDGE_CURVE('',#3432,#3424,#3434,.T.);
#3432 = VERTEX_POINT('',#3433);
#3433 = CARTESIAN_POINT('',(30.,-70.,2.));
#3434 = LINE('',#3435,#3436);
#3435 = CARTESIAN_POINT('',(-15.,-70.,2.));
#3436 = VECTOR('',#3437,1.);
#3437 = DIRECTION('',(-1.,0.,0.));
#3438 = ORIENTED_EDGE('',*,*,#3439,.F.);
#3439 = EDGE_CURVE('',#3384,#3432,#3440,.T.);
#3440 = LINE('',#3441,#3442);
#3441 = CARTESIAN_POINT('',(30.,-12.5,2.));
#3442 = VECTOR('',#3443,1.);
#3443 = DIRECTION('',(0.,-1.,0.));
#3444 = PLANE('',#3445);
#3445 = AXIS2_PLACEMENT_3D('',#3446,#3447,#3448);
#3446 = CARTESIAN_POINT('',(0.,0.,2.));
#3447 = DIRECTION('',(0.,0.,1.));
#3448 = DIRECTION('',(1.,0.,0.));
#3449 = ADVANCED_FACE('',(#3450),#3457,.T.);
#3450 = FACE_BOUND('',#3451,.T.);
#3451 = EDGE_LOOP('',(#3452,#3453,#3454,#3455,#3456));
#3452 = ORIENTED_EDGE('',*,*,#2631,.T.);
#3453 = ORIENTED_EDGE('',*,*,#2664,.T.);
#3454 = ORIENTED_EDGE('',*,*,#2711,.T.);
#3455 = ORIENTED_EDGE('',*,*,#2736,.F.);
#3456 = ORIENTED_EDGE('',*,*,#2687,.F.);
#3457 = PLANE('',#3458);
#3458 = AXIS2_PLACEMENT_3D('',#3459,#3460,#3461);
#3459 = CARTESIAN_POINT('',(0.,0.,2.));
#3460 = DIRECTION('',(0.,0.,1.));
#3461 = DIRECTION('',(1.,0.,0.));
#3462 = ADVANCED_FACE('',(#3463,#3466),#3477,.T.);
#3463 = FACE_BOUND('',#3464,.T.);
#3464 = EDGE_LOOP('',(#3465));
#3465 = ORIENTED_EDGE('',*,*,#2753,.F.);
#3466 = FACE_BOUND('',#3467,.T.);
#3467 = EDGE_LOOP('',(#3468));
#3468 = ORIENTED_EDGE('',*,*,#3469,.F.);
#3469 = EDGE_CURVE('',#3470,#3470,#3472,.T.);
#3470 = VERTEX_POINT('',#3471);
#3471 = CARTESIAN_POINT('',(-141.3,128.,6.));
#3472 = CIRCLE('',#3473,1.7);
#3473 = AXIS2_PLACEMENT_3D('',#3474,#3475,#3476);
#3474 = CARTESIAN_POINT('',(-143.,128.,6.));
#3475 = DIRECTION('',(0.,0.,1.));
#3476 = DIRECTION('',(1.,0.,0.));
#3477 = PLANE('',#3478);
#3478 = AXIS2_PLACEMENT_3D('',#3479,#3480,#3481);
#3479 = CARTESIAN_POINT('',(-5.66E-15,-1.6E-16,6.));
#3480 = DIRECTION('',(0.,0.,1.));
#3481 = DIRECTION('',(1.,0.,0.));
#3482 = ADVANCED_FACE('',(#3483,#3489),#3525,.T.);
#3483 = FACE_BOUND('',#3484,.T.);
#3484 = EDGE_LOOP('',(#3485,#3486,#3487,#3488));
#3485 = ORIENTED_EDGE('',*,*,#2834,.T.);
#3486 = ORIENTED_EDGE('',*,*,#2786,.T.);
#3487 = ORIENTED_EDGE('',*,*,#2810,.T.);
#3488 = ORIENTED_EDGE('',*,*,#2858,.T.);
#3489 = FACE_BOUND('',#3490,.T.);
#3490 = EDGE_LOOP('',(#3491,#3501,#3510,#3518));
#3491 = ORIENTED_EDGE('',*,*,#3492,.T.);
#3492 = EDGE_CURVE('',#3493,#3495,#3497,.T.);
#3493 = VERTEX_POINT('',#3494);
#3494 = CARTESIAN_POINT('',(-82.,114.,2.));
#3495 = VERTEX_POINT('',#3496);
#3496 = CARTESIAN_POINT('',(-82.,120.,2.));
#3497 = LINE('',#3498,#3499);
#3498 = CARTESIAN_POINT('',(-82.,60.,2.));
#3499 = VECTOR('',#3500,1.);
#3500 = DIRECTION('',(0.,1.,0.));
#3501 = ORIENTED_EDGE('',*,*,#3502,.T.);
#3502 = EDGE_CURVE('',#3495,#3503,#3505,.T.);
#3503 = VERTEX_POINT('',#3504);
#3504 = CARTESIAN_POINT('',(-78.,120.,2.));
#3505 = CIRCLE('',#3506,2.);
#3506 = AXIS2_PLACEMENT_3D('',#3507,#3508,#3509);
#3507 = CARTESIAN_POINT('',(-80.,120.,2.));
#3508 = DIRECTION('',(0.,0.,-1.));
#3509 = DIRECTION('',(1.,0.,0.));
#3510 = ORIENTED_EDGE('',*,*,#3511,.F.);
#3511 = EDGE_CURVE('',#3512,#3503,#3514,.T.);
#3512 = VERTEX_POINT('',#3513);
#3513 = CARTESIAN_POINT('',(-78.,114.,2.));
#3514 = LINE('',#3515,#3516);
#3515 = CARTESIAN_POINT('',(-78.,60.,2.));
#3516 = VECTOR('',#3517,1.);
#3517 = DIRECTION('',(0.,1.,0.));
#3518 = ORIENTED_EDGE('',*,*,#3519,.T.);
#3519 = EDGE_CURVE('',#3512,#3493,#3520,.T.);
#3520 = CIRCLE('',#3521,4.);
#3521 = AXIS2_PLACEMENT_3D('',#3522,#3523,#3524);
#3522 = CARTESIAN_POINT('',(-80.,110.53589838486,2.));
#3523 = DIRECTION('',(0.,0.,-1.));
#3524 = DIRECTION('',(1.,0.,0.));
#3525 = PLANE('',#3526);
#3526 = AXIS2_PLACEMENT_3D('',#3527,#3528,#3529);
#3527 = CARTESIAN_POINT('',(0.,0.,2.));
#3528 = DIRECTION('',(0.,0.,1.));
#3529 = DIRECTION('',(1.,0.,0.));
#3530 = ADVANCED_FACE('',(#3531),#3538,.T.);
#3531 = FACE_BOUND('',#3532,.T.);
#3532 = EDGE_LOOP('',(#3533,#3534,#3535,#3536,#3537));
#3533 = ORIENTED_EDGE('',*,*,#2931,.F.);
#3534 = ORIENTED_EDGE('',*,*,#2883,.T.);
#3535 = ORIENTED_EDGE('',*,*,#2907,.T.);
#3536 = ORIENTED_EDGE('',*,*,#2956,.T.);
#3537 = ORIENTED_EDGE('',*,*,#2980,.T.);
#3538 = PLANE('',#3539);
#3539 = AXIS2_PLACEMENT_3D('',#3540,#3541,#3542);
#3540 = CARTESIAN_POINT('',(0.,0.,2.));
#3541 = DIRECTION('',(0.,0.,1.));
#3542 = DIRECTION('',(1.,0.,0.));
#3543 = ADVANCED_FACE('',(#3544,#3551),#3587,.T.);
#3544 = FACE_BOUND('',#3545,.T.);
#3545 = EDGE_LOOP('',(#3546,#3547,#3548,#3549,#3550));
#3546 = ORIENTED_EDGE('',*,*,#3077,.T.);
#3547 = ORIENTED_EDGE('',*,*,#3102,.F.);
#3548 = ORIENTED_EDGE('',*,*,#3053,.T.);
#3549 = ORIENTED_EDGE('',*,*,#2997,.T.);
#3550 = ORIENTED_EDGE('',*,*,#3030,.T.);
#3551 = FACE_BOUND('',#3552,.T.);
#3552 = EDGE_LOOP('',(#3553,#3563,#3572,#3580));
#3553 = ORIENTED_EDGE('',*,*,#3554,.T.);
#3554 = EDGE_CURVE('',#3555,#3557,#3559,.T.);
#3555 = VERTEX_POINT('',#3556);
#3556 = CARTESIAN_POINT('',(77.999999999963,113.99999999997,2.));
#3557 = VERTEX_POINT('',#3558);
#3558 = CARTESIAN_POINT('',(78.,120.,2.));
#3559 = LINE('',#3560,#3561);
#3560 = CARTESIAN_POINT('',(77.999999999629,59.999999999759,2.));
#3561 = VECTOR('',#3562,1.);
#3562 = DIRECTION('',(6.18409E-12,1.,0.));
#3563 = ORIENTED_EDGE('',*,*,#3564,.T.);
#3564 = EDGE_CURVE('',#3557,#3565,#3567,.T.);
#3565 = VERTEX_POINT('',#3566);
#3566 = CARTESIAN_POINT('',(82.,120.,2.));
#3567 = CIRCLE('',#3568,2.);
#3568 = AXIS2_PLACEMENT_3D('',#3569,#3570,#3571);
#3569 = CARTESIAN_POINT('',(80.,120.,2.));
#3570 = DIRECTION('',(0.,0.,-1.));
#3571 = DIRECTION('',(1.,0.,0.));
#3572 = ORIENTED_EDGE('',*,*,#3573,.F.);
#3573 = EDGE_CURVE('',#3574,#3565,#3576,.T.);
#3574 = VERTEX_POINT('',#3575);
#3575 = CARTESIAN_POINT('',(82.,114.,2.));
#3576 = LINE('',#3577,#3578);
#3577 = CARTESIAN_POINT('',(82.,60.,2.));
#3578 = VECTOR('',#3579,1.);
#3579 = DIRECTION('',(0.,1.,0.));
#3580 = ORIENTED_EDGE('',*,*,#3581,.T.);
#3581 = EDGE_CURVE('',#3574,#3555,#3582,.T.);
#3582 = CIRCLE('',#3583,4.);
#3583 = AXIS2_PLACEMENT_3D('',#3584,#3585,#3586);
#3584 = CARTESIAN_POINT('',(80.,110.53589838486,2.));
#3585 = DIRECTION('',(0.,0.,-1.));
#3586 = DIRECTION('',(1.,0.,0.));
#3587 = PLANE('',#3588);
#3588 = AXIS2_PLACEMENT_3D('',#3589,#3590,#3591);
#3589 = CARTESIAN_POINT('',(0.,0.,2.));
#3590 = DIRECTION('',(0.,0.,1.));
#3591 = DIRECTION('',(1.,0.,0.));
#3592 = ADVANCED_FACE('',(#3593,#3596),#3607,.T.);
#3593 = FACE_BOUND('',#3594,.T.);
#3594 = EDGE_LOOP('',(#3595));
#3595 = ORIENTED_EDGE('',*,*,#3119,.F.);
#3596 = FACE_BOUND('',#3597,.T.);
#3597 = EDGE_LOOP('',(#3598));
#3598 = ORIENTED_EDGE('',*,*,#3599,.F.);
#3599 = EDGE_CURVE('',#3600,#3600,#3602,.T.);
#3600 = VERTEX_POINT('',#3601);
#3601 = CARTESIAN_POINT('',(144.7,128.,6.));
#3602 = CIRCLE('',#3603,1.7);
#3603 = AXIS2_PLACEMENT_3D('',#3604,#3605,#3606);
#3604 = CARTESIAN_POINT('',(143.,128.,6.));
#3605 = DIRECTION('',(0.,0.,1.));
#3606 = DIRECTION('',(1.,0.,0.));
#3607 = PLANE('',#3608);
#3608 = AXIS2_PLACEMENT_3D('',#3609,#3610,#3611);
#3609 = CARTESIAN_POINT('',(-5.66E-15,-1.6E-16,6.));
#3610 = DIRECTION('',(0.,0.,1.));
#3611 = DIRECTION('',(1.,0.,0.));
#3612 = ADVANCED_FACE('',(#3613),#3616,.T.);
#3613 = FACE_BOUND('',#3614,.T.);
#3614 = EDGE_LOOP('',(#3615));
#3615 = ORIENTED_EDGE('',*,*,#3152,.T.);
#3616 = PLANE('',#3617);
#3617 = AXIS2_PLACEMENT_3D('',#3618,#3619,#3620);
#3618 = CARTESIAN_POINT('',(-127.2086163956,70.35962457915,1.));
#3619 = DIRECTION('',(0.,0.,1.));
#3620 = DIRECTION('',(1.,0.,0.));
#3621 = ADVANCED_FACE('',(#3622),#3647,.F.);
#3622 = FACE_BOUND('',#3623,.F.);
#3623 = EDGE_LOOP('',(#3624,#3632,#3633,#3641));
#3624 = ORIENTED_EDGE('',*,*,#3625,.T.);
#3625 = EDGE_CURVE('',#3626,#3169,#3628,.T.);
#3626 = VERTEX_POINT('',#3627);
#3627 = CARTESIAN_POINT('',(157.5,137.5,0.));
#3628 = LINE('',#3629,#3630);
#3629 = CARTESIAN_POINT('',(157.5,137.5,0.));
#3630 = VECTOR('',#3631,1.);
#3631 = DIRECTION('',(0.,0.,1.));
#3632 = ORIENTED_EDGE('',*,*,#3168,.T.);
#3633 = ORIENTED_EDGE('',*,*,#3634,.F.);
#3634 = EDGE_CURVE('',#3635,#3171,#3637,.T.);
#3635 = VERTEX_POINT('',#3636);
#3636 = CARTESIAN_POINT('',(-157.5,137.5,0.));
#3637 = LINE('',#3638,#3639);
#3638 = CARTESIAN_POINT('',(-157.5,137.5,0.));
#3639 = VECTOR('',#3640,1.);
#3640 = DIRECTION('',(0.,0.,1.));
#3641 = ORIENTED_EDGE('',*,*,#3642,.F.);
#3642 = EDGE_CURVE('',#3626,#3635,#3643,.T.);
#3643 = LINE('',#3644,#3645);
#3644 = CARTESIAN_POINT('',(157.5,137.5,0.));
#3645 = VECTOR('',#3646,1.);
#3646 = DIRECTION('',(-1.,0.,0.));
#3647 = PLANE('',#3648);
#3648 = AXIS2_PLACEMENT_3D('',#3649,#3650,#3651);
#3649 = CARTESIAN_POINT('',(157.5,137.5,0.));
#3650 = DIRECTION('',(0.,-1.,0.));
#3651 = DIRECTION('',(-1.,0.,0.));
#3652 = ADVANCED_FACE('',(#3653),#3671,.F.);
#3653 = FACE_BOUND('',#3654,.F.);
#3654 = EDGE_LOOP('',(#3655,#3663,#3664,#3665));
#3655 = ORIENTED_EDGE('',*,*,#3656,.T.);
#3656 = EDGE_CURVE('',#3657,#3251,#3659,.T.);
#3657 = VERTEX_POINT('',#3658);
#3658 = CARTESIAN_POINT('',(157.5,-137.5,0.));
#3659 = LINE('',#3660,#3661);
#3660 = CARTESIAN_POINT('',(157.5,-137.5,0.));
#3661 = VECTOR('',#3662,1.);
#3662 = DIRECTION('',(0.,0.,1.));
#3663 = ORIENTED_EDGE('',*,*,#3258,.T.);
#3664 = ORIENTED_EDGE('',*,*,#3625,.F.);
#3665 = ORIENTED_EDGE('',*,*,#3666,.F.);
#3666 = EDGE_CURVE('',#3657,#3626,#3667,.T.);
#3667 = LINE('',#3668,#3669);
#3668 = CARTESIAN_POINT('',(157.5,-137.5,0.));
#3669 = VECTOR('',#3670,1.);
#3670 = DIRECTION('',(0.,1.,0.));
#3671 = PLANE('',#3672);
#3672 = AXIS2_PLACEMENT_3D('',#3673,#3674,#3675);
#3673 = CARTESIAN_POINT('',(157.5,-137.5,0.));
#3674 = DIRECTION('',(-1.,0.,0.));
#3675 = DIRECTION('',(0.,1.,0.));
#3676 = ADVANCED_FACE('',(#3677),#3741,.T.);
#3677 = FACE_BOUND('',#3678,.T.);
#3678 = EDGE_LOOP('',(#3679,#3687,#3693,#3694,#3702,#3710,#3716,#3717,
    #3725,#3733,#3739,#3740));
#3679 = ORIENTED_EDGE('',*,*,#3680,.T.);
#3680 = EDGE_CURVE('',#3635,#3681,#3683,.T.);
#3681 = VERTEX_POINT('',#3682);
#3682 = CARTESIAN_POINT('',(-157.5,-137.5,0.));
#3683 = LINE('',#3684,#3685);
#3684 = CARTESIAN_POINT('',(-157.5,137.5,0.));
#3685 = VECTOR('',#3686,1.);
#3686 = DIRECTION('',(0.,-1.,0.));
#3687 = ORIENTED_EDGE('',*,*,#3688,.T.);
#3688 = EDGE_CURVE('',#3681,#3243,#3689,.T.);
#3689 = LINE('',#3690,#3691);
#3690 = CARTESIAN_POINT('',(-157.5,-137.5,0.));
#3691 = VECTOR('',#3692,1.);
#3692 = DIRECTION('',(0.,0.,1.));
#3693 = ORIENTED_EDGE('',*,*,#3242,.F.);
#3694 = ORIENTED_EDGE('',*,*,#3695,.T.);
#3695 = EDGE_CURVE('',#3235,#3696,#3698,.T.);
#3696 = VERTEX_POINT('',#3697);
#3697 = CARTESIAN_POINT('',(-157.5,24.5,6.));
#3698 = LINE('',#3699,#3700);
#3699 = CARTESIAN_POINT('',(-157.5,24.5,0.));
#3700 = VECTOR('',#3701,1.);
#3701 = DIRECTION('',(0.,0.,1.));
#3702 = ORIENTED_EDGE('',*,*,#3703,.F.);
#3703 = EDGE_CURVE('',#3704,#3696,#3706,.T.);
#3704 = VERTEX_POINT('',#3705);
#3705 = CARTESIAN_POINT('',(-157.5,31.5,6.));
#3706 = LINE('',#3707,#3708);
#3707 = CARTESIAN_POINT('',(-157.5,31.5,6.));
#3708 = VECTOR('',#3709,1.);
#3709 = DIRECTION('',(0.,-1.,0.));
#3710 = ORIENTED_EDGE('',*,*,#3711,.F.);
#3711 = EDGE_CURVE('',#3211,#3704,#3712,.T.);
#3712 = LINE('',#3713,#3714);
#3713 = CARTESIAN_POINT('',(-157.5,31.5,0.));
#3714 = VECTOR('',#3715,1.);
#3715 = DIRECTION('',(0.,0.,1.));
#3716 = ORIENTED_EDGE('',*,*,#3210,.F.);
#3717 = ORIENTED_EDGE('',*,*,#3718,.T.);
#3718 = EDGE_CURVE('',#3203,#3719,#3721,.T.);
#3719 = VERTEX_POINT('',#3720);
#3720 = CARTESIAN_POINT('',(-157.5,99.5,6.));
#3721 = LINE('',#3722,#3723);
#3722 = CARTESIAN_POINT('',(-157.5,99.5,0.));
#3723 = VECTOR('',#3724,1.);
#3724 = DIRECTION('',(0.,0.,1.));
#3725 = ORIENTED_EDGE('',*,*,#3726,.F.);
#3726 = EDGE_CURVE('',#3727,#3719,#3729,.T.);
#3727 = VERTEX_POINT('',#3728);
#3728 = CARTESIAN_POINT('',(-157.5,106.5,6.));
#3729 = LINE('',#3730,#3731);
#3730 = CARTESIAN_POINT('',(-157.5,106.5,6.));
#3731 = VECTOR('',#3732,1.);
#3732 = DIRECTION('',(0.,-1.,0.));
#3733 = ORIENTED_EDGE('',*,*,#3734,.F.);
#3734 = EDGE_CURVE('',#3179,#3727,#3735,.T.);
#3735 = LINE('',#3736,#3737);
#3736 = CARTESIAN_POINT('',(-157.5,106.5,0.));
#3737 = VECTOR('',#3738,1.);
#3738 = DIRECTION('',(0.,0.,1.));
#3739 = ORIENTED_EDGE('',*,*,#3178,.F.);
#3740 = ORIENTED_EDGE('',*,*,#3634,.F.);
#3741 = PLANE('',#3742);
#3742 = AXIS2_PLACEMENT_3D('',#3743,#3744,#3745);
#3743 = CARTESIAN_POINT('',(-157.5,1.838596491228,1.182456140351));
#3744 = DIRECTION('',(-1.,-0.,-0.));
#3745 = DIRECTION('',(0.,0.,-1.));
#3746 = ADVANCED_FACE('',(#3747),#3758,.F.);
#3747 = FACE_BOUND('',#3748,.F.);
#3748 = EDGE_LOOP('',(#3749,#3750,#3751,#3752));
#3749 = ORIENTED_EDGE('',*,*,#3688,.T.);
#3750 = ORIENTED_EDGE('',*,*,#3250,.T.);
#3751 = ORIENTED_EDGE('',*,*,#3656,.F.);
#3752 = ORIENTED_EDGE('',*,*,#3753,.F.);
#3753 = EDGE_CURVE('',#3681,#3657,#3754,.T.);
#3754 = LINE('',#3755,#3756);
#3755 = CARTESIAN_POINT('',(-157.5,-137.5,0.));
#3756 = VECTOR('',#3757,1.);
#3757 = DIRECTION('',(1.,0.,0.));
#3758 = PLANE('',#3759);
#3759 = AXIS2_PLACEMENT_3D('',#3760,#3761,#3762);
#3760 = CARTESIAN_POINT('',(-157.5,-137.5,0.));
#3761 = DIRECTION('',(0.,1.,0.));
#3762 = DIRECTION('',(1.,0.,0.));
#3763 = ADVANCED_FACE('',(#3764),#3782,.F.);
#3764 = FACE_BOUND('',#3765,.F.);
#3765 = EDGE_LOOP('',(#3766,#3767,#3775,#3781));
#3766 = ORIENTED_EDGE('',*,*,#3186,.T.);
#3767 = ORIENTED_EDGE('',*,*,#3768,.T.);
#3768 = EDGE_CURVE('',#3187,#3769,#3771,.T.);
#3769 = VERTEX_POINT('',#3770);
#3770 = CARTESIAN_POINT('',(-152.5,106.5,6.));
#3771 = LINE('',#3772,#3773);
#3772 = CARTESIAN_POINT('',(-152.5,106.5,0.));
#3773 = VECTOR('',#3774,1.);
#3774 = DIRECTION('',(0.,0.,1.));
#3775 = ORIENTED_EDGE('',*,*,#3776,.T.);
#3776 = EDGE_CURVE('',#3769,#3727,#3777,.T.);
#3777 = LINE('',#3778,#3779);
#3778 = CARTESIAN_POINT('',(-152.5,106.5,6.));
#3779 = VECTOR('',#3780,1.);
#3780 = DIRECTION('',(-1.,0.,0.));
#3781 = ORIENTED_EDGE('',*,*,#3734,.F.);
#3782 = PLANE('',#3783);
#3783 = AXIS2_PLACEMENT_3D('',#3784,#3785,#3786);
#3784 = CARTESIAN_POINT('',(-152.5,106.5,0.));
#3785 = DIRECTION('',(0.,-1.,0.));
#3786 = DIRECTION('',(-1.,0.,0.));
#3787 = ADVANCED_FACE('',(#3788),#3806,.F.);
#3788 = FACE_BOUND('',#3789,.F.);
#3789 = EDGE_LOOP('',(#3790,#3791,#3799,#3805));
#3790 = ORIENTED_EDGE('',*,*,#3194,.T.);
#3791 = ORIENTED_EDGE('',*,*,#3792,.T.);
#3792 = EDGE_CURVE('',#3195,#3793,#3795,.T.);
#3793 = VERTEX_POINT('',#3794);
#3794 = CARTESIAN_POINT('',(-152.5,99.5,6.));
#3795 = LINE('',#3796,#3797);
#3796 = CARTESIAN_POINT('',(-152.5,99.5,0.));
#3797 = VECTOR('',#3798,1.);
#3798 = DIRECTION('',(0.,0.,1.));
#3799 = ORIENTED_EDGE('',*,*,#3800,.T.);
#3800 = EDGE_CURVE('',#3793,#3769,#3801,.T.);
#3801 = LINE('',#3802,#3803);
#3802 = CARTESIAN_POINT('',(-152.5,99.5,6.));
#3803 = VECTOR('',#3804,1.);
#3804 = DIRECTION('',(0.,1.,0.));
#3805 = ORIENTED_EDGE('',*,*,#3768,.F.);
#3806 = PLANE('',#3807);
#3807 = AXIS2_PLACEMENT_3D('',#3808,#3809,#3810);
#3808 = CARTESIAN_POINT('',(-152.5,99.5,0.));
#3809 = DIRECTION('',(-1.,0.,0.));
#3810 = DIRECTION('',(0.,1.,0.));
#3811 = ADVANCED_FACE('',(#3812),#3830,.F.);
#3812 = FACE_BOUND('',#3813,.F.);
#3813 = EDGE_LOOP('',(#3814,#3815,#3816,#3824));
#3814 = ORIENTED_EDGE('',*,*,#3234,.T.);
#3815 = ORIENTED_EDGE('',*,*,#3695,.T.);
#3816 = ORIENTED_EDGE('',*,*,#3817,.T.);
#3817 = EDGE_CURVE('',#3696,#3818,#3820,.T.);
#3818 = VERTEX_POINT('',#3819);
#3819 = CARTESIAN_POINT('',(-152.5,24.5,6.));
#3820 = LINE('',#3821,#3822);
#3821 = CARTESIAN_POINT('',(-157.5,24.5,6.));
#3822 = VECTOR('',#3823,1.);
#3823 = DIRECTION('',(1.,0.,0.));
#3824 = ORIENTED_EDGE('',*,*,#3825,.F.);
#3825 = EDGE_CURVE('',#3227,#3818,#3826,.T.);
#3826 = LINE('',#3827,#3828);
#3827 = CARTESIAN_POINT('',(-152.5,24.5,0.));
#3828 = VECTOR('',#3829,1.);
#3829 = DIRECTION('',(0.,0.,1.));
#3830 = PLANE('',#3831);
#3831 = AXIS2_PLACEMENT_3D('',#3832,#3833,#3834);
#3832 = CARTESIAN_POINT('',(-157.5,24.5,0.));
#3833 = DIRECTION('',(0.,1.,0.));
#3834 = DIRECTION('',(1.,0.,0.));
#3835 = ADVANCED_FACE('',(#3836),#3847,.F.);
#3836 = FACE_BOUND('',#3837,.F.);
#3837 = EDGE_LOOP('',(#3838,#3839,#3840,#3846));
#3838 = ORIENTED_EDGE('',*,*,#3202,.T.);
#3839 = ORIENTED_EDGE('',*,*,#3718,.T.);
#3840 = ORIENTED_EDGE('',*,*,#3841,.T.);
#3841 = EDGE_CURVE('',#3719,#3793,#3842,.T.);
#3842 = LINE('',#3843,#3844);
#3843 = CARTESIAN_POINT('',(-157.5,99.5,6.));
#3844 = VECTOR('',#3845,1.);
#3845 = DIRECTION('',(1.,0.,0.));
#3846 = ORIENTED_EDGE('',*,*,#3792,.F.);
#3847 = PLANE('',#3848);
#3848 = AXIS2_PLACEMENT_3D('',#3849,#3850,#3851);
#3849 = CARTESIAN_POINT('',(-157.5,99.5,0.));
#3850 = DIRECTION('',(0.,1.,0.));
#3851 = DIRECTION('',(1.,0.,0.));
#3852 = ADVANCED_FACE('',(#3853),#3871,.F.);
#3853 = FACE_BOUND('',#3854,.F.);
#3854 = EDGE_LOOP('',(#3855,#3856,#3857,#3865));
#3855 = ORIENTED_EDGE('',*,*,#3226,.T.);
#3856 = ORIENTED_EDGE('',*,*,#3825,.T.);
#3857 = ORIENTED_EDGE('',*,*,#3858,.T.);
#3858 = EDGE_CURVE('',#3818,#3859,#3861,.T.);
#3859 = VERTEX_POINT('',#3860);
#3860 = CARTESIAN_POINT('',(-152.5,31.5,6.));
#3861 = LINE('',#3862,#3863);
#3862 = CARTESIAN_POINT('',(-152.5,24.5,6.));
#3863 = VECTOR('',#3864,1.);
#3864 = DIRECTION('',(0.,1.,0.));
#3865 = ORIENTED_EDGE('',*,*,#3866,.F.);
#3866 = EDGE_CURVE('',#3219,#3859,#3867,.T.);
#3867 = LINE('',#3868,#3869);
#3868 = CARTESIAN_POINT('',(-152.5,31.5,0.));
#3869 = VECTOR('',#3870,1.);
#3870 = DIRECTION('',(0.,0.,1.));
#3871 = PLANE('',#3872);
#3872 = AXIS2_PLACEMENT_3D('',#3873,#3874,#3875);
#3873 = CARTESIAN_POINT('',(-152.5,24.5,0.));
#3874 = DIRECTION('',(-1.,0.,0.));
#3875 = DIRECTION('',(0.,1.,0.));
#3876 = ADVANCED_FACE('',(#3877),#3888,.F.);
#3877 = FACE_BOUND('',#3878,.F.);
#3878 = EDGE_LOOP('',(#3879,#3880,#3881,#3887));
#3879 = ORIENTED_EDGE('',*,*,#3218,.T.);
#3880 = ORIENTED_EDGE('',*,*,#3866,.T.);
#3881 = ORIENTED_EDGE('',*,*,#3882,.T.);
#3882 = EDGE_CURVE('',#3859,#3704,#3883,.T.);
#3883 = LINE('',#3884,#3885);
#3884 = CARTESIAN_POINT('',(-152.5,31.5,6.));
#3885 = VECTOR('',#3886,1.);
#3886 = DIRECTION('',(-1.,0.,0.));
#3887 = ORIENTED_EDGE('',*,*,#3711,.F.);
#3888 = PLANE('',#3889);
#3889 = AXIS2_PLACEMENT_3D('',#3890,#3891,#3892);
#3890 = CARTESIAN_POINT('',(-152.5,31.5,0.));
#3891 = DIRECTION('',(0.,-1.,0.));
#3892 = DIRECTION('',(-1.,0.,0.));
#3893 = ADVANCED_FACE('',(#3894),#3913,.F.);
#3894 = FACE_BOUND('',#3895,.T.);
#3895 = EDGE_LOOP('',(#3896,#3905,#3911,#3912));
#3896 = ORIENTED_EDGE('',*,*,#3897,.T.);
#3897 = EDGE_CURVE('',#3898,#3898,#3900,.T.);
#3898 = VERTEX_POINT('',#3899);
#3899 = CARTESIAN_POINT('',(-141.3,-128.,4.));
#3900 = CIRCLE('',#3901,1.7);
#3901 = AXIS2_PLACEMENT_3D('',#3902,#3903,#3904);
#3902 = CARTESIAN_POINT('',(-143.,-128.,4.));
#3903 = DIRECTION('',(0.,0.,-1.));
#3904 = DIRECTION('',(1.,0.,0.));
#3905 = ORIENTED_EDGE('',*,*,#3906,.T.);
#3906 = EDGE_CURVE('',#3898,#3297,#3907,.T.);
#3907 = LINE('',#3908,#3909);
#3908 = CARTESIAN_POINT('',(-141.3,-128.,0.));
#3909 = VECTOR('',#3910,1.);
#3910 = DIRECTION('',(0.,0.,1.));
#3911 = ORIENTED_EDGE('',*,*,#3296,.T.);
#3912 = ORIENTED_EDGE('',*,*,#3906,.F.);
#3913 = CYLINDRICAL_SURFACE('',#3914,1.7);
#3914 = AXIS2_PLACEMENT_3D('',#3915,#3916,#3917);
#3915 = CARTESIAN_POINT('',(-143.,-128.,0.));
#3916 = DIRECTION('',(-0.,-0.,-1.));
#3917 = DIRECTION('',(1.,0.,0.));
#3918 = ADVANCED_FACE('',(#3919),#3938,.F.);
#3919 = FACE_BOUND('',#3920,.T.);
#3920 = EDGE_LOOP('',(#3921,#3930,#3936,#3937));
#3921 = ORIENTED_EDGE('',*,*,#3922,.T.);
#3922 = EDGE_CURVE('',#3923,#3923,#3925,.T.);
#3923 = VERTEX_POINT('',#3924);
#3924 = CARTESIAN_POINT('',(144.7,-128.,4.));
#3925 = CIRCLE('',#3926,1.7);
#3926 = AXIS2_PLACEMENT_3D('',#3927,#3928,#3929);
#3927 = CARTESIAN_POINT('',(143.,-128.,4.));
#3928 = DIRECTION('',(0.,0.,-1.));
#3929 = DIRECTION('',(1.,0.,0.));
#3930 = ORIENTED_EDGE('',*,*,#3931,.T.);
#3931 = EDGE_CURVE('',#3923,#3356,#3932,.T.);
#3932 = LINE('',#3933,#3934);
#3933 = CARTESIAN_POINT('',(144.7,-128.,0.));
#3934 = VECTOR('',#3935,1.);
#3935 = DIRECTION('',(0.,0.,1.));
#3936 = ORIENTED_EDGE('',*,*,#3355,.T.);
#3937 = ORIENTED_EDGE('',*,*,#3931,.F.);
#3938 = CYLINDRICAL_SURFACE('',#3939,1.7);
#3939 = AXIS2_PLACEMENT_3D('',#3940,#3941,#3942);
#3940 = CARTESIAN_POINT('',(143.,-128.,0.));
#3941 = DIRECTION('',(-0.,-0.,-1.));
#3942 = DIRECTION('',(1.,0.,0.));
#3943 = ADVANCED_FACE('',(#3944),#3969,.T.);
#3944 = FACE_BOUND('',#3945,.T.);
#3945 = EDGE_LOOP('',(#3946,#3947,#3955,#3963));
#3946 = ORIENTED_EDGE('',*,*,#3381,.T.);
#3947 = ORIENTED_EDGE('',*,*,#3948,.T.);
#3948 = EDGE_CURVE('',#3384,#3949,#3951,.T.);
#3949 = VERTEX_POINT('',#3950);
#3950 = CARTESIAN_POINT('',(30.,20.,12.));
#3951 = LINE('',#3952,#3953);
#3952 = CARTESIAN_POINT('',(30.,20.,0.));
#3953 = VECTOR('',#3954,1.);
#3954 = DIRECTION('',(0.,0.,1.));
#3955 = ORIENTED_EDGE('',*,*,#3956,.T.);
#3956 = EDGE_CURVE('',#3949,#3957,#3959,.T.);
#3957 = VERTEX_POINT('',#3958);
#3958 = CARTESIAN_POINT('',(32.,20.,12.));
#3959 = LINE('',#3960,#3961);
#3960 = CARTESIAN_POINT('',(30.,20.,12.));
#3961 = VECTOR('',#3962,1.);
#3962 = DIRECTION('',(1.,0.,0.));
#3963 = ORIENTED_EDGE('',*,*,#3964,.F.);
#3964 = EDGE_CURVE('',#3382,#3957,#3965,.T.);
#3965 = LINE('',#3966,#3967);
#3966 = CARTESIAN_POINT('',(32.,20.,0.));
#3967 = VECTOR('',#3968,1.);
#3968 = DIRECTION('',(0.,0.,1.));
#3969 = PLANE('',#3970);
#3970 = AXIS2_PLACEMENT_3D('',#3971,#3972,#3973);
#3971 = CARTESIAN_POINT('',(30.,20.,0.));
#3972 = DIRECTION('',(0.,1.,0.));
#3973 = DIRECTION('',(1.,0.,0.));
#3974 = ADVANCED_FACE('',(#3975),#3993,.T.);
#3975 = FACE_BOUND('',#3976,.T.);
#3976 = EDGE_LOOP('',(#3977,#3978,#3979,#3987));
#3977 = ORIENTED_EDGE('',*,*,#3391,.T.);
#3978 = ORIENTED_EDGE('',*,*,#3964,.T.);
#3979 = ORIENTED_EDGE('',*,*,#3980,.T.);
#3980 = EDGE_CURVE('',#3957,#3981,#3983,.T.);
#3981 = VERTEX_POINT('',#3982);
#3982 = CARTESIAN_POINT('',(32.,-72.,12.));
#3983 = LINE('',#3984,#3985);
#3984 = CARTESIAN_POINT('',(32.,20.,12.));
#3985 = VECTOR('',#3986,1.);
#3986 = DIRECTION('',(0.,-1.,0.));
#3987 = ORIENTED_EDGE('',*,*,#3988,.F.);
#3988 = EDGE_CURVE('',#3392,#3981,#3989,.T.);
#3989 = LINE('',#3990,#3991);
#3990 = CARTESIAN_POINT('',(32.,-72.,0.));
#3991 = VECTOR('',#3992,1.);
#3992 = DIRECTION('',(0.,0.,1.));
#3993 = PLANE('',#3994);
#3994 = AXIS2_PLACEMENT_3D('',#3995,#3996,#3997);
#3995 = CARTESIAN_POINT('',(32.,20.,0.));
#3996 = DIRECTION('',(1.,0.,0.));
#3997 = DIRECTION('',(0.,-1.,0.));
#3998 = ADVANCED_FACE('',(#3999),#4033,.T.);
#3999 = FACE_BOUND('',#4000,.T.);
#4000 = EDGE_LOOP('',(#4001,#4002,#4003,#4011,#4019,#4027));
#4001 = ORIENTED_EDGE('',*,*,#3948,.F.);
#4002 = ORIENTED_EDGE('',*,*,#3439,.T.);
#4003 = ORIENTED_EDGE('',*,*,#4004,.T.);
#4004 = EDGE_CURVE('',#3432,#4005,#4007,.T.);
#4005 = VERTEX_POINT('',#4006);
#4006 = CARTESIAN_POINT('',(30.,-70.,10.));
#4007 = LINE('',#4008,#4009);
#4008 = CARTESIAN_POINT('',(30.,-70.,0.));
#4009 = VECTOR('',#4010,1.);
#4010 = DIRECTION('',(0.,0.,1.));
#4011 = ORIENTED_EDGE('',*,*,#4012,.T.);
#4012 = EDGE_CURVE('',#4005,#4013,#4015,.T.);
#4013 = VERTEX_POINT('',#4014);
#4014 = CARTESIAN_POINT('',(30.,-20.,10.));
#4015 = LINE('',#4016,#4017);
#4016 = CARTESIAN_POINT('',(30.,-70.,10.));
#4017 = VECTOR('',#4018,1.);
#4018 = DIRECTION('',(0.,1.,0.));
#4019 = ORIENTED_EDGE('',*,*,#4020,.F.);
#4020 = EDGE_CURVE('',#4021,#4013,#4023,.T.);
#4021 = VERTEX_POINT('',#4022);
#4022 = CARTESIAN_POINT('',(30.,-20.,12.));
#4023 = LINE('',#4024,#4025);
#4024 = CARTESIAN_POINT('',(30.,-20.,12.));
#4025 = VECTOR('',#4026,1.);
#4026 = DIRECTION('',(-0.,-0.,-1.));
#4027 = ORIENTED_EDGE('',*,*,#4028,.T.);
#4028 = EDGE_CURVE('',#4021,#3949,#4029,.T.);
#4029 = LINE('',#4030,#4031);
#4030 = CARTESIAN_POINT('',(30.,-70.,12.));
#4031 = VECTOR('',#4032,1.);
#4032 = DIRECTION('',(0.,1.,0.));
#4033 = PLANE('',#4034);
#4034 = AXIS2_PLACEMENT_3D('',#4035,#4036,#4037);
#4035 = CARTESIAN_POINT('',(30.,-25.,6.));
#4036 = DIRECTION('',(-1.,-0.,-0.));
#4037 = DIRECTION('',(0.,0.,-1.));
#4038 = ADVANCED_FACE('',(#4039),#4057,.T.);
#4039 = FACE_BOUND('',#4040,.T.);
#4040 = EDGE_LOOP('',(#4041,#4042,#4043,#4051));
#4041 = ORIENTED_EDGE('',*,*,#3399,.T.);
#4042 = ORIENTED_EDGE('',*,*,#3988,.T.);
#4043 = ORIENTED_EDGE('',*,*,#4044,.T.);
#4044 = EDGE_CURVE('',#3981,#4045,#4047,.T.);
#4045 = VERTEX_POINT('',#4046);
#4046 = CARTESIAN_POINT('',(-32.,-72.,12.));
#4047 = LINE('',#4048,#4049);
#4048 = CARTESIAN_POINT('',(32.,-72.,12.));
#4049 = VECTOR('',#4050,1.);
#4050 = DIRECTION('',(-1.,0.,0.));
#4051 = ORIENTED_EDGE('',*,*,#4052,.F.);
#4052 = EDGE_CURVE('',#3400,#4045,#4053,.T.);
#4053 = LINE('',#4054,#4055);
#4054 = CARTESIAN_POINT('',(-32.,-72.,0.));
#4055 = VECTOR('',#4056,1.);
#4056 = DIRECTION('',(0.,0.,1.));
#4057 = PLANE('',#4058);
#4058 = AXIS2_PLACEMENT_3D('',#4059,#4060,#4061);
#4059 = CARTESIAN_POINT('',(32.,-72.,0.));
#4060 = DIRECTION('',(0.,-1.,0.));
#4061 = DIRECTION('',(-1.,0.,0.));
#4062 = ADVANCED_FACE('',(#4063),#4081,.T.);
#4063 = FACE_BOUND('',#4064,.T.);
#4064 = EDGE_LOOP('',(#4065,#4066,#4067,#4075));
#4065 = ORIENTED_EDGE('',*,*,#4004,.F.);
#4066 = ORIENTED_EDGE('',*,*,#3431,.T.);
#4067 = ORIENTED_EDGE('',*,*,#4068,.T.);
#4068 = EDGE_CURVE('',#3424,#4069,#4071,.T.);
#4069 = VERTEX_POINT('',#4070);
#4070 = CARTESIAN_POINT('',(-30.,-70.,10.));
#4071 = LINE('',#4072,#4073);
#4072 = CARTESIAN_POINT('',(-30.,-70.,0.));
#4073 = VECTOR('',#4074,1.);
#4074 = DIRECTION('',(0.,0.,1.));
#4075 = ORIENTED_EDGE('',*,*,#4076,.T.);
#4076 = EDGE_CURVE('',#4069,#4005,#4077,.T.);
#4077 = LINE('',#4078,#4079);
#4078 = CARTESIAN_POINT('',(-30.,-70.,10.));
#4079 = VECTOR('',#4080,1.);
#4080 = DIRECTION('',(1.,0.,0.));
#4081 = PLANE('',#4082);
#4082 = AXIS2_PLACEMENT_3D('',#4083,#4084,#4085);
#4083 = CARTESIAN_POINT('',(-30.,-70.,0.));
#4084 = DIRECTION('',(0.,1.,0.));
#4085 = DIRECTION('',(1.,0.,0.));
#4086 = ADVANCED_FACE('',(#4087),#4105,.T.);
#4087 = FACE_BOUND('',#4088,.T.);
#4088 = EDGE_LOOP('',(#4089,#4090,#4091,#4099));
#4089 = ORIENTED_EDGE('',*,*,#3407,.T.);
#4090 = ORIENTED_EDGE('',*,*,#4052,.T.);
#4091 = ORIENTED_EDGE('',*,*,#4092,.T.);
#4092 = EDGE_CURVE('',#4045,#4093,#4095,.T.);
#4093 = VERTEX_POINT('',#4094);
#4094 = CARTESIAN_POINT('',(-32.,20.,12.));
#4095 = LINE('',#4096,#4097);
#4096 = CARTESIAN_POINT('',(-32.,-72.,12.));
#4097 = VECTOR('',#4098,1.);
#4098 = DIRECTION('',(0.,1.,0.));
#4099 = ORIENTED_EDGE('',*,*,#4100,.F.);
#4100 = EDGE_CURVE('',#3408,#4093,#4101,.T.);
#4101 = LINE('',#4102,#4103);
#4102 = CARTESIAN_POINT('',(-32.,20.,0.));
#4103 = VECTOR('',#4104,1.);
#4104 = DIRECTION('',(0.,0.,1.));
#4105 = PLANE('',#4106);
#4106 = AXIS2_PLACEMENT_3D('',#4107,#4108,#4109);
#4107 = CARTESIAN_POINT('',(-32.,-72.,0.));
#4108 = DIRECTION('',(-1.,0.,0.));
#4109 = DIRECTION('',(0.,1.,0.));
#4110 = ADVANCED_FACE('',(#4111),#4145,.T.);
#4111 = FACE_BOUND('',#4112,.T.);
#4112 = EDGE_LOOP('',(#4113,#4114,#4115,#4123,#4131,#4139));
#4113 = ORIENTED_EDGE('',*,*,#4068,.F.);
#4114 = ORIENTED_EDGE('',*,*,#3423,.T.);
#4115 = ORIENTED_EDGE('',*,*,#4116,.T.);
#4116 = EDGE_CURVE('',#3416,#4117,#4119,.T.);
#4117 = VERTEX_POINT('',#4118);
#4118 = CARTESIAN_POINT('',(-30.,20.,12.));
#4119 = LINE('',#4120,#4121);
#4120 = CARTESIAN_POINT('',(-30.,20.,0.));
#4121 = VECTOR('',#4122,1.);
#4122 = DIRECTION('',(0.,0.,1.));
#4123 = ORIENTED_EDGE('',*,*,#4124,.T.);
#4124 = EDGE_CURVE('',#4117,#4125,#4127,.T.);
#4125 = VERTEX_POINT('',#4126);
#4126 = CARTESIAN_POINT('',(-30.,-20.,12.));
#4127 = LINE('',#4128,#4129);
#4128 = CARTESIAN_POINT('',(-30.,20.,12.));
#4129 = VECTOR('',#4130,1.);
#4130 = DIRECTION('',(0.,-1.,0.));
#4131 = ORIENTED_EDGE('',*,*,#4132,.T.);
#4132 = EDGE_CURVE('',#4125,#4133,#4135,.T.);
#4133 = VERTEX_POINT('',#4134);
#4134 = CARTESIAN_POINT('',(-30.,-20.,10.));
#4135 = LINE('',#4136,#4137);
#4136 = CARTESIAN_POINT('',(-30.,-20.,12.));
#4137 = VECTOR('',#4138,1.);
#4138 = DIRECTION('',(-0.,-0.,-1.));
#4139 = ORIENTED_EDGE('',*,*,#4140,.T.);
#4140 = EDGE_CURVE('',#4133,#4069,#4141,.T.);
#4141 = LINE('',#4142,#4143);
#4142 = CARTESIAN_POINT('',(-30.,20.,10.));
#4143 = VECTOR('',#4144,1.);
#4144 = DIRECTION('',(0.,-1.,0.));
#4145 = PLANE('',#4146);
#4146 = AXIS2_PLACEMENT_3D('',#4147,#4148,#4149);
#4147 = CARTESIAN_POINT('',(-30.,-25.,6.));
#4148 = DIRECTION('',(1.,0.,0.));
#4149 = DIRECTION('',(0.,0.,1.));
#4150 = ADVANCED_FACE('',(#4151),#4162,.T.);
#4151 = FACE_BOUND('',#4152,.T.);
#4152 = EDGE_LOOP('',(#4153,#4154,#4155,#4161));
#4153 = ORIENTED_EDGE('',*,*,#3415,.T.);
#4154 = ORIENTED_EDGE('',*,*,#4100,.T.);
#4155 = ORIENTED_EDGE('',*,*,#4156,.T.);
#4156 = EDGE_CURVE('',#4093,#4117,#4157,.T.);
#4157 = LINE('',#4158,#4159);
#4158 = CARTESIAN_POINT('',(-32.,20.,12.));
#4159 = VECTOR('',#4160,1.);
#4160 = DIRECTION('',(1.,0.,0.));
#4161 = ORIENTED_EDGE('',*,*,#4116,.F.);
#4162 = PLANE('',#4163);
#4163 = AXIS2_PLACEMENT_3D('',#4164,#4165,#4166);
#4164 = CARTESIAN_POINT('',(-32.,20.,0.));
#4165 = DIRECTION('',(0.,1.,0.));
#4166 = DIRECTION('',(1.,0.,0.));
#4167 = ADVANCED_FACE('',(#4168),#4187,.F.);
#4168 = FACE_BOUND('',#4169,.T.);
#4169 = EDGE_LOOP('',(#4170,#4179,#4185,#4186));
#4170 = ORIENTED_EDGE('',*,*,#4171,.T.);
#4171 = EDGE_CURVE('',#4172,#4172,#4174,.T.);
#4172 = VERTEX_POINT('',#4173);
#4173 = CARTESIAN_POINT('',(-141.3,128.,4.));
#4174 = CIRCLE('',#4175,1.7);
#4175 = AXIS2_PLACEMENT_3D('',#4176,#4177,#4178);
#4176 = CARTESIAN_POINT('',(-143.,128.,4.));
#4177 = DIRECTION('',(0.,0.,-1.));
#4178 = DIRECTION('',(1.,0.,0.));
#4179 = ORIENTED_EDGE('',*,*,#4180,.T.);
#4180 = EDGE_CURVE('',#4172,#3470,#4181,.T.);
#4181 = LINE('',#4182,#4183);
#4182 = CARTESIAN_POINT('',(-141.3,128.,0.));
#4183 = VECTOR('',#4184,1.);
#4184 = DIRECTION('',(0.,0.,1.));
#4185 = ORIENTED_EDGE('',*,*,#3469,.T.);
#4186 = ORIENTED_EDGE('',*,*,#4180,.F.);
#4187 = CYLINDRICAL_SURFACE('',#4188,1.7);
#4188 = AXIS2_PLACEMENT_3D('',#4189,#4190,#4191);
#4189 = CARTESIAN_POINT('',(-143.,128.,0.));
#4190 = DIRECTION('',(-0.,-0.,-1.));
#4191 = DIRECTION('',(1.,0.,0.));
#4192 = ADVANCED_FACE('',(#4193),#4218,.T.);
#4193 = FACE_BOUND('',#4194,.T.);
#4194 = EDGE_LOOP('',(#4195,#4205,#4211,#4212));
#4195 = ORIENTED_EDGE('',*,*,#4196,.F.);
#4196 = EDGE_CURVE('',#4197,#4199,#4201,.T.);
#4197 = VERTEX_POINT('',#4198);
#4198 = CARTESIAN_POINT('',(-82.,120.,0.));
#4199 = VERTEX_POINT('',#4200);
#4200 = CARTESIAN_POINT('',(-82.,114.,0.));
#4201 = LINE('',#4202,#4203);
#4202 = CARTESIAN_POINT('',(-82.,120.,0.));
#4203 = VECTOR('',#4204,1.);
#4204 = DIRECTION('',(0.,-1.,0.));
#4205 = ORIENTED_EDGE('',*,*,#4206,.T.);
#4206 = EDGE_CURVE('',#4197,#3495,#4207,.T.);
#4207 = LINE('',#4208,#4209);
#4208 = CARTESIAN_POINT('',(-82.,120.,0.));
#4209 = VECTOR('',#4210,1.);
#4210 = DIRECTION('',(0.,0.,1.));
#4211 = ORIENTED_EDGE('',*,*,#3492,.F.);
#4212 = ORIENTED_EDGE('',*,*,#4213,.F.);
#4213 = EDGE_CURVE('',#4199,#3493,#4214,.T.);
#4214 = LINE('',#4215,#4216);
#4215 = CARTESIAN_POINT('',(-82.,114.,0.));
#4216 = VECTOR('',#4217,1.);
#4217 = DIRECTION('',(0.,0.,1.));
#4218 = PLANE('',#4219);
#4219 = AXIS2_PLACEMENT_3D('',#4220,#4221,#4222);
#4220 = CARTESIAN_POINT('',(-82.,120.,0.));
#4221 = DIRECTION('',(1.,0.,0.));
#4222 = DIRECTION('',(0.,-1.,0.));
#4223 = ADVANCED_FACE('',(#4224),#4243,.F.);
#4224 = FACE_BOUND('',#4225,.T.);
#4225 = EDGE_LOOP('',(#4226,#4235,#4236,#4237));
#4226 = ORIENTED_EDGE('',*,*,#4227,.F.);
#4227 = EDGE_CURVE('',#4199,#4228,#4230,.T.);
#4228 = VERTEX_POINT('',#4229);
#4229 = CARTESIAN_POINT('',(-78.,114.,0.));
#4230 = CIRCLE('',#4231,4.);
#4231 = AXIS2_PLACEMENT_3D('',#4232,#4233,#4234);
#4232 = CARTESIAN_POINT('',(-80.,110.53589838486,0.));
#4233 = DIRECTION('',(0.,0.,1.));
#4234 = DIRECTION('',(1.,0.,0.));
#4235 = ORIENTED_EDGE('',*,*,#4213,.T.);
#4236 = ORIENTED_EDGE('',*,*,#3519,.F.);
#4237 = ORIENTED_EDGE('',*,*,#4238,.F.);
#4238 = EDGE_CURVE('',#4228,#3512,#4239,.T.);
#4239 = LINE('',#4240,#4241);
#4240 = CARTESIAN_POINT('',(-78.,114.,0.));
#4241 = VECTOR('',#4242,1.);
#4242 = DIRECTION('',(0.,0.,1.));
#4243 = CYLINDRICAL_SURFACE('',#4244,4.);
#4244 = AXIS2_PLACEMENT_3D('',#4245,#4246,#4247);
#4245 = CARTESIAN_POINT('',(-80.,110.53589838486,0.));
#4246 = DIRECTION('',(-0.,-0.,-1.));
#4247 = DIRECTION('',(1.,0.,0.));
#4248 = ADVANCED_FACE('',(#4249),#4267,.F.);
#4249 = FACE_BOUND('',#4250,.F.);
#4250 = EDGE_LOOP('',(#4251,#4259,#4265,#4266));
#4251 = ORIENTED_EDGE('',*,*,#4252,.F.);
#4252 = EDGE_CURVE('',#4253,#4228,#4255,.T.);
#4253 = VERTEX_POINT('',#4254);
#4254 = CARTESIAN_POINT('',(-78.,120.,0.));
#4255 = LINE('',#4256,#4257);
#4256 = CARTESIAN_POINT('',(-78.,120.,0.));
#4257 = VECTOR('',#4258,1.);
#4258 = DIRECTION('',(0.,-1.,0.));
#4259 = ORIENTED_EDGE('',*,*,#4260,.T.);
#4260 = EDGE_CURVE('',#4253,#3503,#4261,.T.);
#4261 = LINE('',#4262,#4263);
#4262 = CARTESIAN_POINT('',(-78.,120.,0.));
#4263 = VECTOR('',#4264,1.);
#4264 = DIRECTION('',(0.,0.,1.));
#4265 = ORIENTED_EDGE('',*,*,#3511,.F.);
#4266 = ORIENTED_EDGE('',*,*,#4238,.F.);
#4267 = PLANE('',#4268);
#4268 = AXIS2_PLACEMENT_3D('',#4269,#4270,#4271);
#4269 = CARTESIAN_POINT('',(-78.,120.,0.));
#4270 = DIRECTION('',(1.,0.,0.));
#4271 = DIRECTION('',(0.,-1.,0.));
#4272 = ADVANCED_FACE('',(#4273),#4285,.F.);
#4273 = FACE_BOUND('',#4274,.T.);
#4274 = EDGE_LOOP('',(#4275,#4282,#4283,#4284));
#4275 = ORIENTED_EDGE('',*,*,#4276,.F.);
#4276 = EDGE_CURVE('',#4253,#4197,#4277,.T.);
#4277 = CIRCLE('',#4278,2.);
#4278 = AXIS2_PLACEMENT_3D('',#4279,#4280,#4281);
#4279 = CARTESIAN_POINT('',(-80.,120.,0.));
#4280 = DIRECTION('',(0.,0.,1.));
#4281 = DIRECTION('',(1.,0.,0.));
#4282 = ORIENTED_EDGE('',*,*,#4260,.T.);
#4283 = ORIENTED_EDGE('',*,*,#3502,.F.);
#4284 = ORIENTED_EDGE('',*,*,#4206,.F.);
#4285 = CYLINDRICAL_SURFACE('',#4286,2.);
#4286 = AXIS2_PLACEMENT_3D('',#4287,#4288,#4289);
#4287 = CARTESIAN_POINT('',(-80.,120.,0.));
#4288 = DIRECTION('',(-0.,-0.,-1.));
#4289 = DIRECTION('',(1.,0.,0.));
#4290 = ADVANCED_FACE('',(#4291),#4316,.T.);
#4291 = FACE_BOUND('',#4292,.T.);
#4292 = EDGE_LOOP('',(#4293,#4303,#4309,#4310));
#4293 = ORIENTED_EDGE('',*,*,#4294,.F.);
#4294 = EDGE_CURVE('',#4295,#4297,#4299,.T.);
#4295 = VERTEX_POINT('',#4296);
#4296 = CARTESIAN_POINT('',(78.,120.,0.));
#4297 = VERTEX_POINT('',#4298);
#4298 = CARTESIAN_POINT('',(77.999999999963,113.99999999997,0.));
#4299 = LINE('',#4300,#4301);
#4300 = CARTESIAN_POINT('',(78.,120.,0.));
#4301 = VECTOR('',#4302,1.);
#4302 = DIRECTION('',(-6.18409E-12,-1.,0.));
#4303 = ORIENTED_EDGE('',*,*,#4304,.T.);
#4304 = EDGE_CURVE('',#4295,#3557,#4305,.T.);
#4305 = LINE('',#4306,#4307);
#4306 = CARTESIAN_POINT('',(78.,120.,0.));
#4307 = VECTOR('',#4308,1.);
#4308 = DIRECTION('',(0.,0.,1.));
#4309 = ORIENTED_EDGE('',*,*,#3554,.F.);
#4310 = ORIENTED_EDGE('',*,*,#4311,.F.);
#4311 = EDGE_CURVE('',#4297,#3555,#4312,.T.);
#4312 = LINE('',#4313,#4314);
#4313 = CARTESIAN_POINT('',(77.999999999963,113.99999999997,0.));
#4314 = VECTOR('',#4315,1.);
#4315 = DIRECTION('',(0.,0.,1.));
#4316 = PLANE('',#4317);
#4317 = AXIS2_PLACEMENT_3D('',#4318,#4319,#4320);
#4318 = CARTESIAN_POINT('',(78.,120.,0.));
#4319 = DIRECTION('',(1.,-6.18409E-12,0.));
#4320 = DIRECTION('',(-6.18409E-12,-1.,0.));
#4321 = ADVANCED_FACE('',(#4322),#4341,.F.);
#4322 = FACE_BOUND('',#4323,.T.);
#4323 = EDGE_LOOP('',(#4324,#4333,#4334,#4335));
#4324 = ORIENTED_EDGE('',*,*,#4325,.F.);
#4325 = EDGE_CURVE('',#4297,#4326,#4328,.T.);
#4326 = VERTEX_POINT('',#4327);
#4327 = CARTESIAN_POINT('',(82.,114.,0.));
#4328 = CIRCLE('',#4329,4.);
#4329 = AXIS2_PLACEMENT_3D('',#4330,#4331,#4332);
#4330 = CARTESIAN_POINT('',(80.,110.53589838486,0.));
#4331 = DIRECTION('',(0.,0.,1.));
#4332 = DIRECTION('',(1.,0.,0.));
#4333 = ORIENTED_EDGE('',*,*,#4311,.T.);
#4334 = ORIENTED_EDGE('',*,*,#3581,.F.);
#4335 = ORIENTED_EDGE('',*,*,#4336,.F.);
#4336 = EDGE_CURVE('',#4326,#3574,#4337,.T.);
#4337 = LINE('',#4338,#4339);
#4338 = CARTESIAN_POINT('',(82.,114.,0.));
#4339 = VECTOR('',#4340,1.);
#4340 = DIRECTION('',(0.,0.,1.));
#4341 = CYLINDRICAL_SURFACE('',#4342,4.);
#4342 = AXIS2_PLACEMENT_3D('',#4343,#4344,#4345);
#4343 = CARTESIAN_POINT('',(80.,110.53589838486,0.));
#4344 = DIRECTION('',(-0.,-0.,-1.));
#4345 = DIRECTION('',(1.,0.,0.));
#4346 = ADVANCED_FACE('',(#4347),#4365,.F.);
#4347 = FACE_BOUND('',#4348,.F.);
#4348 = EDGE_LOOP('',(#4349,#4357,#4363,#4364));
#4349 = ORIENTED_EDGE('',*,*,#4350,.F.);
#4350 = EDGE_CURVE('',#4351,#4326,#4353,.T.);
#4351 = VERTEX_POINT('',#4352);
#4352 = CARTESIAN_POINT('',(82.,120.,0.));
#4353 = LINE('',#4354,#4355);
#4354 = CARTESIAN_POINT('',(82.,120.,0.));
#4355 = VECTOR('',#4356,1.);
#4356 = DIRECTION('',(0.,-1.,0.));
#4357 = ORIENTED_EDGE('',*,*,#4358,.T.);
#4358 = EDGE_CURVE('',#4351,#3565,#4359,.T.);
#4359 = LINE('',#4360,#4361);
#4360 = CARTESIAN_POINT('',(82.,120.,0.));
#4361 = VECTOR('',#4362,1.);
#4362 = DIRECTION('',(0.,0.,1.));
#4363 = ORIENTED_EDGE('',*,*,#3573,.F.);
#4364 = ORIENTED_EDGE('',*,*,#4336,.F.);
#4365 = PLANE('',#4366);
#4366 = AXIS2_PLACEMENT_3D('',#4367,#4368,#4369);
#4367 = CARTESIAN_POINT('',(82.,120.,0.));
#4368 = DIRECTION('',(1.,0.,0.));
#4369 = DIRECTION('',(0.,-1.,0.));
#4370 = ADVANCED_FACE('',(#4371),#4383,.F.);
#4371 = FACE_BOUND('',#4372,.T.);
#4372 = EDGE_LOOP('',(#4373,#4380,#4381,#4382));
#4373 = ORIENTED_EDGE('',*,*,#4374,.F.);
#4374 = EDGE_CURVE('',#4351,#4295,#4375,.T.);
#4375 = CIRCLE('',#4376,2.);
#4376 = AXIS2_PLACEMENT_3D('',#4377,#4378,#4379);
#4377 = CARTESIAN_POINT('',(80.,120.,0.));
#4378 = DIRECTION('',(0.,0.,1.));
#4379 = DIRECTION('',(1.,0.,0.));
#4380 = ORIENTED_EDGE('',*,*,#4358,.T.);
#4381 = ORIENTED_EDGE('',*,*,#3564,.F.);
#4382 = ORIENTED_EDGE('',*,*,#4304,.F.);
#4383 = CYLINDRICAL_SURFACE('',#4384,2.);
#4384 = AXIS2_PLACEMENT_3D('',#4385,#4386,#4387);
#4385 = CARTESIAN_POINT('',(80.,120.,0.));
#4386 = DIRECTION('',(-0.,-0.,-1.));
#4387 = DIRECTION('',(1.,0.,0.));
#4388 = ADVANCED_FACE('',(#4389),#4408,.F.);
#4389 = FACE_BOUND('',#4390,.T.);
#4390 = EDGE_LOOP('',(#4391,#4400,#4406,#4407));
#4391 = ORIENTED_EDGE('',*,*,#4392,.T.);
#4392 = EDGE_CURVE('',#4393,#4393,#4395,.T.);
#4393 = VERTEX_POINT('',#4394);
#4394 = CARTESIAN_POINT('',(144.7,128.,4.));
#4395 = CIRCLE('',#4396,1.7);
#4396 = AXIS2_PLACEMENT_3D('',#4397,#4398,#4399);
#4397 = CARTESIAN_POINT('',(143.,128.,4.));
#4398 = DIRECTION('',(0.,0.,-1.));
#4399 = DIRECTION('',(1.,0.,0.));
#4400 = ORIENTED_EDGE('',*,*,#4401,.T.);
#4401 = EDGE_CURVE('',#4393,#3600,#4402,.T.);
#4402 = LINE('',#4403,#4404);
#4403 = CARTESIAN_POINT('',(144.7,128.,0.));
#4404 = VECTOR('',#4405,1.);
#4405 = DIRECTION('',(0.,0.,1.));
#4406 = ORIENTED_EDGE('',*,*,#3599,.T.);
#4407 = ORIENTED_EDGE('',*,*,#4401,.F.);
#4408 = CYLINDRICAL_SURFACE('',#4409,1.7);
#4409 = AXIS2_PLACEMENT_3D('',#4410,#4411,#4412);
#4410 = CARTESIAN_POINT('',(143.,128.,0.));
#4411 = DIRECTION('',(-0.,-0.,-1.));
#4412 = DIRECTION('',(1.,0.,0.));
#4413 = ADVANCED_FACE('',(#4414,#4420,#4431,#4442,#4453,#4459,#4465),
  #4476,.T.);
#4414 = FACE_BOUND('',#4415,.T.);
#4415 = EDGE_LOOP('',(#4416,#4417,#4418,#4419));
#4416 = ORIENTED_EDGE('',*,*,#3642,.F.);
#4417 = ORIENTED_EDGE('',*,*,#3666,.F.);
#4418 = ORIENTED_EDGE('',*,*,#3753,.F.);
#4419 = ORIENTED_EDGE('',*,*,#3680,.F.);
#4420 = FACE_BOUND('',#4421,.T.);
#4421 = EDGE_LOOP('',(#4422));
#4422 = ORIENTED_EDGE('',*,*,#4423,.T.);
#4423 = EDGE_CURVE('',#4424,#4424,#4426,.T.);
#4424 = VERTEX_POINT('',#4425);
#4425 = CARTESIAN_POINT('',(146.5,-128.,0.));
#4426 = CIRCLE('',#4427,3.5);
#4427 = AXIS2_PLACEMENT_3D('',#4428,#4429,#4430);
#4428 = CARTESIAN_POINT('',(143.,-128.,0.));
#4429 = DIRECTION('',(0.,0.,1.));
#4430 = DIRECTION('',(1.,0.,0.));
#4431 = FACE_BOUND('',#4432,.T.);
#4432 = EDGE_LOOP('',(#4433));
#4433 = ORIENTED_EDGE('',*,*,#4434,.T.);
#4434 = EDGE_CURVE('',#4435,#4435,#4437,.T.);
#4435 = VERTEX_POINT('',#4436);
#4436 = CARTESIAN_POINT('',(-139.5,-128.,0.));
#4437 = CIRCLE('',#4438,3.5);
#4438 = AXIS2_PLACEMENT_3D('',#4439,#4440,#4441);
#4439 = CARTESIAN_POINT('',(-143.,-128.,0.));
#4440 = DIRECTION('',(0.,0.,1.));
#4441 = DIRECTION('',(1.,0.,0.));
#4442 = FACE_BOUND('',#4443,.T.);
#4443 = EDGE_LOOP('',(#4444));
#4444 = ORIENTED_EDGE('',*,*,#4445,.T.);
#4445 = EDGE_CURVE('',#4446,#4446,#4448,.T.);
#4446 = VERTEX_POINT('',#4447);
#4447 = CARTESIAN_POINT('',(146.5,128.,0.));
#4448 = CIRCLE('',#4449,3.5);
#4449 = AXIS2_PLACEMENT_3D('',#4450,#4451,#4452);
#4450 = CARTESIAN_POINT('',(143.,128.,0.));
#4451 = DIRECTION('',(0.,0.,1.));
#4452 = DIRECTION('',(1.,0.,0.));
#4453 = FACE_BOUND('',#4454,.T.);
#4454 = EDGE_LOOP('',(#4455,#4456,#4457,#4458));
#4455 = ORIENTED_EDGE('',*,*,#4350,.F.);
#4456 = ORIENTED_EDGE('',*,*,#4374,.T.);
#4457 = ORIENTED_EDGE('',*,*,#4294,.T.);
#4458 = ORIENTED_EDGE('',*,*,#4325,.T.);
#4459 = FACE_BOUND('',#4460,.T.);
#4460 = EDGE_LOOP('',(#4461,#4462,#4463,#4464));
#4461 = ORIENTED_EDGE('',*,*,#4252,.F.);
#4462 = ORIENTED_EDGE('',*,*,#4276,.T.);
#4463 = ORIENTED_EDGE('',*,*,#4196,.T.);
#4464 = ORIENTED_EDGE('',*,*,#4227,.T.);
#4465 = FACE_BOUND('',#4466,.T.);
#4466 = EDGE_LOOP('',(#4467));
#4467 = ORIENTED_EDGE('',*,*,#4468,.T.);
#4468 = EDGE_CURVE('',#4469,#4469,#4471,.T.);
#4469 = VERTEX_POINT('',#4470);
#4470 = CARTESIAN_POINT('',(-139.5,128.,0.));
#4471 = CIRCLE('',#4472,3.5);
#4472 = AXIS2_PLACEMENT_3D('',#4473,#4474,#4475);
#4473 = CARTESIAN_POINT('',(-143.,128.,0.));
#4474 = DIRECTION('',(0.,0.,1.));
#4475 = DIRECTION('',(1.,0.,0.));
#4476 = PLANE('',#4477);
#4477 = AXIS2_PLACEMENT_3D('',#4478,#4479,#4480);
#4478 = CARTESIAN_POINT('',(0.,0.,0.));
#4479 = DIRECTION('',(-0.,-0.,-1.));
#4480 = DIRECTION('',(-1.,0.,0.));
#4481 = ADVANCED_FACE('',(#4482,#4488),#4499,.T.);
#4482 = FACE_BOUND('',#4483,.T.);
#4483 = EDGE_LOOP('',(#4484,#4485,#4486,#4487));
#4484 = ORIENTED_EDGE('',*,*,#3817,.T.);
#4485 = ORIENTED_EDGE('',*,*,#3858,.T.);
#4486 = ORIENTED_EDGE('',*,*,#3882,.T.);
#4487 = ORIENTED_EDGE('',*,*,#3703,.T.);
#4488 = FACE_BOUND('',#4489,.F.);
#4489 = EDGE_LOOP('',(#4490));
#4490 = ORIENTED_EDGE('',*,*,#4491,.T.);
#4491 = EDGE_CURVE('',#4492,#4492,#4494,.T.);
#4492 = VERTEX_POINT('',#4493);
#4493 = CARTESIAN_POINT('',(-153.8,28.,6.));
#4494 = CIRCLE('',#4495,1.6);
#4495 = AXIS2_PLACEMENT_3D('',#4496,#4497,#4498);
#4496 = CARTESIAN_POINT('',(-155.4,28.,6.));
#4497 = DIRECTION('',(0.,0.,1.));
#4498 = DIRECTION('',(1.,0.,0.));
#4499 = PLANE('',#4500);
#4500 = AXIS2_PLACEMENT_3D('',#4501,#4502,#4503);
#4501 = CARTESIAN_POINT('',(-127.2086163956,70.35962457915,6.));
#4502 = DIRECTION('',(0.,0.,1.));
#4503 = DIRECTION('',(1.,0.,0.));
#4504 = ADVANCED_FACE('',(#4505,#4511),#4522,.T.);
#4505 = FACE_BOUND('',#4506,.T.);
#4506 = EDGE_LOOP('',(#4507,#4508,#4509,#4510));
#4507 = ORIENTED_EDGE('',*,*,#3841,.T.);
#4508 = ORIENTED_EDGE('',*,*,#3800,.T.);
#4509 = ORIENTED_EDGE('',*,*,#3776,.T.);
#4510 = ORIENTED_EDGE('',*,*,#3726,.T.);
#4511 = FACE_BOUND('',#4512,.F.);
#4512 = EDGE_LOOP('',(#4513));
#4513 = ORIENTED_EDGE('',*,*,#4514,.T.);
#4514 = EDGE_CURVE('',#4515,#4515,#4517,.T.);
#4515 = VERTEX_POINT('',#4516);
#4516 = CARTESIAN_POINT('',(-153.8,103.,6.));
#4517 = CIRCLE('',#4518,1.6);
#4518 = AXIS2_PLACEMENT_3D('',#4519,#4520,#4521);
#4519 = CARTESIAN_POINT('',(-155.4,103.,6.));
#4520 = DIRECTION('',(0.,0.,1.));
#4521 = DIRECTION('',(1.,0.,0.));
#4522 = PLANE('',#4523);
#4523 = AXIS2_PLACEMENT_3D('',#4524,#4525,#4526);
#4524 = CARTESIAN_POINT('',(-127.2086163956,70.35962457915,6.));
#4525 = DIRECTION('',(0.,0.,1.));
#4526 = DIRECTION('',(1.,0.,0.));
#4527 = ADVANCED_FACE('',(#4528,#4539),#4542,.F.);
#4528 = FACE_BOUND('',#4529,.F.);
#4529 = EDGE_LOOP('',(#4530));
#4530 = ORIENTED_EDGE('',*,*,#4531,.T.);
#4531 = EDGE_CURVE('',#4532,#4532,#4534,.T.);
#4532 = VERTEX_POINT('',#4533);
#4533 = CARTESIAN_POINT('',(-139.5,-128.,4.));
#4534 = CIRCLE('',#4535,3.5);
#4535 = AXIS2_PLACEMENT_3D('',#4536,#4537,#4538);
#4536 = CARTESIAN_POINT('',(-143.,-128.,4.));
#4537 = DIRECTION('',(0.,0.,1.));
#4538 = DIRECTION('',(1.,0.,0.));
#4539 = FACE_BOUND('',#4540,.F.);
#4540 = EDGE_LOOP('',(#4541));
#4541 = ORIENTED_EDGE('',*,*,#3897,.T.);
#4542 = PLANE('',#4543);
#4543 = AXIS2_PLACEMENT_3D('',#4544,#4545,#4546);
#4544 = CARTESIAN_POINT('',(-3.13E-15,3.13E-15,4.));
#4545 = DIRECTION('',(0.,0.,1.));
#4546 = DIRECTION('',(1.,0.,0.));
#4547 = ADVANCED_FACE('',(#4548,#4559),#4562,.F.);
#4548 = FACE_BOUND('',#4549,.F.);
#4549 = EDGE_LOOP('',(#4550));
#4550 = ORIENTED_EDGE('',*,*,#4551,.T.);
#4551 = EDGE_CURVE('',#4552,#4552,#4554,.T.);
#4552 = VERTEX_POINT('',#4553);
#4553 = CARTESIAN_POINT('',(146.5,-128.,4.));
#4554 = CIRCLE('',#4555,3.5);
#4555 = AXIS2_PLACEMENT_3D('',#4556,#4557,#4558);
#4556 = CARTESIAN_POINT('',(143.,-128.,4.));
#4557 = DIRECTION('',(0.,0.,1.));
#4558 = DIRECTION('',(1.,0.,0.));
#4559 = FACE_BOUND('',#4560,.F.);
#4560 = EDGE_LOOP('',(#4561));
#4561 = ORIENTED_EDGE('',*,*,#3922,.T.);
#4562 = PLANE('',#4563);
#4563 = AXIS2_PLACEMENT_3D('',#4564,#4565,#4566);
#4564 = CARTESIAN_POINT('',(-3.13E-15,3.13E-15,4.));
#4565 = DIRECTION('',(0.,0.,1.));
#4566 = DIRECTION('',(1.,0.,0.));
#4567 = ADVANCED_FACE('',(#4568),#4583,.T.);
#4568 = FACE_BOUND('',#4569,.T.);
#4569 = EDGE_LOOP('',(#4570,#4571,#4577,#4578,#4579,#4580,#4581,#4582));
#4570 = ORIENTED_EDGE('',*,*,#4028,.F.);
#4571 = ORIENTED_EDGE('',*,*,#4572,.F.);
#4572 = EDGE_CURVE('',#4125,#4021,#4573,.T.);
#4573 = LINE('',#4574,#4575);
#4574 = CARTESIAN_POINT('',(-30.,-20.,12.));
#4575 = VECTOR('',#4576,1.);
#4576 = DIRECTION('',(1.,0.,0.));
#4577 = ORIENTED_EDGE('',*,*,#4124,.F.);
#4578 = ORIENTED_EDGE('',*,*,#4156,.F.);
#4579 = ORIENTED_EDGE('',*,*,#4092,.F.);
#4580 = ORIENTED_EDGE('',*,*,#4044,.F.);
#4581 = ORIENTED_EDGE('',*,*,#3980,.F.);
#4582 = ORIENTED_EDGE('',*,*,#3956,.F.);
#4583 = PLANE('',#4584);
#4584 = AXIS2_PLACEMENT_3D('',#4585,#4586,#4587);
#4585 = CARTESIAN_POINT('',(0.,-26.81632653061,12.));
#4586 = DIRECTION('',(0.,0.,1.));
#4587 = DIRECTION('',(1.,0.,0.));
#4588 = ADVANCED_FACE('',(#4589),#4600,.F.);
#4589 = FACE_BOUND('',#4590,.F.);
#4590 = EDGE_LOOP('',(#4591,#4592,#4598,#4599));
#4591 = ORIENTED_EDGE('',*,*,#4132,.T.);
#4592 = ORIENTED_EDGE('',*,*,#4593,.T.);
#4593 = EDGE_CURVE('',#4133,#4013,#4594,.T.);
#4594 = LINE('',#4595,#4596);
#4595 = CARTESIAN_POINT('',(-30.,-20.,10.));
#4596 = VECTOR('',#4597,1.);
#4597 = DIRECTION('',(1.,0.,0.));
#4598 = ORIENTED_EDGE('',*,*,#4020,.F.);
#4599 = ORIENTED_EDGE('',*,*,#4572,.F.);
#4600 = PLANE('',#4601);
#4601 = AXIS2_PLACEMENT_3D('',#4602,#4603,#4604);
#4602 = CARTESIAN_POINT('',(-30.,-20.,12.));
#4603 = DIRECTION('',(0.,-1.,0.));
#4604 = DIRECTION('',(1.,0.,0.));
#4605 = ADVANCED_FACE('',(#4606),#4612,.F.);
#4606 = FACE_BOUND('',#4607,.T.);
#4607 = EDGE_LOOP('',(#4608,#4609,#4610,#4611));
#4608 = ORIENTED_EDGE('',*,*,#4593,.T.);
#4609 = ORIENTED_EDGE('',*,*,#4012,.F.);
#4610 = ORIENTED_EDGE('',*,*,#4076,.F.);
#4611 = ORIENTED_EDGE('',*,*,#4140,.F.);
#4612 = PLANE('',#4613);
#4613 = AXIS2_PLACEMENT_3D('',#4614,#4615,#4616);
#4614 = CARTESIAN_POINT('',(0.,-39.20224719101,10.));
#4615 = DIRECTION('',(0.,0.,1.));
#4616 = DIRECTION('',(1.,0.,0.));
#4617 = ADVANCED_FACE('',(#4618,#4629),#4632,.F.);
#4618 = FACE_BOUND('',#4619,.F.);
#4619 = EDGE_LOOP('',(#4620));
#4620 = ORIENTED_EDGE('',*,*,#4621,.T.);
#4621 = EDGE_CURVE('',#4622,#4622,#4624,.T.);
#4622 = VERTEX_POINT('',#4623);
#4623 = CARTESIAN_POINT('',(-139.5,128.,4.));
#4624 = CIRCLE('',#4625,3.5);
#4625 = AXIS2_PLACEMENT_3D('',#4626,#4627,#4628);
#4626 = CARTESIAN_POINT('',(-143.,128.,4.));
#4627 = DIRECTION('',(0.,0.,1.));
#4628 = DIRECTION('',(1.,0.,0.));
#4629 = FACE_BOUND('',#4630,.F.);
#4630 = EDGE_LOOP('',(#4631));
#4631 = ORIENTED_EDGE('',*,*,#4171,.T.);
#4632 = PLANE('',#4633);
#4633 = AXIS2_PLACEMENT_3D('',#4634,#4635,#4636);
#4634 = CARTESIAN_POINT('',(-3.13E-15,3.13E-15,4.));
#4635 = DIRECTION('',(0.,0.,1.));
#4636 = DIRECTION('',(1.,0.,0.));
#4637 = ADVANCED_FACE('',(#4638,#4649),#4652,.F.);
#4638 = FACE_BOUND('',#4639,.F.);
#4639 = EDGE_LOOP('',(#4640));
#4640 = ORIENTED_EDGE('',*,*,#4641,.T.);
#4641 = EDGE_CURVE('',#4642,#4642,#4644,.T.);
#4642 = VERTEX_POINT('',#4643);
#4643 = CARTESIAN_POINT('',(146.5,128.,4.));
#4644 = CIRCLE('',#4645,3.5);
#4645 = AXIS2_PLACEMENT_3D('',#4646,#4647,#4648);
#4646 = CARTESIAN_POINT('',(143.,128.,4.));
#4647 = DIRECTION('',(0.,0.,1.));
#4648 = DIRECTION('',(1.,0.,0.));
#4649 = FACE_BOUND('',#4650,.F.);
#4650 = EDGE_LOOP('',(#4651));
#4651 = ORIENTED_EDGE('',*,*,#4392,.T.);
#4652 = PLANE('',#4653);
#4653 = AXIS2_PLACEMENT_3D('',#4654,#4655,#4656);
#4654 = CARTESIAN_POINT('',(-3.13E-15,3.13E-15,4.));
#4655 = DIRECTION('',(0.,0.,1.));
#4656 = DIRECTION('',(1.,0.,0.));
#4657 = ADVANCED_FACE('',(#4658),#4669,.F.);
#4658 = FACE_BOUND('',#4659,.T.);
#4659 = EDGE_LOOP('',(#4660,#4666,#4667,#4668));
#4660 = ORIENTED_EDGE('',*,*,#4661,.T.);
#4661 = EDGE_CURVE('',#4424,#4552,#4662,.T.);
#4662 = LINE('',#4663,#4664);
#4663 = CARTESIAN_POINT('',(146.5,-128.,0.));
#4664 = VECTOR('',#4665,1.);
#4665 = DIRECTION('',(0.,0.,1.));
#4666 = ORIENTED_EDGE('',*,*,#4551,.T.);
#4667 = ORIENTED_EDGE('',*,*,#4661,.F.);
#4668 = ORIENTED_EDGE('',*,*,#4423,.F.);
#4669 = CYLINDRICAL_SURFACE('',#4670,3.5);
#4670 = AXIS2_PLACEMENT_3D('',#4671,#4672,#4673);
#4671 = CARTESIAN_POINT('',(143.,-128.,0.));
#4672 = DIRECTION('',(-0.,-0.,-1.));
#4673 = DIRECTION('',(1.,0.,0.));
#4674 = ADVANCED_FACE('',(#4675),#4686,.F.);
#4675 = FACE_BOUND('',#4676,.T.);
#4676 = EDGE_LOOP('',(#4677,#4683,#4684,#4685));
#4677 = ORIENTED_EDGE('',*,*,#4678,.T.);
#4678 = EDGE_CURVE('',#4435,#4532,#4679,.T.);
#4679 = LINE('',#4680,#4681);
#4680 = CARTESIAN_POINT('',(-139.5,-128.,0.));
#4681 = VECTOR('',#4682,1.);
#4682 = DIRECTION('',(0.,0.,1.));
#4683 = ORIENTED_EDGE('',*,*,#4531,.T.);
#4684 = ORIENTED_EDGE('',*,*,#4678,.F.);
#4685 = ORIENTED_EDGE('',*,*,#4434,.F.);
#4686 = CYLINDRICAL_SURFACE('',#4687,3.5);
#4687 = AXIS2_PLACEMENT_3D('',#4688,#4689,#4690);
#4688 = CARTESIAN_POINT('',(-143.,-128.,0.));
#4689 = DIRECTION('',(-0.,-0.,-1.));
#4690 = DIRECTION('',(1.,0.,0.));
#4691 = ADVANCED_FACE('',(#4692),#4703,.F.);
#4692 = FACE_BOUND('',#4693,.T.);
#4693 = EDGE_LOOP('',(#4694,#4700,#4701,#4702));
#4694 = ORIENTED_EDGE('',*,*,#4695,.T.);
#4695 = EDGE_CURVE('',#4446,#4642,#4696,.T.);
#4696 = LINE('',#4697,#4698);
#4697 = CARTESIAN_POINT('',(146.5,128.,0.));
#4698 = VECTOR('',#4699,1.);
#4699 = DIRECTION('',(0.,0.,1.));
#4700 = ORIENTED_EDGE('',*,*,#4641,.T.);
#4701 = ORIENTED_EDGE('',*,*,#4695,.F.);
#4702 = ORIENTED_EDGE('',*,*,#4445,.F.);
#4703 = CYLINDRICAL_SURFACE('',#4704,3.5);
#4704 = AXIS2_PLACEMENT_3D('',#4705,#4706,#4707);
#4705 = CARTESIAN_POINT('',(143.,128.,0.));
#4706 = DIRECTION('',(-0.,-0.,-1.));
#4707 = DIRECTION('',(1.,0.,0.));
#4708 = ADVANCED_FACE('',(#4709),#4720,.F.);
#4709 = FACE_BOUND('',#4710,.T.);
#4710 = EDGE_LOOP('',(#4711,#4717,#4718,#4719));
#4711 = ORIENTED_EDGE('',*,*,#4712,.T.);
#4712 = EDGE_CURVE('',#4469,#4622,#4713,.T.);
#4713 = LINE('',#4714,#4715);
#4714 = CARTESIAN_POINT('',(-139.5,128.,0.));
#4715 = VECTOR('',#4716,1.);
#4716 = DIRECTION('',(0.,0.,1.));
#4717 = ORIENTED_EDGE('',*,*,#4621,.T.);
#4718 = ORIENTED_EDGE('',*,*,#4712,.F.);
#4719 = ORIENTED_EDGE('',*,*,#4468,.F.);
#4720 = CYLINDRICAL_SURFACE('',#4721,3.5);
#4721 = AXIS2_PLACEMENT_3D('',#4722,#4723,#4724);
#4722 = CARTESIAN_POINT('',(-143.,128.,0.));
#4723 = DIRECTION('',(-0.,-0.,-1.));
#4724 = DIRECTION('',(1.,0.,0.));
#4725 = ADVANCED_FACE('',(#4726),#4744,.F.);
#4726 = FACE_BOUND('',#4727,.T.);
#4727 = EDGE_LOOP('',(#4728,#4729,#4736,#4743));
#4728 = ORIENTED_EDGE('',*,*,#4491,.T.);
#4729 = ORIENTED_EDGE('',*,*,#4730,.T.);
#4730 = EDGE_CURVE('',#4492,#4731,#4733,.T.);
#4731 = VERTEX_POINT('',#4732);
#4732 = CARTESIAN_POINT('',(-153.8,28.,1.));
#4733 = B_SPLINE_CURVE_WITH_KNOTS('',1,(#4734,#4735),.UNSPECIFIED.,.F.,
  .F.,(2,2),(-6.,-1.),.PIECEWISE_BEZIER_KNOTS.);
#4734 = CARTESIAN_POINT('',(-153.8,28.,6.));
#4735 = CARTESIAN_POINT('',(-153.8,28.,1.));
#4736 = ORIENTED_EDGE('',*,*,#4737,.F.);
#4737 = EDGE_CURVE('',#4731,#4731,#4738,.T.);
#4738 = CIRCLE('',#4739,1.6);
#4739 = AXIS2_PLACEMENT_3D('',#4740,#4741,#4742);
#4740 = CARTESIAN_POINT('',(-155.4,28.,1.));
#4741 = DIRECTION('',(0.,0.,1.));
#4742 = DIRECTION('',(1.,0.,0.));
#4743 = ORIENTED_EDGE('',*,*,#4730,.F.);
#4744 = CYLINDRICAL_SURFACE('',#4745,1.6);
#4745 = AXIS2_PLACEMENT_3D('',#4746,#4747,#4748);
#4746 = CARTESIAN_POINT('',(-155.4,28.,0.));
#4747 = DIRECTION('',(-0.,-0.,-1.));
#4748 = DIRECTION('',(1.,0.,0.));
#4749 = ADVANCED_FACE('',(#4750),#4768,.F.);
#4750 = FACE_BOUND('',#4751,.T.);
#4751 = EDGE_LOOP('',(#4752,#4753,#4760,#4767));
#4752 = ORIENTED_EDGE('',*,*,#4514,.T.);
#4753 = ORIENTED_EDGE('',*,*,#4754,.T.);
#4754 = EDGE_CURVE('',#4515,#4755,#4757,.T.);
#4755 = VERTEX_POINT('',#4756);
#4756 = CARTESIAN_POINT('',(-153.8,103.,1.));
#4757 = B_SPLINE_CURVE_WITH_KNOTS('',1,(#4758,#4759),.UNSPECIFIED.,.F.,
  .F.,(2,2),(-6.,-1.),.PIECEWISE_BEZIER_KNOTS.);
#4758 = CARTESIAN_POINT('',(-153.8,103.,6.));
#4759 = CARTESIAN_POINT('',(-153.8,103.,1.));
#4760 = ORIENTED_EDGE('',*,*,#4761,.F.);
#4761 = EDGE_CURVE('',#4755,#4755,#4762,.T.);
#4762 = CIRCLE('',#4763,1.6);
#4763 = AXIS2_PLACEMENT_3D('',#4764,#4765,#4766);
#4764 = CARTESIAN_POINT('',(-155.4,103.,1.));
#4765 = DIRECTION('',(0.,0.,1.));
#4766 = DIRECTION('',(1.,0.,0.));
#4767 = ORIENTED_EDGE('',*,*,#4754,.F.);
#4768 = CYLINDRICAL_SURFACE('',#4769,1.6);
#4769 = AXIS2_PLACEMENT_3D('',#4770,#4771,#4772);
#4770 = CARTESIAN_POINT('',(-155.4,103.,0.));
#4771 = DIRECTION('',(-0.,-0.,-1.));
#4772 = DIRECTION('',(1.,0.,0.));
#4773 = ADVANCED_FACE('',(#4774),#4777,.T.);
#4774 = FACE_BOUND('',#4775,.T.);
#4775 = EDGE_LOOP('',(#4776));
#4776 = ORIENTED_EDGE('',*,*,#4737,.T.);
#4777 = PLANE('',#4778);
#4778 = AXIS2_PLACEMENT_3D('',#4779,#4780,#4781);
#4779 = CARTESIAN_POINT('',(-127.2086163956,70.35962457915,1.));
#4780 = DIRECTION('',(0.,0.,1.));
#4781 = DIRECTION('',(1.,0.,0.));
#4782 = ADVANCED_FACE('',(#4783),#4786,.T.);
#4783 = FACE_BOUND('',#4784,.T.);
#4784 = EDGE_LOOP('',(#4785));
#4785 = ORIENTED_EDGE('',*,*,#4761,.T.);
#4786 = PLANE('',#4787);
#4787 = AXIS2_PLACEMENT_3D('',#4788,#4789,#4790);
#4788 = CARTESIAN_POINT('',(-127.2086163956,70.35962457915,1.));
#4789 = DIRECTION('',(0.,0.,1.));
#4790 = DIRECTION('',(1.,0.,0.));
#4791 = ( GEOMETRIC_REPRESENTATION_CONTEXT(3) 
GLOBAL_UNCERTAINTY_ASSIGNED_CONTEXT((#4795)) 
GLOBAL_UNIT_ASSIGNED_CONTEXT((#4792,#4793,#4794)) REPRESENTATION_CONTEXT
('Context #1','3D Context with UNIT and UNCERTAINTY') );
#4792 = ( LENGTH_UNIT() NAMED_UNIT(*) SI_UNIT(.MILLI.,.METRE.) );
#4793 = ( NAMED_UNIT(*) PLANE_ANGLE_UNIT() SI_UNIT($,.RADIAN.) );
#4794 = ( NAMED_UNIT(*) SI_UNIT($,.STERADIAN.) SOLID_ANGLE_UNIT() );
#4795 = UNCERTAINTY_MEASURE_WITH_UNIT(LENGTH_MEASURE(1.E-04),#4792,
  'distance_accuracy_value','confusion accuracy');
#4796 = PRODUCT_RELATED_PRODUCT_CATEGORY('part',$,(#7));
#4797 = MECHANICAL_DESIGN_GEOMETRIC_PRESENTATION_REPRESENTATION('',(
    #4798),#4791);
#4798 = STYLED_ITEM('color',(#4799),#15);
#4799 = PRESENTATION_STYLE_ASSIGNMENT((#4800,#4806));
#4800 = SURFACE_STYLE_USAGE(.BOTH.,#4801);
#4801 = SURFACE_SIDE_STYLE('',(#4802));
#4802 = SURFACE_STYLE_FILL_AREA(#4803);
#4803 = FILL_AREA_STYLE('',(#4804));
#4804 = FILL_AREA_STYLE_COLOUR('',#4805);
#4805 = COLOUR_RGB('',0.800000010877,0.800000010877,0.800000010877);
#4806 = CURVE_STYLE('',#4807,POSITIVE_LENGTH_MEASURE(0.1),#4808);
#4807 = DRAUGHTING_PRE_DEFINED_CURVE_FONT('continuous');
#4808 = COLOUR_RGB('',9.803921802644E-02,9.803921802644E-02,
  9.803921802644E-02);
ENDSEC;
END-ISO-10303-21;
