ISO-10303-21;
HEADER;
FILE_DESCRIPTION (( 'STEP AP214' ),
    '1' );
FILE_NAME ('SW_Tactile_PUSH_Angled_4.5mm_H5.5mm_TS_C017.step',
    '2019-10-24T17:48:11',
    ( '' ),
    ( '' ),
    'SwSTEP 2.0',
    'SolidWorks 2018',
    '' );
FILE_SCHEMA (( 'AUTOMOTIVE_DESIGN' ));
ENDSEC;

DATA;
#1 = LINE ( 'NONE', #1751, #1819 ) ;
#2 = CARTESIAN_POINT ( 'NONE',  ( 0.3500000000000004774, -2.250000000000000000, 0.1250000000000000000 ) ) ;
#3 = DIRECTION ( 'NONE',  ( 1.172110456741086321E-16, -1.000000000000000000, 0.0000000000000000000 ) ) ;
#4 = PRODUCT_DEFINITION_FORMATION_WITH_SPECIFIED_SOURCE ( 'ANY', '', #2369, .NOT_KNOWN. ) ;
#5 = VECTOR ( 'NONE', #1743, 1000.000000000000000 ) ;
#6 = DIRECTION ( 'NONE',  ( 1.239088197126290324E-16, 1.000000000000000000, 0.0000000000000000000 ) ) ;
#7 = ORIENTED_EDGE ( 'NONE', *, *, #1860, .F. ) ;
#8 = DIRECTION ( 'NONE',  ( 1.161645184805897256E-16, -1.439380837741575982E-32, 1.000000000000000000 ) ) ;
#9 = VERTEX_POINT ( 'NONE', #1967 ) ;
#10 = EDGE_CURVE ( 'NONE', #1558, #1368, #2522, .T. ) ;
#11 = ADVANCED_FACE ( 'NONE', ( #358 ), #1260, .F. ) ;
#12 = CARTESIAN_POINT ( 'NONE',  ( 1.649999999999999911, -1.649999999999999023, 1.750000000000000000 ) ) ;
#13 = ORIENTED_EDGE ( 'NONE', *, *, #581, .F. ) ;
#14 = DIRECTION ( 'NONE',  ( -7.350523203291556237E-17, 1.000000000000000000, -0.0000000000000000000 ) ) ;
#15 = DIRECTION ( 'NONE',  ( -0.0000000000000000000, -0.0000000000000000000, -1.000000000000000000 ) ) ;
#16 = ORIENTED_EDGE ( 'NONE', *, *, #789, .F. ) ;
#17 = CARTESIAN_POINT ( 'NONE',  ( 1.850000000000000311, 1.849999999999999423, -0.1250000000000000000 ) ) ;
#18 = VERTEX_POINT ( 'NONE', #2466 ) ;
#19 = ORIENTED_EDGE ( 'NONE', *, *, #1511, .F. ) ;
#20 = ORIENTED_EDGE ( 'NONE', *, *, #1174, .T. ) ;
#21 = DIRECTION ( 'NONE',  ( -1.000000000000000000, 0.0000000000000000000, 0.0000000000000000000 ) ) ;
#22 = ADVANCED_FACE ( 'NONE', ( #2325 ), #2988, .F. ) ;
#23 = ORIENTED_EDGE ( 'NONE', *, *, #2444, .F. ) ;
#24 = DIRECTION ( 'NONE',  ( 1.000000000000000000, -2.409338161078900167E-16, -0.0000000000000000000 ) ) ;
#25 = AXIS2_PLACEMENT_3D ( 'NONE', #1079, #1810, #2073 ) ;
#26 = VECTOR ( 'NONE', #56, 1000.000000000000000 ) ;
#27 = LINE ( 'NONE', #2097, #614 ) ;
#28 = VERTEX_POINT ( 'NONE', #1760 ) ;
#29 = DIRECTION ( 'NONE',  ( 0.0000000000000000000, 0.0000000000000000000, 1.000000000000000000 ) ) ;
#30 = VECTOR ( 'NONE', #2334, 1000.000000000000000 ) ;
#31 = CIRCLE ( 'NONE', #2937, 1.850000000000000089 ) ;
#32 = EDGE_CURVE ( 'NONE', #1460, #475, #1673, .T. ) ;
#33 = COLOUR_RGB ( '',0.8274509803921568096, 0.8392156862745098200, 0.8274509803921568096 ) ;
#34 = VECTOR ( 'NONE', #1671, 1000.000000000000000 ) ;
#35 = CARTESIAN_POINT ( 'NONE',  ( -1.849999999999999423, 1.849999999999999423, -0.8000000000000000444 ) ) ;
#36 = CIRCLE ( 'NONE', #257, 0.4250000000000000444 ) ;
#37 = AXIS2_PLACEMENT_3D ( 'NONE', #2166, #2435, #1952 ) ;
#38 = AXIS2_PLACEMENT_3D ( 'NONE', #2880, #3109, #1376 ) ;
#39 = PRESENTATION_STYLE_ASSIGNMENT (( #2322 ) ) ;
#40 = ADVANCED_FACE ( 'NONE', ( #3107 ), #2691, .F. ) ;
#41 = DIRECTION ( 'NONE',  ( -0.0000000000000000000, 0.0000000000000000000, -1.000000000000000000 ) ) ;
#42 = ORIENTED_EDGE ( 'NONE', *, *, #969, .T. ) ;
#43 = AXIS2_PLACEMENT_3D ( 'NONE', #3168, #495, #967 ) ;
#44 = STYLED_ITEM ( 'NONE', ( #3129 ), #1367 ) ;
#45 = VERTEX_POINT ( 'NONE', #274 ) ;
#46 = AXIS2_PLACEMENT_3D ( 'NONE', #3065, #1581, #1825 ) ;
#47 = ORIENTED_EDGE ( 'NONE', *, *, #576, .T. ) ;
#48 = PLANE ( 'NONE',  #512 ) ;
#49 = UNCERTAINTY_MEASURE_WITH_UNIT (LENGTH_MEASURE( 1.000000000000000082E-05 ), #1381, 'distance_accuracy_value', 'NONE');
#50 = CARTESIAN_POINT ( 'NONE',  ( 2.249999999999999556, -1.849999999999999867, 0.1250000000000000000 ) ) ;
#51 = EDGE_CURVE ( 'NONE', #1338, #9, #2864, .T. ) ;
#52 = ORIENTED_EDGE ( 'NONE', *, *, #1005, .T. ) ;
#53 = PLANE ( 'NONE',  #2415 ) ;
#54 = ORIENTED_EDGE ( 'NONE', *, *, #1513, .T. ) ;
#55 = EDGE_CURVE ( 'NONE', #104, #291, #1025, .T. ) ;
#56 = DIRECTION ( 'NONE',  ( 1.000000000000000000, -6.195440985631453345E-16, 5.808225924029487511E-17 ) ) ;
#57 = CARTESIAN_POINT ( 'NONE',  ( -1.399999999999999689, -1.029073248460817676E-16, 0.0000000000000000000 ) ) ;
#58 = ADVANCED_FACE ( 'NONE', ( #2445 ), #2956, .F. ) ;
#59 = ORIENTED_EDGE ( 'NONE', *, *, #1199, .F. ) ;
#60 = CARTESIAN_POINT ( 'NONE',  ( 0.8999999999999994671, 2.250000000000000000, -0.8000000000000000444 ) ) ;
#61 = DIRECTION ( 'NONE',  ( -0.0000000000000000000, -0.0000000000000000000, -1.000000000000000000 ) ) ;
#62 = ORIENTED_EDGE ( 'NONE', *, *, #2008, .T. ) ;
#63 = CARTESIAN_POINT ( 'NONE',  ( -1.849999999999999201, -2.250000000000000444, 1.750000000000000000 ) ) ;
#64 = MECHANICAL_DESIGN_GEOMETRIC_PRESENTATION_REPRESENTATION (  '', ( #1235 ), #2559 ) ;
#65 = ORIENTED_EDGE ( 'NONE', *, *, #156, .F. ) ;
#66 = AXIS2_PLACEMENT_3D ( 'NONE', #1586, #657, #1097 ) ;
#67 = VECTOR ( 'NONE', #1687, 1000.000000000000000 ) ;
#68 = CARTESIAN_POINT ( 'NONE',  ( -1.849999999999999423, 1.849999999999999423, 0.0000000000000000000 ) ) ;
#69 = EDGE_LOOP ( 'NONE', ( #2184, #499, #754, #1459 ) ) ;
#70 = DIRECTION ( 'NONE',  ( 1.000000000000000000, 0.0000000000000000000, 1.172110456741085828E-16 ) ) ;
#71 = CYLINDRICAL_SURFACE ( 'NONE', #980, 0.3999999999999999667 ) ;
#72 = FACE_OUTER_BOUND ( 'NONE', #249, .T. ) ;
#73 = LINE ( 'NONE', #2760, #1052 ) ;
#74 = DIRECTION ( 'NONE',  ( 0.0000000000000000000, 1.000000000000000000, 0.0000000000000000000 ) ) ;
#75 = FACE_OUTER_BOUND ( 'NONE', #2651, .T. ) ;
#76 = FACE_BOUND ( 'NONE', #1222, .T. ) ;
#77 = DIRECTION ( 'NONE',  ( -4.818676322157800333E-16, -1.000000000000000000, -0.0000000000000000000 ) ) ;
#78 = EDGE_CURVE ( 'NONE', #747, #1081, #1286, .T. ) ;
#79 = FACE_OUTER_BOUND ( 'NONE', #1979, .T. ) ;
#80 = EDGE_CURVE ( 'NONE', #1051, #1051, #702, .T. ) ;
#81 = FACE_OUTER_BOUND ( 'NONE', #774, .T. ) ;
#82 = CARTESIAN_POINT ( 'NONE',  ( 1.850000000000000533, 2.250000000000000888, -0.09999999999999911737 ) ) ;
#83 = EDGE_LOOP ( 'NONE', ( #1044 ) ) ;
#84 = DIRECTION ( 'NONE',  ( -1.000000000000000000, -5.509692694577703339E-16, 0.0000000000000000000 ) ) ;
#85 = AXIS2_PLACEMENT_3D ( 'NONE', #2833, #1129, #2590 ) ;
#86 = ORIENTED_EDGE ( 'NONE', *, *, #1699, .T. ) ;
#87 = ADVANCED_FACE ( 'NONE', ( #152 ), #1479, .F. ) ;
#88 = EDGE_LOOP ( 'NONE', ( #746, #2884, #1720, #209, #745, #2178 ) ) ;
#89 = ADVANCED_BREP_SHAPE_REPRESENTATION ( '', ( #1685, #589 ), #2763 ) ;
#90 = DIRECTION ( 'NONE',  ( -5.621789042517426491E-16, -1.000000000000000000, -0.0000000000000000000 ) ) ;
#91 = VERTEX_POINT ( 'NONE', #2479 ) ;
#92 = EDGE_CURVE ( 'NONE', #104, #1558, #1897, .T. ) ;
#93 = EDGE_LOOP ( 'NONE', ( #1274, #3031, #2363, #3040 ) ) ;
#94 = DIRECTION ( 'NONE',  ( -7.350523203291556237E-17, 1.000000000000000000, -0.0000000000000000000 ) ) ;
#95 = EDGE_CURVE ( 'NONE', #876, #1793, #320, .T. ) ;
#96 = ORIENTED_EDGE ( 'NONE', *, *, #1569, .F. ) ;
#97 = DIRECTION ( 'NONE',  ( -0.0000000000000000000, -0.0000000000000000000, -1.000000000000000000 ) ) ;
#98 = ORIENTED_EDGE ( 'NONE', *, *, #2359, .F. ) ;
#99 = SHAPE_REPRESENTATION ( 'button_pin', ( #589 ), #2285 ) ;
#100 = DIRECTION ( 'NONE',  ( 1.000000000000000000, 5.509692694577703339E-16, -0.0000000000000000000 ) ) ;
#101 = SURFACE_STYLE_USAGE ( .BOTH. , #1304 ) ;
#102 = CYLINDRICAL_SURFACE ( 'NONE', #873, 0.4000000000000004108 ) ;
#103 = SURFACE_STYLE_FILL_AREA ( #154 ) ;
#104 = VERTEX_POINT ( 'NONE', #2538 ) ;
#105 = ADVANCED_FACE ( 'NONE', ( #2406, #79 ), #1324, .F. ) ;
#106 = DIRECTION ( 'NONE',  ( -1.239088197126290324E-16, -1.000000000000000000, 0.0000000000000000000 ) ) ;
#107 = CIRCLE ( 'NONE', #2980, 0.1729894334335530526 ) ;
#108 = VERTEX_POINT ( 'NONE', #1477 ) ;
#109 = CYLINDRICAL_SURFACE ( 'NONE', #571, 0.3499999999999999778 ) ;
#110 = AXIS2_PLACEMENT_3D ( 'NONE', #520, #496, #6 ) ;
#111 = VECTOR ( 'NONE', #2258, 1000.000000000000000 ) ;
#112 = LINE ( 'NONE', #2835, #2978 ) ;
#113 = DIRECTION ( 'NONE',  ( 1.000000000000000000, -1.606225440719267353E-16, 0.0000000000000000000 ) ) ;
#114 = CYLINDRICAL_SURFACE ( 'NONE', #85, 0.4249999999999998224 ) ;
#115 = CARTESIAN_POINT ( 'NONE',  ( -2.249999999999999112, -1.850000000000000311, 1.750000000000000000 ) ) ;
#116 = DIRECTION ( 'NONE',  ( -1.000000000000000000, 0.0000000000000000000, 0.0000000000000000000 ) ) ;
#117 = VECTOR ( 'NONE', #232, 1000.000000000000000 ) ;
#118 = DIRECTION ( 'NONE',  ( 0.0000000000000000000, 1.000000000000000000, 0.0000000000000000000 ) ) ;
#119 = PRESENTATION_STYLE_ASSIGNMENT (( #1068 ) ) ;
#120 = AXIS2_PLACEMENT_3D ( 'NONE', #3085, #2307, #1101 ) ;
#121 = DIRECTION ( 'NONE',  ( -1.239088197126290324E-16, -1.000000000000000000, -0.0000000000000000000 ) ) ;
#122 = ORIENTED_EDGE ( 'NONE', *, *, #2900, .F. ) ;
#123 = DIRECTION ( 'NONE',  ( -1.239088197126290324E-16, -1.000000000000000000, -0.0000000000000000000 ) ) ;
#124 = APPLICATION_CONTEXT ( 'automotive_design' ) ;
#125 = ORIENTED_EDGE ( 'NONE', *, *, #2006, .T. ) ;
#126 = CARTESIAN_POINT ( 'NONE',  ( -0.3499999999999992562, -3.250000000000000000, 0.2500000000000000000 ) ) ;
#127 = DIRECTION ( 'NONE',  ( -1.000000000000000000, 0.0000000000000000000, 0.0000000000000000000 ) ) ;
#128 = VERTEX_POINT ( 'NONE', #3010 ) ;
#129 = CARTESIAN_POINT ( 'NONE',  ( -0.9999999999999997780, 1.556438241627338126, 1.750000000000000000 ) ) ;
#130 = ORIENTED_EDGE ( 'NONE', *, *, #2182, .T. ) ;
#131 = ORIENTED_EDGE ( 'NONE', *, *, #1530, .F. ) ;
#132 = CARTESIAN_POINT ( 'NONE',  ( -2.249999999999999112, 0.8999999999999994671, -0.6000000000000000888 ) ) ;
#133 = EDGE_LOOP ( 'NONE', ( #1692 ) ) ;
#134 = EDGE_CURVE ( 'NONE', #640, #1000, #804, .T. ) ;
#135 = DIRECTION ( 'NONE',  ( -0.0000000000000000000, -0.0000000000000000000, -1.000000000000000000 ) ) ;
#136 = VERTEX_POINT ( 'NONE', #1523 ) ;
#137 = AXIS2_PLACEMENT_3D ( 'NONE', #477, #3181, #248 ) ;
#138 = CARTESIAN_POINT ( 'NONE',  ( -1.849999999999999423, -2.250000000000000444, 0.1250000000000000000 ) ) ;
#139 = ORIENTED_EDGE ( 'NONE', *, *, #2754, .T. ) ;
#140 = SURFACE_SIDE_STYLE ('',( #1405 ) ) ;
#141 = FACE_OUTER_BOUND ( 'NONE', #1870, .T. ) ;
#142 = ORIENTED_EDGE ( 'NONE', *, *, #877, .T. ) ;
#143 = CARTESIAN_POINT ( 'NONE',  ( 0.3500000000000004774, -2.250000000000000000, 0.1250000000000000000 ) ) ;
#144 = SURFACE_STYLE_USAGE ( .BOTH. , #1096 ) ;
#145 = VECTOR ( 'NONE', #2373, 1000.000000000000000 ) ;
#146 = VECTOR ( 'NONE', #1133, 1000.000000000000000 ) ;
#147 = PLANE ( 'NONE',  #2698 ) ;
#148 = CARTESIAN_POINT ( 'NONE',  ( -2.249999999999999112, -1.850000000000000311, -0.8000000000000000444 ) ) ;
#149 = UNCERTAINTY_MEASURE_WITH_UNIT (LENGTH_MEASURE( 1.000000000000000082E-05 ), #1849, 'distance_accuracy_value', 'NONE');
#150 = TOROIDAL_SURFACE ( 'NONE', #2160, 0.1729894334335531636, 0.2000000000000000111 ) ;
#151 = CIRCLE ( 'NONE', #2656, 1.850000000000000089 ) ;
#152 = FACE_OUTER_BOUND ( 'NONE', #1722, .T. ) ;
#153 = EDGE_CURVE ( 'NONE', #2570, #823, #473, .T. ) ;
#154 = FILL_AREA_STYLE ('',( #2335 ) ) ;
#155 = ORIENTED_EDGE ( 'NONE', *, *, #1366, .T. ) ;
#156 = EDGE_CURVE ( 'NONE', #791, #1100, #739, .T. ) ;
#157 =( NAMED_UNIT ( * ) PLANE_ANGLE_UNIT ( ) SI_UNIT ( $, .RADIAN. ) );
#158 = PLANE ( 'NONE',  #2995 ) ;
#159 = ORIENTED_EDGE ( 'NONE', *, *, #907, .F. ) ;
#160 = DIRECTION ( 'NONE',  ( 1.000000000000000000, -8.031127203596335532E-17, -0.0000000000000000000 ) ) ;
#161 = CARTESIAN_POINT ( 'NONE',  ( -1.850000000000000311, -2.250000000000000000, 0.1499999999999999112 ) ) ;
#162 = EDGE_LOOP ( 'NONE', ( #2889, #3152, #3095, #3170 ) ) ;
#163 = ORIENTED_EDGE ( 'NONE', *, *, #134, .F. ) ;
#164 = PLANE ( 'NONE',  #3000 ) ;
#165 =( NAMED_UNIT ( * ) PLANE_ANGLE_UNIT ( ) SI_UNIT ( $, .RADIAN. ) );
#166 = ORIENTED_EDGE ( 'NONE', *, *, #1632, .F. ) ;
#167 = DIRECTION ( 'NONE',  ( -0.0000000000000000000, -0.0000000000000000000, -1.000000000000000000 ) ) ;
#168 = AXIS2_PLACEMENT_3D ( 'NONE', #2144, #221, #711 ) ;
#169 = MANIFOLD_SOLID_BREP ( 'Бобышка-Вытянуть1', #2718 ) ;
#170 = EDGE_LOOP ( 'NONE', ( #2736 ) ) ;
#171 = PLANE ( 'NONE',  #1550 ) ;
#172 = DIRECTION ( 'NONE',  ( 0.0000000000000000000, -1.000000000000000000, 0.0000000000000000000 ) ) ;
#173 = DIRECTION ( 'NONE',  ( -1.000000000000000000, 0.0000000000000000000, 0.0000000000000000000 ) ) ;
#174 = EDGE_CURVE ( 'NONE', #876, #1102, #3104, .T. ) ;
#175 = ORIENTED_EDGE ( 'NONE', *, *, #1248, .F. ) ;
#176 = DIRECTION ( 'NONE',  ( 0.0000000000000000000, 0.0000000000000000000, 1.000000000000000000 ) ) ;
#177 = EDGE_CURVE ( 'NONE', #494, #226, #2560, .T. ) ;
#178 = VERTEX_POINT ( 'NONE', #2290 ) ;
#179 = EDGE_CURVE ( 'NONE', #1494, #975, #1746, .T. ) ;
#180 = CARTESIAN_POINT ( 'NONE',  ( -1.849999999999999423, 2.250000000000000000, 1.750000000000000000 ) ) ;
#181 = CARTESIAN_POINT ( 'NONE',  ( -1.849999999999999645, 2.250000000000001776, -0.1000000000000000611 ) ) ;
#182 = VECTOR ( 'NONE', #3045, 1000.000000000000000 ) ;
#183 = SURFACE_STYLE_FILL_AREA ( #3088 ) ;
#184 = VERTEX_POINT ( 'NONE', #357 ) ;
#185 = FACE_OUTER_BOUND ( 'NONE', #2204, .T. ) ;
#186 = CARTESIAN_POINT ( 'NONE',  ( -2.249999999999999112, 0.8999999999999994671, -0.8000000000000000444 ) ) ;
#187 = CARTESIAN_POINT ( 'NONE',  ( 2.249999999999999112, 0.8999999999999989120, -0.6000000000000000888 ) ) ;
#188 = FILL_AREA_STYLE_COLOUR ( '', #1852 ) ;
#189 = VECTOR ( 'NONE', #2249, 1000.000000000000000 ) ;
#190 = VECTOR ( 'NONE', #2201, 1000.000000000000000 ) ;
#191 = DIRECTION ( 'NONE',  ( 1.000000000000000000, 0.0000000000000000000, 0.0000000000000000000 ) ) ;
#192 = AXIS2_PLACEMENT_3D ( 'NONE', #1409, #1938, #1461 ) ;
#193 = FACE_BOUND ( 'NONE', #2601, .T. ) ;
#194 = CARTESIAN_POINT ( 'NONE',  ( 2.940209281316624220E-17, -0.3999999999999997446, 0.0000000000000000000 ) ) ;
#195 = LINE ( 'NONE', #708, #2632 ) ;
#196 = VERTEX_POINT ( 'NONE', #1310 ) ;
#197 = PLANE ( 'NONE',  #192 ) ;
#198 = CARTESIAN_POINT ( 'NONE',  ( -1.850000000000000311, 1.849999999999998979, -0.1250000000000000000 ) ) ;
#199 = VERTEX_POINT ( 'NONE', #816 ) ;
#200 = EDGE_CURVE ( 'NONE', #879, #136, #1, .T. ) ;
#201 = PLANE ( 'NONE',  #1185 ) ;
#202 = APPLICATION_CONTEXT ( 'automotive_design' ) ;
#203 = ORIENTED_EDGE ( 'NONE', *, *, #539, .F. ) ;
#204 = EDGE_CURVE ( 'NONE', #226, #1083, #870, .T. ) ;
#205 = DIRECTION ( 'NONE',  ( -2.409338161078899674E-16, -1.000000000000000000, 0.0000000000000000000 ) ) ;
#206 = DIRECTION ( 'NONE',  ( -1.161645184805897256E-16, 1.439380837741575982E-32, 1.000000000000000000 ) ) ;
#207 = EDGE_LOOP ( 'NONE', ( #1268 ) ) ;
#208 = PLANE ( 'NONE',  #1823 ) ;
#209 = ORIENTED_EDGE ( 'NONE', *, *, #2918, .F. ) ;
#210 = AXIS2_PLACEMENT_3D ( 'NONE', #2768, #807, #2513 ) ;
#211 = DIRECTION ( 'NONE',  ( -0.0000000000000000000, -0.0000000000000000000, -1.000000000000000000 ) ) ;
#212 = VERTEX_POINT ( 'NONE', #325 ) ;
#213 = PRESENTATION_LAYER_ASSIGNMENT (  '', '', ( #44 ) ) ;
#214 = ORIENTED_EDGE ( 'NONE', *, *, #859, .T. ) ;
#215 = ORIENTED_EDGE ( 'NONE', *, *, #2372, .T. ) ;
#216 = CARTESIAN_POINT ( 'NONE',  ( -1.949999999999999956, -1.000000000000000000, 1.750000000000000000 ) ) ;
#217 = DIRECTION ( 'NONE',  ( 1.239088197126290324E-16, 1.000000000000000000, -0.0000000000000000000 ) ) ;
#218 = EDGE_CURVE ( 'NONE', #1735, #1735, #2595, .T. ) ;
#219 = ORIENTED_EDGE ( 'NONE', *, *, #2372, .F. ) ;
#220 = DIRECTION ( 'NONE',  ( -0.0000000000000000000, -0.0000000000000000000, -1.000000000000000000 ) ) ;
#221 = DIRECTION ( 'NONE',  ( -0.0000000000000000000, -0.0000000000000000000, -1.000000000000000000 ) ) ;
#222 = ADVANCED_FACE ( 'NONE', ( #2086, #1782 ), #3027, .T. ) ;
#223 = EDGE_CURVE ( 'NONE', #1579, #1579, #1137, .T. ) ;
#224 = PRODUCT_CONTEXT ( 'NONE', #684, 'mechanical' ) ;
#225 = FACE_OUTER_BOUND ( 'NONE', #1033, .T. ) ;
#226 = VERTEX_POINT ( 'NONE', #2509 ) ;
#227 = DIRECTION ( 'NONE',  ( 5.808225924029486278E-17, -7.196904188707879909E-33, -1.000000000000000000 ) ) ;
#228 = VECTOR ( 'NONE', #1638, 1000.000000000000000 ) ;
#229 = VECTOR ( 'NONE', #2132, 1000.000000000000000 ) ;
#230 = LINE ( 'NONE', #654, #1435 ) ;
#231 = LINE ( 'NONE', #1656, #1854 ) ;
#232 = DIRECTION ( 'NONE',  ( -1.239088197126290324E-16, -1.000000000000000000, -0.0000000000000000000 ) ) ;
#233 = FACE_BOUND ( 'NONE', #1117, .T. ) ;
#234 =( NAMED_UNIT ( * ) PLANE_ANGLE_UNIT ( ) SI_UNIT ( $, .RADIAN. ) );
#235 = PRODUCT_RELATED_PRODUCT_CATEGORY ( 'part', '', ( #3081 ) ) ;
#236 = DIRECTION ( 'NONE',  ( 0.0000000000000000000, -0.0000000000000000000, 1.000000000000000000 ) ) ;
#237 = APPLICATION_CONTEXT ( 'automotive_design' ) ;
#238 = AXIS2_PLACEMENT_3D ( 'NONE', #764, #1276, #2748 ) ;
#239 = VECTOR ( 'NONE', #2244, 1000.000000000000000 ) ;
#240 = CARTESIAN_POINT ( 'NONE',  ( 0.3500000000000004774, -2.250000000000000000, -0.1250000000000000000 ) ) ;
#241 = DIRECTION ( 'NONE',  ( 1.000000000000000000, 2.502005013428087573E-16, -0.0000000000000000000 ) ) ;
#242 = VERTEX_POINT ( 'NONE', #2029 ) ;
#243 = ADVANCED_FACE ( 'NONE', ( #513 ), #1356, .F. ) ;
#244 = DIRECTION ( 'NONE',  ( 0.0000000000000000000, 0.0000000000000000000, 1.000000000000000000 ) ) ;
#245 = CARTESIAN_POINT ( 'NONE',  ( 1.150000000000000355, 2.250000000000001332, -0.09999999999999947820 ) ) ;
#246 = EDGE_LOOP ( 'NONE', ( #369, #1786, #820, #1488 ) ) ;
#247 = EDGE_CURVE ( 'NONE', #2689, #558, #2747, .T. ) ;
#248 = DIRECTION ( 'NONE',  ( 0.0000000000000000000, -0.0000000000000000000, 1.000000000000000000 ) ) ;
#249 = EDGE_LOOP ( 'NONE', ( #1865 ) ) ;
#250 = DIRECTION ( 'NONE',  ( -1.000000000000000000, 0.0000000000000000000, 0.0000000000000000000 ) ) ;
#251 = ORIENTED_EDGE ( 'NONE', *, *, #1214, .F. ) ;
#252 = EDGE_CURVE ( 'NONE', #136, #2495, #1099, .T. ) ;
#253 = DIRECTION ( 'NONE',  ( -0.0000000000000000000, -0.0000000000000000000, -1.000000000000000000 ) ) ;
#254 = ORIENTED_EDGE ( 'NONE', *, *, #2876, .T. ) ;
#255 = DIRECTION ( 'NONE',  ( -0.0000000000000000000, -0.0000000000000000000, -1.000000000000000000 ) ) ;
#256 = ORIENTED_EDGE ( 'NONE', *, *, #1820, .T. ) ;
#257 = AXIS2_PLACEMENT_3D ( 'NONE', #1688, #2654, #1453 ) ;
#258 = CARTESIAN_POINT ( 'NONE',  ( 1.556438241627338126, 1.000000000000000000, 1.750000000000000000 ) ) ;
#259 = CARTESIAN_POINT ( 'NONE',  ( 0.3500000000000006439, 3.250000000000000000, 0.2500000000000000000 ) ) ;
#260 = ADVANCED_FACE ( 'NONE', ( #1023 ), #623, .F. ) ;
#261 = ORIENTED_EDGE ( 'NONE', *, *, #1146, .T. ) ;
#262 = DIRECTION ( 'NONE',  ( 0.0000000000000000000, 0.0000000000000000000, 1.000000000000000000 ) ) ;
#263 = AXIS2_PLACEMENT_3D ( 'NONE', #2751, #1281, #3009 ) ;
#264 = SHAPE_DEFINITION_REPRESENTATION ( #1462, #2197 ) ;
#265 = EDGE_LOOP ( 'NONE', ( #995 ) ) ;
#266 = DIRECTION ( 'NONE',  ( -0.0000000000000000000, -0.0000000000000000000, -1.000000000000000000 ) ) ;
#267 = VECTOR ( 'NONE', #2970, 1000.000000000000000 ) ;
#268 = EDGE_CURVE ( 'NONE', #1296, #199, #2674, .T. ) ;
#269 = LINE ( 'NONE', #1767, #2273 ) ;
#270 = VECTOR ( 'NONE', #887, 1000.000000000000000 ) ;
#271 = VERTEX_POINT ( 'NONE', #2476 ) ;
#272 = LINE ( 'NONE', #426, #2623 ) ;
#273 = DIRECTION ( 'NONE',  ( -1.000000000000000000, -1.172110456741086321E-16, 0.0000000000000000000 ) ) ;
#274 = CARTESIAN_POINT ( 'NONE',  ( -1.849999999999999423, -2.250000000000000000, -0.8000000000000000444 ) ) ;
#275 = EDGE_CURVE ( 'NONE', #3003, #956, #3062, .T. ) ;
#276 = VECTOR ( 'NONE', #2424, 1000.000000000000000 ) ;
#277 = CIRCLE ( 'NONE', #1886, 0.8141393425958247665 ) ;
#278 = FACE_OUTER_BOUND ( 'NONE', #88, .T. ) ;
#279 = CARTESIAN_POINT ( 'NONE',  ( 1.150000000000000355, 2.250000000000001332, 0.1499999999999999944 ) ) ;
#280 = VECTOR ( 'NONE', #738, 1000.000000000000000 ) ;
#281 = ADVANCED_FACE ( 'NONE', ( #1362 ), #1443, .T. ) ;
#282 = MANIFOLD_SOLID_BREP ( 'Повернуть-Тонкостенный1', #1333 ) ;
#283 = AXIS2_PLACEMENT_3D ( 'NONE', #1403, #701, #466 ) ;
#284 = ORIENTED_EDGE ( 'NONE', *, *, #2044, .F. ) ;
#285 = DIRECTION ( 'NONE',  ( 0.0000000000000000000, 0.0000000000000000000, 1.000000000000000000 ) ) ;
#286 = AXIS2_PLACEMENT_3D ( 'NONE', #3032, #1272, #2991 ) ;
#287 = ORIENTED_EDGE ( 'NONE', *, *, #1553, .T. ) ;
#288 = DIRECTION ( 'NONE',  ( -1.000000000000000000, 0.0000000000000000000, 0.0000000000000000000 ) ) ;
#289 = ORIENTED_EDGE ( 'NONE', *, *, #1049, .F. ) ;
#290 = EDGE_CURVE ( 'NONE', #3162, #1007, #1704, .T. ) ;
#291 = VERTEX_POINT ( 'NONE', #1799 ) ;
#292 = DIRECTION ( 'NONE',  ( 1.000000000000000000, 0.0000000000000000000, -0.0000000000000000000 ) ) ;
#293 = ADVANCED_FACE ( 'NONE', ( #2360, #1667 ), #1022, .T. ) ;
#294 = ORIENTED_EDGE ( 'NONE', *, *, #1781, .T. ) ;
#295 = APPLICATION_PROTOCOL_DEFINITION ( 'draft international standard', 'automotive_design', 1998, #124 ) ;
#296 = CARTESIAN_POINT ( 'NONE',  ( -0.3499999999999994227, -2.250000000000000000, 0.1250000000000000000 ) ) ;
#297 = ORIENTED_EDGE ( 'NONE', *, *, #1290, .T. ) ;
#298 = CARTESIAN_POINT ( 'NONE',  ( 0.0000000000000000000, 0.0000000000000000000, 1.750000000000000000 ) ) ;
#299 = ORIENTED_EDGE ( 'NONE', *, *, #2146, .T. ) ;
#300 = PRESENTATION_LAYER_ASSIGNMENT (  '', '', ( #2535 ) ) ;
#301 = VERTEX_POINT ( 'NONE', #2594 ) ;
#302 = ORIENTED_EDGE ( 'NONE', *, *, #743, .T. ) ;
#303 = CARTESIAN_POINT ( 'NONE',  ( 1.949999999999999734, 1.000000000000000222, 0.0000000000000000000 ) ) ;
#304 = AXIS2_PLACEMENT_3D ( 'NONE', #2002, #2540, #2293 ) ;
#305 = DIRECTION ( 'NONE',  ( -1.000000000000000000, 0.0000000000000000000, 0.0000000000000000000 ) ) ;
#306 = FACE_OUTER_BOUND ( 'NONE', #1294, .T. ) ;
#307 = VERTEX_POINT ( 'NONE', #1749 ) ;
#308 = VERTEX_POINT ( 'NONE', #2564 ) ;
#309 = ADVANCED_FACE ( 'NONE', ( #698 ), #2090, .F. ) ;
#310 = CARTESIAN_POINT ( 'NONE',  ( 0.0000000000000000000, 0.0000000000000000000, 0.0000000000000000000 ) ) ;
#311 = LINE ( 'NONE', #2644, #2857 ) ;
#312 = FACE_BOUND ( 'NONE', #2809, .T. ) ;
#313 = VECTOR ( 'NONE', #90, 1000.000000000000000 ) ;
#314 = EDGE_CURVE ( 'NONE', #2109, #1572, #391, .T. ) ;
#315 = PLANE ( 'NONE',  #2602 ) ;
#316 = CIRCLE ( 'NONE', #1382, 1.850000000000000089 ) ;
#317 = CARTESIAN_POINT ( 'NONE',  ( -2.249999999999998668, -1.850000000000000533, -0.1250000000000000000 ) ) ;
#318 = CARTESIAN_POINT ( 'NONE',  ( -1.000000000000000222, 1.949999999999999956, 0.0000000000000000000 ) ) ;
#319 = CARTESIAN_POINT ( 'NONE',  ( -0.8999999999999994671, -0.8999999999999998002, -0.8000000000000000444 ) ) ;
#320 = LINE ( 'NONE', #997, #2634 ) ;
#321 = ORIENTED_EDGE ( 'NONE', *, *, #1569, .T. ) ;
#322 = CARTESIAN_POINT ( 'NONE',  ( -2.249999999999998668, -1.850000000000000533, 0.1250000000000000000 ) ) ;
#323 = CARTESIAN_POINT ( 'NONE',  ( -1.799999999999999600, -1.323094176592479728E-16, 0.0000000000000000000 ) ) ;
#324 = ORIENTED_EDGE ( 'NONE', *, *, #80, .T. ) ;
#325 = CARTESIAN_POINT ( 'NONE',  ( -1.149999999999999467, 1.449137674618944382, 0.0000000000000000000 ) ) ;
#326 = ORIENTED_EDGE ( 'NONE', *, *, #2925, .F. ) ;
#327 = CARTESIAN_POINT ( 'NONE',  ( 1.849999999999999423, 2.249999999999999556, 0.1250000000000000000 ) ) ;
#328 = EDGE_CURVE ( 'NONE', #2680, #184, #3061, .T. ) ;
#329 = VERTEX_POINT ( 'NONE', #2820 ) ;
#330 = CARTESIAN_POINT ( 'NONE',  ( -1.949999999999999956, -1.000000000000000000, 0.0000000000000000000 ) ) ;
#331 = ORIENTED_EDGE ( 'NONE', *, *, #2006, .F. ) ;
#332 = EDGE_CURVE ( 'NONE', #1563, #1460, #553, .T. ) ;
#333 = DIRECTION ( 'NONE',  ( 0.0000000000000000000, 1.000000000000000000, 0.0000000000000000000 ) ) ;
#334 = DIRECTION ( 'NONE',  ( -0.0000000000000000000, -0.0000000000000000000, -1.000000000000000000 ) ) ;
#335 = ORIENTED_EDGE ( 'NONE', *, *, #1049, .T. ) ;
#336 = DIRECTION ( 'NONE',  ( 4.015563601798161357E-16, 1.000000000000000000, 0.0000000000000000000 ) ) ;
#337 = ORIENTED_EDGE ( 'NONE', *, *, #1513, .F. ) ;
#338 = ADVANCED_FACE ( 'NONE', ( #431, #2792 ), #3143, .T. ) ;
#339 = CARTESIAN_POINT ( 'NONE',  ( -2.168404344971008868E-16, 2.449999999999999734, 0.0000000000000000000 ) ) ;
#340 = ORIENTED_EDGE ( 'NONE', *, *, #2673, .F. ) ;
#341 = AXIS2_PLACEMENT_3D ( 'NONE', #1625, #1879, #445 ) ;
#342 = FACE_OUTER_BOUND ( 'NONE', #1868, .T. ) ;
#343 = DIRECTION ( 'NONE',  ( -0.0000000000000000000, -0.0000000000000000000, -1.000000000000000000 ) ) ;
#344 = ORIENTED_EDGE ( 'NONE', *, *, #290, .T. ) ;
#345 = DIRECTION ( 'NONE',  ( -1.161645184805897256E-16, 1.439380837741575982E-32, 1.000000000000000000 ) ) ;
#346 = CIRCLE ( 'NONE', #1981, 0.4250000000000000444 ) ;
#347 = VECTOR ( 'NONE', #135, 1000.000000000000000 ) ;
#348 = CARTESIAN_POINT ( 'NONE',  ( 2.249999999999999112, 0.8999999999999989120, -0.8000000000000000444 ) ) ;
#349 = DIRECTION ( 'NONE',  ( -1.000000000000000000, 2.409338161078899674E-16, 0.0000000000000000000 ) ) ;
#350 = VECTOR ( 'NONE', #1719, 1000.000000000000000 ) ;
#351 = FACE_OUTER_BOUND ( 'NONE', #2598, .T. ) ;
#352 = FACE_OUTER_BOUND ( 'NONE', #2057, .T. ) ;
#353 = EDGE_CURVE ( 'NONE', #2782, #2782, #2047, .T. ) ;
#354 = AXIS2_PLACEMENT_3D ( 'NONE', #2778, #2264, #792 ) ;
#355 = LINE ( 'NONE', #2411, #117 ) ;
#356 = DIRECTION ( 'NONE',  ( -1.642730564371975773E-16, 1.000000000000000000, -0.0000000000000000000 ) ) ;
#357 = CARTESIAN_POINT ( 'NONE',  ( -1.849999999999999423, -2.250000000000000444, 0.1250000000000000000 ) ) ;
#358 = FACE_OUTER_BOUND ( 'NONE', #2250, .T. ) ;
#359 = ORIENTED_EDGE ( 'NONE', *, *, #2193, .F. ) ;
#360 = DIRECTION ( 'NONE',  ( 5.509692694577703339E-16, -1.000000000000000000, 0.0000000000000000000 ) ) ;
#361 = AXIS2_PLACEMENT_3D ( 'NONE', #2, #2695, #2930 ) ;
#362 = ORIENTED_EDGE ( 'NONE', *, *, #953, .T. ) ;
#363 = DIRECTION ( 'NONE',  ( 0.0000000000000000000, 1.000000000000000000, 0.0000000000000000000 ) ) ;
#364 = VERTEX_POINT ( 'NONE', #1165 ) ;
#365 = AXIS2_PLACEMENT_3D ( 'NONE', #1027, #815, #2997 ) ;
#366 = ORIENTED_EDGE ( 'NONE', *, *, #275, .F. ) ;
#367 = CARTESIAN_POINT ( 'NONE',  ( 1.150000000000000355, 2.250000000000001332, -0.09999999999999947820 ) ) ;
#368 = ADVANCED_FACE ( 'NONE', ( #1744 ), #208, .T. ) ;
#369 = ORIENTED_EDGE ( 'NONE', *, *, #2847, .T. ) ;
#370 = EDGE_CURVE ( 'NONE', #1542, #1542, #2127, .T. ) ;
#371 = ORIENTED_EDGE ( 'NONE', *, *, #2670, .F. ) ;
#372 = ORIENTED_EDGE ( 'NONE', *, *, #2773, .T. ) ;
#373 = FILL_AREA_STYLE_COLOUR ( '', #33 ) ;
#374 = CARTESIAN_POINT ( 'NONE',  ( -2.249999999999998668, -1.850000000000000533, -0.1250000000000000000 ) ) ;
#375 = AXIS2_PLACEMENT_3D ( 'NONE', #1285, #2221, #577 ) ;
#376 = VERTEX_POINT ( 'NONE', #3141 ) ;
#377 = CARTESIAN_POINT ( 'NONE',  ( -1.849999999999999645, 2.250000000000001776, -0.1000000000000000611 ) ) ;
#378 = PRODUCT_DEFINITION_FORMATION_WITH_SPECIFIED_SOURCE ( 'ANY', '', #2138, .NOT_KNOWN. ) ;
#379 = VECTOR ( 'NONE', #244, 1000.000000000000000 ) ;
#380 = SHAPE_REPRESENTATION_RELATIONSHIP ( 'NONE' , 'NONE' ,  #2197, #2456 ) ;
#381 = ORIENTED_EDGE ( 'NONE', *, *, #1739, .T. ) ;
#382 =( GEOMETRIC_REPRESENTATION_CONTEXT ( 3 ) GLOBAL_UNCERTAINTY_ASSIGNED_CONTEXT ( ( #1348 ) ) GLOBAL_UNIT_ASSIGNED_CONTEXT ( ( #3054, #1559, #2733 ) ) REPRESENTATION_CONTEXT ( 'NONE', 'WORKASPACE' ) );
#383 = DIRECTION ( 'NONE',  ( -7.350523203291556237E-17, 1.000000000000000000, -0.0000000000000000000 ) ) ;
#384 = LINE ( 'NONE', #3131, #464 ) ;
#385 = CIRCLE ( 'NONE', #210, 1.850000000000000089 ) ;
#386 = CIRCLE ( 'NONE', #1077, 1.013724490077167362 ) ;
#387 = DIRECTION ( 'NONE',  ( -0.0000000000000000000, -0.0000000000000000000, -1.000000000000000000 ) ) ;
#388 = VECTOR ( 'NONE', #2051, 1000.000000000000000 ) ;
#389 = VECTOR ( 'NONE', #3123, 1000.000000000000000 ) ;
#390 = CARTESIAN_POINT ( 'NONE',  ( -0.3500000000000008660, 3.250000000000000000, 0.2500000000000000000 ) ) ;
#391 = CIRCLE ( 'NONE', #2280, 0.3999999999999999667 ) ;
#392 = EDGE_CURVE ( 'NONE', #1158, #1793, #2905, .T. ) ;
#393 = DIRECTION ( 'NONE',  ( 0.0000000000000000000, 0.0000000000000000000, 1.000000000000000000 ) ) ;
#394 = DIRECTION ( 'NONE',  ( -0.0000000000000000000, -0.0000000000000000000, -1.000000000000000000 ) ) ;
#395 = VECTOR ( 'NONE', #1020, 1000.000000000000000 ) ;
#396 = CARTESIAN_POINT ( 'NONE',  ( 1.000000000000000444, -1.949999999999999734, 1.750000000000000000 ) ) ;
#397 = ORIENTED_EDGE ( 'NONE', *, *, #2713, .T. ) ;
#398 =( NAMED_UNIT ( * ) SI_UNIT ( $, .STERADIAN. ) SOLID_ANGLE_UNIT ( ) );
#399 = PRODUCT_RELATED_PRODUCT_CATEGORY ( 'part', '', ( #471 ) ) ;
#400 = ORIENTED_EDGE ( 'NONE', *, *, #2690, .T. ) ;
#401 = DIRECTION ( 'NONE',  ( -1.000000000000000000, 0.0000000000000000000, 0.0000000000000000000 ) ) ;
#402 = DIRECTION ( 'NONE',  ( -7.350523203291556237E-17, 1.000000000000000000, -0.0000000000000000000 ) ) ;
#403 = AXIS2_PLACEMENT_3D ( 'NONE', #1152, #1662, #670 ) ;
#404 = ORIENTED_EDGE ( 'NONE', *, *, #1457, .T. ) ;
#405 = CARTESIAN_POINT ( 'NONE',  ( 1.850000000000000311, -1.849999999999999423, 0.1250000000000000000 ) ) ;
#406 = ORIENTED_EDGE ( 'NONE', *, *, #1610, .F. ) ;
#407 = PRODUCT_DEFINITION_SHAPE ( 'NONE', 'NONE',  #2115 ) ;
#408 = CARTESIAN_POINT ( 'NONE',  ( -0.9000000000000000222, 0.8999999999999993561, -0.6000000000000000888 ) ) ;
#409 = ORIENTED_EDGE ( 'NONE', *, *, #174, .T. ) ;
#410 =( NAMED_UNIT ( * ) PLANE_ANGLE_UNIT ( ) SI_UNIT ( $, .RADIAN. ) );
#411 = EDGE_CURVE ( 'NONE', #196, #808, #2860, .T. ) ;
#412 = CARTESIAN_POINT ( 'NONE',  ( -1.849999999999999423, 1.849999999999999423, 0.0000000000000000000 ) ) ;
#413 = DIRECTION ( 'NONE',  ( -0.0000000000000000000, -0.0000000000000000000, -1.000000000000000000 ) ) ;
#414 = VERTEX_POINT ( 'NONE', #2869 ) ;
#415 = CONTEXT_DEPENDENT_SHAPE_REPRESENTATION ( #1017, #1255 ) ;
#416 = ORIENTED_EDGE ( 'NONE', *, *, #1067, .T. ) ;
#417 = CARTESIAN_POINT ( 'NONE',  ( 1.849999999999999867, -2.250000000000000888, 0.1499999999999999112 ) ) ;
#418 = CIRCLE ( 'NONE', #3036, 0.4000000000000151212 ) ;
#419 = EDGE_LOOP ( 'NONE', ( #596, #563, #2828, #2755, #2795, #2642, #3016, #1108 ) ) ;
#420 = DIRECTION ( 'NONE',  ( 8.031127203596336765E-17, 1.000000000000000000, -0.0000000000000000000 ) ) ;
#421 = DIRECTION ( 'NONE',  ( -0.0000000000000000000, -0.0000000000000000000, -1.000000000000000000 ) ) ;
#422 = AXIS2_PLACEMENT_3D ( 'NONE', #3164, #2431, #1198 ) ;
#423 = FACE_OUTER_BOUND ( 'NONE', #1717, .T. ) ;
#424 = LINE ( 'NONE', #1466, #270 ) ;
#425 = FACE_OUTER_BOUND ( 'NONE', #672, .T. ) ;
#426 = CARTESIAN_POINT ( 'NONE',  ( -1.849999999999999645, 2.250000000000001776, -0.1000000000000000611 ) ) ;
#427 = DIRECTION ( 'NONE',  ( -1.239088197126290324E-16, -1.000000000000000000, 0.0000000000000000000 ) ) ;
#428 = FACE_OUTER_BOUND ( 'NONE', #958, .T. ) ;
#429 = FACE_OUTER_BOUND ( 'NONE', #3090, .T. ) ;
#430 = LINE ( 'NONE', #609, #1085 ) ;
#431 = FACE_OUTER_BOUND ( 'NONE', #519, .T. ) ;
#432 = PLANE ( 'NONE',  #1604 ) ;
#433 = EDGE_CURVE ( 'NONE', #640, #414, #1974, .T. ) ;
#434 = DIRECTION ( 'NONE',  ( -1.000000000000000000, 6.195440985631453345E-16, -1.161645184805897502E-16 ) ) ;
#435 = EDGE_CURVE ( 'NONE', #475, #301, #2282, .T. ) ;
#436 = DIRECTION ( 'NONE',  ( 1.000000000000000000, 0.0000000000000000000, 0.0000000000000000000 ) ) ;
#437 = ORIENTED_EDGE ( 'NONE', *, *, #1920, .T. ) ;
#438 = CARTESIAN_POINT ( 'NONE',  ( 1.850000000000000311, 1.000000000000000222, 1.750000000000000000 ) ) ;
#439 = ORIENTED_EDGE ( 'NONE', *, *, #1699, .F. ) ;
#440 = DIRECTION ( 'NONE',  ( -1.000000000000000000, 0.0000000000000000000, 0.0000000000000000000 ) ) ;
#441 = EDGE_LOOP ( 'NONE', ( #607 ) ) ;
#442 = CARTESIAN_POINT ( 'NONE',  ( 0.3500000000000006439, -3.250000000000000000, 0.2500000000000000000 ) ) ;
#443 = PRODUCT_DEFINITION_FORMATION_WITH_SPECIFIED_SOURCE ( 'ANY', '', #471, .NOT_KNOWN. ) ;
#444 = EDGE_LOOP ( 'NONE', ( #1148 ) ) ;
#445 = DIRECTION ( 'NONE',  ( 1.000000000000000000, 0.0000000000000000000, 0.0000000000000000000 ) ) ;
#446 = CARTESIAN_POINT ( 'NONE',  ( 1.000000000000000444, -1.949999999999999734, 0.0000000000000000000 ) ) ;
#447 = STYLED_ITEM ( 'NONE', ( #2238 ), #2191 ) ;
#448 = ORIENTED_EDGE ( 'NONE', *, *, #2506, .F. ) ;
#449 = CARTESIAN_POINT ( 'NONE',  ( 1.949999999999999734, 1.000000000000000222, 1.750000000000000000 ) ) ;
#450 = CARTESIAN_POINT ( 'NONE',  ( 1.649999999999999467, 1.650000000000000355, 2.250000000000000444 ) ) ;
#451 = EDGE_CURVE ( 'NONE', #2091, #1151, #195, .T. ) ;
#452 = ORIENTED_EDGE ( 'NONE', *, *, #794, .T. ) ;
#453 = DIRECTION ( 'NONE',  ( -0.0000000000000000000, -0.0000000000000000000, -1.000000000000000000 ) ) ;
#454 = APPLICATION_CONTEXT ( 'automotive_design' ) ;
#455 = ORIENTED_EDGE ( 'NONE', *, *, #353, .T. ) ;
#456 = CARTESIAN_POINT ( 'NONE',  ( 1.849999999999999423, -2.250000000000000444, 1.750000000000000000 ) ) ;
#457 = ORIENTED_EDGE ( 'NONE', *, *, #1005, .F. ) ;
#458 = LINE ( 'NONE', #2202, #1882 ) ;
#459 = PRODUCT_DEFINITION_CONTEXT ( 'detailed design', #124, 'design' ) ;
#460 = VECTOR ( 'NONE', #1452, 1000.000000000000000 ) ;
#461 = SHAPE_REPRESENTATION_RELATIONSHIP ( 'NONE' , 'NONE' ,  #2265, #89 ) ;
#462 = EDGE_LOOP ( 'NONE', ( #381, #1139, #2024, #893 ) ) ;
#463 = DIRECTION ( 'NONE',  ( 1.000000000000000000, 0.0000000000000000000, 0.0000000000000000000 ) ) ;
#464 = VECTOR ( 'NONE', #211, 1000.000000000000000 ) ;
#465 = VECTOR ( 'NONE', #394, 1000.000000000000000 ) ;
#466 = DIRECTION ( 'NONE',  ( -0.9611632199615093297, 1.080960995131831262E-30, -0.2759805511140654422 ) ) ;
#467 = VECTOR ( 'NONE', #514, 1000.000000000000000 ) ;
#468 = FACE_OUTER_BOUND ( 'NONE', #742, .T. ) ;
#469 = CARTESIAN_POINT ( 'NONE',  ( -1.849999999999999423, -2.250000000000000444, 0.1250000000000000000 ) ) ;
#470 = DIRECTION ( 'NONE',  ( 1.000000000000000000, 7.350523203291556237E-17, 0.0000000000000000000 ) ) ;
#471 = PRODUCT ( 'button_case', 'button_case', '', ( #1312 ) ) ;
#472 = ADVANCED_FACE ( 'NONE', ( #2480 ), #2381, .F. ) ;
#473 = CIRCLE ( 'NONE', #518, 1.850000000000000089 ) ;
#474 = DIRECTION ( 'NONE',  ( 0.0000000000000000000, 0.0000000000000000000, 1.000000000000000000 ) ) ;
#475 = VERTEX_POINT ( 'NONE', #161 ) ;
#476 = EDGE_CURVE ( 'NONE', #2951, #1769, #2984, .T. ) ;
#477 = CARTESIAN_POINT ( 'NONE',  ( -1.949999999999999956, -1.000000000000000000, 1.750000000000000000 ) ) ;
#478 = ORIENTED_EDGE ( 'NONE', *, *, #451, .F. ) ;
#479 = VERTEX_POINT ( 'NONE', #417 ) ;
#480 = DIRECTION ( 'NONE',  ( -0.0000000000000000000, -0.0000000000000000000, -1.000000000000000000 ) ) ;
#481 = VERTEX_POINT ( 'NONE', #1864 ) ;
#482 = AXIS2_PLACEMENT_3D ( 'NONE', #1526, #588, #3013 ) ;
#483 = CARTESIAN_POINT ( 'NONE',  ( 1.949999999999999734, 1.000000000000000222, 1.750000000000000000 ) ) ;
#484 = ADVANCED_FACE ( 'NONE', ( #1323 ), #2400, .F. ) ;
#485 = ORIENTED_EDGE ( 'NONE', *, *, #2359, .T. ) ;
#486 = DIRECTION ( 'NONE',  ( -0.0000000000000000000, -0.0000000000000000000, -1.000000000000000000 ) ) ;
#487 = AXIS2_PLACEMENT_3D ( 'NONE', #17, #2926, #1972 ) ;
#488 = VERTEX_POINT ( 'NONE', #2354 ) ;
#489 = EDGE_LOOP ( 'NONE', ( #1484 ) ) ;
#490 = CARTESIAN_POINT ( 'NONE',  ( -1.949999999999999956, 1.000000000000000000, 0.0000000000000000000 ) ) ;
#491 = PLANE ( 'NONE',  #2324 ) ;
#492 = EDGE_CURVE ( 'NONE', #687, #687, #1095, .T. ) ;
#493 = LINE ( 'NONE', #2174, #2515 ) ;
#494 = VERTEX_POINT ( 'NONE', #1432 ) ;
#495 = DIRECTION ( 'NONE',  ( -0.0000000000000000000, -0.0000000000000000000, -1.000000000000000000 ) ) ;
#496 = DIRECTION ( 'NONE',  ( 1.000000000000000000, -1.239088197126290324E-16, 0.0000000000000000000 ) ) ;
#497 = EDGE_CURVE ( 'NONE', #2118, #2118, #36, .T. ) ;
#498 = FACE_OUTER_BOUND ( 'NONE', #1182, .T. ) ;
#499 = ORIENTED_EDGE ( 'NONE', *, *, #965, .F. ) ;
#500 = DIRECTION ( 'NONE',  ( 1.000000000000000000, 0.0000000000000000000, -1.161645184805897256E-16 ) ) ;
#501 = LINE ( 'NONE', #3048, #897 ) ;
#502 = VERTEX_POINT ( 'NONE', #57 ) ;
#503 = CIRCLE ( 'NONE', #2070, 0.3722283730519175271 ) ;
#504 = ADVANCED_FACE ( 'NONE', ( #985 ), #491, .F. ) ;
#505 = CARTESIAN_POINT ( 'NONE',  ( 1.150000000000000355, 1.449137674618943494, 0.1500000000000000500 ) ) ;
#506 = FACE_OUTER_BOUND ( 'NONE', #1643, .T. ) ;
#507 = FACE_BOUND ( 'NONE', #1686, .T. ) ;
#508 = CARTESIAN_POINT ( 'NONE',  ( 1.850000000000000755, 1.000000000000000000, 0.0000000000000000000 ) ) ;
#509 = CARTESIAN_POINT ( 'NONE',  ( -0.3499999999999992562, -3.900000000000000355, -0.1250000000000000000 ) ) ;
#510 = CARTESIAN_POINT ( 'NONE',  ( -1.149999999999999467, 1.449137674618944382, 0.1499999999999999944 ) ) ;
#511 = DIRECTION ( 'NONE',  ( 0.0000000000000000000, 0.0000000000000000000, 1.000000000000000000 ) ) ;
#512 = AXIS2_PLACEMENT_3D ( 'NONE', #296, #1989, #559 ) ;
#513 = FACE_OUTER_BOUND ( 'NONE', #1449, .T. ) ;
#514 = DIRECTION ( 'NONE',  ( 1.000000000000000000, -5.782411586589361583E-16, 0.0000000000000000000 ) ) ;
#515 = ORIENTED_EDGE ( 'NONE', *, *, #1878, .T. ) ;
#516 = DIRECTION ( 'NONE',  ( -0.0000000000000000000, -0.0000000000000000000, -1.000000000000000000 ) ) ;
#517 = EDGE_LOOP ( 'NONE', ( #1748, #1675, #366, #669, #2607 ) ) ;
#518 = AXIS2_PLACEMENT_3D ( 'NONE', #1293, #345, #70 ) ;
#519 = EDGE_LOOP ( 'NONE', ( #2426 ) ) ;
#520 = CARTESIAN_POINT ( 'NONE',  ( -1.149999999999999467, 2.250000000000001332, -0.1000000000000000194 ) ) ;
#521 = DIRECTION ( 'NONE',  ( -1.000000000000000000, 0.0000000000000000000, 0.0000000000000000000 ) ) ;
#522 = ADVANCED_FACE ( 'NONE', ( #769 ), #731, .F. ) ;
#523 = EDGE_LOOP ( 'NONE', ( #2169 ) ) ;
#524 = CARTESIAN_POINT ( 'NONE',  ( -0.8999999999999994671, -2.250000000000000444, -0.8000000000000000444 ) ) ;
#525 = ORIENTED_EDGE ( 'NONE', *, *, #2320, .T. ) ;
#526 = DIRECTION ( 'NONE',  ( -1.000000000000000000, 0.0000000000000000000, 1.161645184805897256E-16 ) ) ;
#527 = ORIENTED_EDGE ( 'NONE', *, *, #2247, .F. ) ;
#528 = AXIS2_PLACEMENT_3D ( 'NONE', #339, #1764, #1780 ) ;
#529 = CARTESIAN_POINT ( 'NONE',  ( 1.277771626948089656, 1.650000000000000355, 2.067431148549531805 ) ) ;
#530 = CARTESIAN_POINT ( 'NONE',  ( 1.150000000000000355, 1.449137674618943494, 1.750000000000000000 ) ) ;
#531 = AXIS2_PLACEMENT_3D ( 'NONE', #2243, #2497, #2741 ) ;
#532 = ORIENTED_EDGE ( 'NONE', *, *, #773, .F. ) ;
#533 = CARTESIAN_POINT ( 'NONE',  ( -1.000000000000000222, 1.949999999999999956, 1.750000000000000000 ) ) ;
#534 = ORIENTED_EDGE ( 'NONE', *, *, #1391, .F. ) ;
#535 = ADVANCED_FACE ( 'NONE', ( #1402 ), #3151, .F. ) ;
#536 = DIRECTION ( 'NONE',  ( -1.000000000000000000, 0.0000000000000000000, 0.0000000000000000000 ) ) ;
#537 = SHAPE_DEFINITION_REPRESENTATION ( #846, #1074 ) ;
#538 = ORIENTED_EDGE ( 'NONE', *, *, #809, .T. ) ;
#539 = EDGE_CURVE ( 'NONE', #1580, #475, #355, .T. ) ;
#540 = VECTOR ( 'NONE', #2447, 1000.000000000000000 ) ;
#541 = FACE_OUTER_BOUND ( 'NONE', #1002, .T. ) ;
#542 = VERTEX_POINT ( 'NONE', #766 ) ;
#543 = CARTESIAN_POINT ( 'NONE',  ( 2.075000000000000622, -1.649999999999999689, 0.1250000000000000000 ) ) ;
#544 = TOROIDAL_SURFACE ( 'NONE', #528, 0.8141393425958247665, 0.09999999999999956146 ) ;
#545 = EDGE_CURVE ( 'NONE', #1081, #2951, #1817, .T. ) ;
#546 = CIRCLE ( 'NONE', #2827, 0.4000000000000004108 ) ;
#547 = FACE_BOUND ( 'NONE', #2777, .T. ) ;
#548 = CYLINDRICAL_SURFACE ( 'NONE', #3147, 1.850000000000000089 ) ;
#549 = DIRECTION ( 'NONE',  ( 1.000000000000000000, -6.195440985631453345E-16, 5.033795800825555596E-16 ) ) ;
#550 = PLANE ( 'NONE',  #375 ) ;
#551 = VECTOR ( 'NONE', #2147, 1000.000000000000000 ) ;
#552 = FACE_OUTER_BOUND ( 'NONE', #1706, .T. ) ;
#553 = LINE ( 'NONE', #2641, #2403 ) ;
#554 = CARTESIAN_POINT ( 'NONE',  ( 7.531577814756222064E-16, -3.900000000000000355, 0.1250000000000000000 ) ) ;
#555 = PRODUCT_DEFINITION_FORMATION_WITH_SPECIFIED_SOURCE ( 'ANY', '', #3081, .NOT_KNOWN. ) ;
#556 = CARTESIAN_POINT ( 'NONE',  ( -1.224999999999999867, 1.649999999999999911, 0.1250000000000000000 ) ) ;
#557 = CARTESIAN_POINT ( 'NONE',  ( 1.950000000000000178, -0.9999999999999997780, 0.0000000000000000000 ) ) ;
#558 = VERTEX_POINT ( 'NONE', #3176 ) ;
#559 = DIRECTION ( 'NONE',  ( -9.856383386231856362E-17, 1.000000000000000000, 0.0000000000000000000 ) ) ;
#560 = ORIENTED_EDGE ( 'NONE', *, *, #2506, .T. ) ;
#561 = EDGE_CURVE ( 'NONE', #956, #823, #493, .T. ) ;
#562 = DIRECTION ( 'NONE',  ( -0.0000000000000000000, -0.0000000000000000000, -1.000000000000000000 ) ) ;
#563 = ORIENTED_EDGE ( 'NONE', *, *, #1610, .T. ) ;
#564 = EDGE_CURVE ( 'NONE', #45, #2505, #1855, .T. ) ;
#565 = CARTESIAN_POINT ( 'NONE',  ( -1.224999999999999645, -1.650000000000000133, 0.1250000000000000000 ) ) ;
#566 = EDGE_LOOP ( 'NONE', ( #1070 ) ) ;
#567 = CARTESIAN_POINT ( 'NONE',  ( 1.949999999999999734, 1.000000000000000222, 1.750000000000000000 ) ) ;
#568 = EDGE_LOOP ( 'NONE', ( #2150, #1030, #331, #2018, #849 ) ) ;
#569 = ORIENTED_EDGE ( 'NONE', *, *, #2337, .T. ) ;
#570 = DIRECTION ( 'NONE',  ( 1.000000000000000000, 0.0000000000000000000, 0.0000000000000000000 ) ) ;
#571 = AXIS2_PLACEMENT_3D ( 'NONE', #2347, #167, #401 ) ;
#572 = EDGE_LOOP ( 'NONE', ( #1298, #716, #1824, #991, #783, #2692, #1433, #1196 ) ) ;
#573 = CARTESIAN_POINT ( 'NONE',  ( -1.822989433433553019, 1.649999999999999911, 2.250000000000000444 ) ) ;
#574 = CARTESIAN_POINT ( 'NONE',  ( -1.849999999999999423, -2.250000000000000000, -0.8000000000000000444 ) ) ;
#575 = ORIENTED_EDGE ( 'NONE', *, *, #2728, .T. ) ;
#576 = EDGE_CURVE ( 'NONE', #1151, #1846, #802, .T. ) ;
#577 = DIRECTION ( 'NONE',  ( 0.0000000000000000000, -0.0000000000000000000, 1.000000000000000000 ) ) ;
#578 = LINE ( 'NONE', #2225, #2112 ) ;
#579 = DIRECTION ( 'NONE',  ( -0.0000000000000000000, -0.0000000000000000000, -1.000000000000000000 ) ) ;
#580 = VECTOR ( 'NONE', #1848, 1000.000000000000000 ) ;
#581 = EDGE_CURVE ( 'NONE', #184, #1694, #1019, .T. ) ;
#582 = VECTOR ( 'NONE', #118, 1000.000000000000000 ) ;
#583 =( REPRESENTATION_RELATIONSHIP ('NONE','NONE', #1074, #99 ) REPRESENTATION_RELATIONSHIP_WITH_TRANSFORMATION ( #1082 )SHAPE_REPRESENTATION_RELATIONSHIP( ) );
#584 = LINE ( 'NONE', #240, #467 ) ;
#585 = VECTOR ( 'NONE', #1802, 1000.000000000000000 ) ;
#586 = ADVANCED_FACE ( 'NONE', ( #2126, #833, #737, #193, #1283, #233 ), #1840, .T. ) ;
#587 = EDGE_CURVE ( 'NONE', #2304, #3029, #1931, .T. ) ;
#588 = DIRECTION ( 'NONE',  ( 0.0000000000000000000, 0.0000000000000000000, 1.000000000000000000 ) ) ;
#589 = AXIS2_PLACEMENT_3D ( 'NONE', #1136, #1343, #463 ) ;
#590 = AXIS2_PLACEMENT_3D ( 'NONE', #865, #241, #1642 ) ;
#591 = EDGE_LOOP ( 'NONE', ( #1231 ) ) ;
#592 = DIRECTION ( 'NONE',  ( -0.0000000000000000000, -0.0000000000000000000, -1.000000000000000000 ) ) ;
#593 = ORIENTED_EDGE ( 'NONE', *, *, #1718, .T. ) ;
#594 = FILL_AREA_STYLE_COLOUR ( '', #1249 ) ;
#595 = AXIS2_PLACEMENT_3D ( 'NONE', #1486, #1941, #2457 ) ;
#596 = ORIENTED_EDGE ( 'NONE', *, *, #51, .T. ) ;
#597 = EDGE_CURVE ( 'NONE', #502, #502, #2630, .T. ) ;
#598 = ORIENTED_EDGE ( 'NONE', *, *, #1595, .F. ) ;
#599 = VERTEX_POINT ( 'NONE', #2577 ) ;
#600 = EDGE_CURVE ( 'NONE', #308, #2022, #151, .T. ) ;
#601 = CARTESIAN_POINT ( 'NONE',  ( -1.150000000000000133, -2.250000000000000444, -0.1000000000000000194 ) ) ;
#602 = FILL_AREA_STYLE ('',( #594 ) ) ;
#603 = AXIS2_PLACEMENT_3D ( 'NONE', #2066, #2552, #113 ) ;
#604 = ORIENTED_EDGE ( 'NONE', *, *, #2062, .T. ) ;
#605 = ORIENTED_EDGE ( 'NONE', *, *, #1457, .F. ) ;
#606 = CARTESIAN_POINT ( 'NONE',  ( -1.150000000000000133, -2.250000000000000444, -0.1000000000000000194 ) ) ;
#607 = ORIENTED_EDGE ( 'NONE', *, *, #2030, .T. ) ;
#608 = AXIS2_PLACEMENT_3D ( 'NONE', #2923, #3089, #250 ) ;
#609 = CARTESIAN_POINT ( 'NONE',  ( -0.3499999999999992562, -3.250000000000000000, 0.0000000000000000000 ) ) ;
#610 = EDGE_LOOP ( 'NONE', ( #1464 ) ) ;
#611 = DIRECTION ( 'NONE',  ( 0.0000000000000000000, -0.0000000000000000000, 1.000000000000000000 ) ) ;
#612 = ADVANCED_FACE ( 'NONE', ( #552, #2319 ), #114, .F. ) ;
#613 = LINE ( 'NONE', #756, #2699 ) ;
#614 = VECTOR ( 'NONE', #3108, 1000.000000000000000 ) ;
#615 = CIRCLE ( 'NONE', #531, 1.850000000000000089 ) ;
#616 = LINE ( 'NONE', #1804, #1127 ) ;
#617 = FACE_OUTER_BOUND ( 'NONE', #2536, .T. ) ;
#618 = LINE ( 'NONE', #705, #1242 ) ;
#619 = LINE ( 'NONE', #2446, #1813 ) ;
#620 = DIRECTION ( 'NONE',  ( 1.000000000000000000, -1.239088197126290324E-16, 0.0000000000000000000 ) ) ;
#621 = VECTOR ( 'NONE', #2936, 1000.000000000000000 ) ;
#622 = LINE ( 'NONE', #2170, #1816 ) ;
#623 = PLANE ( 'NONE',  #1785 ) ;
#624 = VECTOR ( 'NONE', #2254, 1000.000000000000000 ) ;
#625 = CARTESIAN_POINT ( 'NONE',  ( -0.9000000000000000222, 0.8999999999999993561, -0.8000000000000000444 ) ) ;
#626 = ORIENTED_EDGE ( 'NONE', *, *, #1555, .F. ) ;
#627 = CARTESIAN_POINT ( 'NONE',  ( -1.949999999999999956, 1.000000000000000000, 1.750000000000000000 ) ) ;
#628 = ORIENTED_EDGE ( 'NONE', *, *, #2921, .F. ) ;
#629 = CARTESIAN_POINT ( 'NONE',  ( -2.249999999999999112, -1.850000000000000311, -0.8000000000000000444 ) ) ;
#630 = DIRECTION ( 'NONE',  ( 0.0000000000000000000, 0.0000000000000000000, 1.000000000000000000 ) ) ;
#631 = ORIENTED_EDGE ( 'NONE', *, *, #600, .F. ) ;
#632 = EDGE_LOOP ( 'NONE', ( #3012 ) ) ;
#633 = DIRECTION ( 'NONE',  ( -5.509692694577703339E-16, 1.000000000000000000, 0.0000000000000000000 ) ) ;
#634 = CARTESIAN_POINT ( 'NONE',  ( -0.8999999999999994671, 2.250000000000000444, -0.6000000000000000888 ) ) ;
#635 = EDGE_CURVE ( 'NONE', #45, #2304, #1211, .T. ) ;
#636 = EDGE_CURVE ( 'NONE', #1736, #242, #2983, .T. ) ;
#637 = VERTEX_POINT ( 'NONE', #3093 ) ;
#638 = CARTESIAN_POINT ( 'NONE',  ( 2.249999999999998224, -0.9000000000000000222, -0.6000000000000000888 ) ) ;
#639 = CARTESIAN_POINT ( 'NONE',  ( 2.249999999999998224, -0.9000000000000000222, -0.6000000000000000888 ) ) ;
#640 = VERTEX_POINT ( 'NONE', #446 ) ;
#641 =( LENGTH_UNIT ( ) NAMED_UNIT ( * ) SI_UNIT ( .MILLI., .METRE. ) );
#642 = ORIENTED_EDGE ( 'NONE', *, *, #32, .T. ) ;
#643 = CARTESIAN_POINT ( 'NONE',  ( -0.9999999999999995559, -1.950000000000000178, 1.750000000000000000 ) ) ;
#644 = ORIENTED_EDGE ( 'NONE', *, *, #2423, .T. ) ;
#645 = CARTESIAN_POINT ( 'NONE',  ( -1.849999999999999423, 1.849999999999999423, 1.750000000000000000 ) ) ;
#646 = DIRECTION ( 'NONE',  ( -1.000000000000000000, 0.0000000000000000000, 0.0000000000000000000 ) ) ;
#647 = CIRCLE ( 'NONE', #238, 0.3722283730519237999 ) ;
#648 = ORIENTED_EDGE ( 'NONE', *, *, #2543, .F. ) ;
#649 = DIRECTION ( 'NONE',  ( -2.344220913482172149E-16, 1.000000000000000000, 0.0000000000000000000 ) ) ;
#650 = VECTOR ( 'NONE', #854, 1000.000000000000000 ) ;
#651 = CARTESIAN_POINT ( 'NONE',  ( -1.949999999999999956, -1.000000000000000000, 1.750000000000000000 ) ) ;
#652 = CIRCLE ( 'NONE', #2121, 0.3722283730519023726 ) ;
#653 = LINE ( 'NONE', #1107, #2706 ) ;
#654 = CARTESIAN_POINT ( 'NONE',  ( 1.950000000000000178, -0.9999999999999997780, 1.750000000000000000 ) ) ;
#655 = EDGE_CURVE ( 'NONE', #678, #1962, #653, .T. ) ;
#656 = EDGE_CURVE ( 'NONE', #1713, #2304, #2079, .T. ) ;
#657 = DIRECTION ( 'NONE',  ( 1.172110456741086321E-16, 1.000000000000000000, -0.0000000000000000000 ) ) ;
#658 = DIRECTION ( 'NONE',  ( -1.239088197126290324E-16, -1.000000000000000000, -0.0000000000000000000 ) ) ;
#659 = CARTESIAN_POINT ( 'NONE',  ( -1.849999999999999645, 1.849999999999999423, 0.0000000000000000000 ) ) ;
#660 = ORIENTED_EDGE ( 'NONE', *, *, #1985, .F. ) ;
#661 = DIRECTION ( 'NONE',  ( -0.0000000000000000000, -0.0000000000000000000, -1.000000000000000000 ) ) ;
#662 = DIRECTION ( 'NONE',  ( 0.0000000000000000000, 0.0000000000000000000, 1.000000000000000000 ) ) ;
#663 = ORIENTED_EDGE ( 'NONE', *, *, #2247, .T. ) ;
#664 = CARTESIAN_POINT ( 'NONE',  ( 1.949999999999999734, 1.000000000000000222, 1.750000000000000000 ) ) ;
#665 =( NAMED_UNIT ( * ) PLANE_ANGLE_UNIT ( ) SI_UNIT ( $, .RADIAN. ) );
#666 = EDGE_LOOP ( 'NONE', ( #1592 ) ) ;
#667 = DIRECTION ( 'NONE',  ( -0.0000000000000000000, -0.0000000000000000000, -1.000000000000000000 ) ) ;
#668 = CARTESIAN_POINT ( 'NONE',  ( 0.0000000000000000000, 0.0000000000000000000, 0.0000000000000000000 ) ) ;
#669 = ORIENTED_EDGE ( 'NONE', *, *, #2224, .F. ) ;
#670 = DIRECTION ( 'NONE',  ( 1.000000000000000000, 0.0000000000000000000, 0.0000000000000000000 ) ) ;
#671 = DIRECTION ( 'NONE',  ( 0.0000000000000000000, 0.0000000000000000000, 1.000000000000000000 ) ) ;
#672 = EDGE_LOOP ( 'NONE', ( #42, #1881, #1566, #2222 ) ) ;
#673 =( NAMED_UNIT ( * ) PLANE_ANGLE_UNIT ( ) SI_UNIT ( $, .RADIAN. ) );
#674 = DIRECTION ( 'NONE',  ( 7.350523203291556237E-17, -1.000000000000000000, 0.0000000000000000000 ) ) ;
#675 = ORIENTED_EDGE ( 'NONE', *, *, #2796, .T. ) ;
#676 = APPLICATION_CONTEXT ( 'automotive_design' ) ;
#677 = EDGE_CURVE ( 'NONE', #91, #1338, #1666, .T. ) ;
#678 = VERTEX_POINT ( 'NONE', #913 ) ;
#679 = ORIENTED_EDGE ( 'NONE', *, *, #3158, .T. ) ;
#680 = CARTESIAN_POINT ( 'NONE',  ( 1.556438241627338348, -0.9999999999999997780, 1.750000000000000000 ) ) ;
#681 = FILL_AREA_STYLE ('',( #188 ) ) ;
#682 = ORIENTED_EDGE ( 'NONE', *, *, #758, .F. ) ;
#683 = DIRECTION ( 'NONE',  ( -0.0000000000000000000, -0.0000000000000000000, -1.000000000000000000 ) ) ;
#684 = APPLICATION_CONTEXT ( 'automotive_design' ) ;
#685 = LINE ( 'NONE', #949, #1124 ) ;
#686 = FACE_OUTER_BOUND ( 'NONE', #2210, .T. ) ;
#687 = VERTEX_POINT ( 'NONE', #1740 ) ;
#688 = FACE_OUTER_BOUND ( 'NONE', #610, .T. ) ;
#689 = CARTESIAN_POINT ( 'NONE',  ( 1.000000000000000000, 1.556438241627338126, 1.750000000000000000 ) ) ;
#690 = DIRECTION ( 'NONE',  ( -1.000000000000000000, 0.0000000000000000000, 0.0000000000000000000 ) ) ;
#691 = LINE ( 'NONE', #1423, #228 ) ;
#692 = LINE ( 'NONE', #840, #585 ) ;
#693 = LINE ( 'NONE', #1331, #1547 ) ;
#694 = AXIS2_PLACEMENT_3D ( 'NONE', #2843, #1863, #2351 ) ;
#695 = DIRECTION ( 'NONE',  ( -0.0000000000000000000, -0.0000000000000000000, -1.000000000000000000 ) ) ;
#696 = CARTESIAN_POINT ( 'NONE',  ( 1.649999999999999911, -1.649999999999999023, 2.250000000000000444 ) ) ;
#697 = VECTOR ( 'NONE', #1657, 1000.000000000000000 ) ;
#698 = FACE_OUTER_BOUND ( 'NONE', #1428, .T. ) ;
#699 =( GEOMETRIC_REPRESENTATION_CONTEXT ( 3 ) GLOBAL_UNCERTAINTY_ASSIGNED_CONTEXT ( ( #2294 ) ) GLOBAL_UNIT_ASSIGNED_CONTEXT ( ( #1548, #1792, #1761 ) ) REPRESENTATION_CONTEXT ( 'NONE', 'WORKASPACE' ) );
#700 = DIRECTION ( 'NONE',  ( 1.000000000000000000, 2.168404344971008868E-16, -0.0000000000000000000 ) ) ;
#701 = DIRECTION ( 'NONE',  ( 0.2759805511140654422, -5.442524476557492004E-31, -0.9611632199615093297 ) ) ;
#702 = CIRCLE ( 'NONE', #1045, 0.1729894334335749795 ) ;
#703 = EDGE_CURVE ( 'NONE', #2732, #706, #2669, .T. ) ;
#704 = DIRECTION ( 'NONE',  ( 7.350523203291556237E-17, -1.000000000000000000, 0.0000000000000000000 ) ) ;
#705 = CARTESIAN_POINT ( 'NONE',  ( -1.849999999999999423, -2.250000000000000000, 1.750000000000000000 ) ) ;
#706 = VERTEX_POINT ( 'NONE', #1150 ) ;
#707 = CARTESIAN_POINT ( 'NONE',  ( 0.8999999999999992450, 0.8999999999999992450, -0.6000000000000000888 ) ) ;
#708 = CARTESIAN_POINT ( 'NONE',  ( 0.8999999999999992450, 0.8999999999999992450, -0.6000000000000000888 ) ) ;
#709 = VERTEX_POINT ( 'NONE', #1602 ) ;
#710 = VERTEX_POINT ( 'NONE', #1880 ) ;
#711 = DIRECTION ( 'NONE',  ( -1.000000000000000000, 0.0000000000000000000, 0.0000000000000000000 ) ) ;
#712 = ADVANCED_FACE ( 'NONE', ( #1510 ), #158, .F. ) ;
#713 = PRODUCT_DEFINITION_FORMATION_WITH_SPECIFIED_SOURCE ( 'ANY', '', #1603, .NOT_KNOWN. ) ;
#714 = CLOSED_SHELL ( 'NONE', ( #1442, #1217, #728, #2425, #2694, #2645 ) ) ;
#715 = CARTESIAN_POINT ( 'NONE',  ( -0.3499999999999994227, -2.250000000000000000, -0.1250000000000000000 ) ) ;
#716 = ORIENTED_EDGE ( 'NONE', *, *, #2008, .F. ) ;
#717 = CARTESIAN_POINT ( 'NONE',  ( -1.849999999999999423, 2.250000000000000000, -0.8000000000000000444 ) ) ;
#718 = CARTESIAN_POINT ( 'NONE',  ( -1.849999999999999423, -2.250000000000000444, 0.1250000000000000000 ) ) ;
#719 = EDGE_CURVE ( 'NONE', #1765, #2657, #1973, .T. ) ;
#720 = ORIENTED_EDGE ( 'NONE', *, *, #539, .T. ) ;
#721 = CARTESIAN_POINT ( 'NONE',  ( 0.0000000000000000000, 0.0000000000000000000, 1.750000000000000000 ) ) ;
#722 = DIRECTION ( 'NONE',  ( -2.168404344971008868E-16, 1.000000000000000000, 0.0000000000000000000 ) ) ;
#723 = EDGE_CURVE ( 'NONE', #1100, #1633, #316, .T. ) ;
#724 = ORIENTED_EDGE ( 'NONE', *, *, #1573, .T. ) ;
#725 = DIRECTION ( 'NONE',  ( -2.891205793294678326E-16, 1.000000000000000000, 0.0000000000000000000 ) ) ;
#726 = CARTESIAN_POINT ( 'NONE',  ( -2.250000000000000000, 1.849999999999999201, 1.750000000000000000 ) ) ;
#727 = ORIENTED_EDGE ( 'NONE', *, *, #451, .T. ) ;
#728 = ADVANCED_FACE ( 'NONE', ( #3060 ), #2327, .F. ) ;
#729 = CARTESIAN_POINT ( 'NONE',  ( -1.949999999999999734, -1.000000000000000000, 0.1499999999999999667 ) ) ;
#730 = LINE ( 'NONE', #957, #67 ) ;
#731 = PLANE ( 'NONE',  #2597 ) ;
#732 = EDGE_LOOP ( 'NONE', ( #163, #2661, #884, #1524 ) ) ;
#733 = VECTOR ( 'NONE', #683, 1000.000000000000000 ) ;
#734 = CIRCLE ( 'NONE', #1161, 1.449999999999999956 ) ;
#735 = DIRECTION ( 'NONE',  ( -1.000000000000000000, 0.0000000000000000000, 0.0000000000000000000 ) ) ;
#736 = LINE ( 'NONE', #2203, #801 ) ;
#737 = FACE_OUTER_BOUND ( 'NONE', #2362, .T. ) ;
#738 = DIRECTION ( 'NONE',  ( -1.000000000000000000, 0.0000000000000000000, 0.0000000000000000000 ) ) ;
#739 = LINE ( 'NONE', #1284, #1977 ) ;
#740 = DIRECTION ( 'NONE',  ( -5.509692694577702353E-16, 1.000000000000000000, 0.0000000000000000000 ) ) ;
#741 = DIRECTION ( 'NONE',  ( 1.000000000000000000, 0.0000000000000000000, 0.0000000000000000000 ) ) ;
#742 = EDGE_LOOP ( 'NONE', ( #65, #1303, #2145, #1265, #1326, #2131 ) ) ;
#743 = EDGE_CURVE ( 'NONE', #2961, #2954, #1358, .T. ) ;
#744 = ADVANCED_FACE ( 'NONE', ( #468 ), #2239, .F. ) ;
#745 = ORIENTED_EDGE ( 'NONE', *, *, #2375, .T. ) ;
#746 = ORIENTED_EDGE ( 'NONE', *, *, #1373, .T. ) ;
#747 = VERTEX_POINT ( 'NONE', #1982 ) ;
#748 = DIRECTION ( 'NONE',  ( -0.0000000000000000000, -0.0000000000000000000, -1.000000000000000000 ) ) ;
#749 = DIRECTION ( 'NONE',  ( -1.000000000000000000, 0.0000000000000000000, 0.0000000000000000000 ) ) ;
#750 = EDGE_LOOP ( 'NONE', ( #1726 ) ) ;
#751 = DIRECTION ( 'NONE',  ( -1.000000000000000000, 0.0000000000000000000, 0.0000000000000000000 ) ) ;
#752 = ORIENTED_EDGE ( 'NONE', *, *, #3178, .F. ) ;
#753 = ADVANCED_FACE ( 'NONE', ( #867, #1401 ), #2592, .T. ) ;
#754 = ORIENTED_EDGE ( 'NONE', *, *, #2624, .F. ) ;
#755 = EDGE_LOOP ( 'NONE', ( #3043, #1498, #3173, #2107, #485, #1939 ) ) ;
#756 = CARTESIAN_POINT ( 'NONE',  ( -0.3499999999999992562, -3.250000000000000000, 0.2500000000000000000 ) ) ;
#757 = DIRECTION ( 'NONE',  ( 1.000000000000000000, 0.0000000000000000000, -0.0000000000000000000 ) ) ;
#758 = EDGE_CURVE ( 'NONE', #1572, #3006, #767, .T. ) ;
#759 = LINE ( 'NONE', #1797, #2589 ) ;
#760 = ORIENTED_EDGE ( 'NONE', *, *, #2256, .F. ) ;
#761 = DIRECTION ( 'NONE',  ( 0.0000000000000000000, 0.0000000000000000000, -1.000000000000000000 ) ) ;
#762 = LINE ( 'NONE', #2955, #580 ) ;
#763 = LINE ( 'NONE', #1387, #1125 ) ;
#764 = CARTESIAN_POINT ( 'NONE',  ( -1.649999999999999245, -1.649999999999999689, 2.067431148549531805 ) ) ;
#765 = VECTOR ( 'NONE', #2746, 1000.000000000000000 ) ;
#766 = CARTESIAN_POINT ( 'NONE',  ( -1.013724490077167362, -0.3999999999999998002, 0.0000000000000000000 ) ) ;
#767 = LINE ( 'NONE', #3148, #1478 ) ;
#768 = ADVANCED_FACE ( 'NONE', ( #946 ), #955, .F. ) ;
#769 = FACE_OUTER_BOUND ( 'NONE', #1256, .T. ) ;
#770 = CARTESIAN_POINT ( 'NONE',  ( -1.813704662821175021E-16, 2.467449748351246974, 0.0000000000000000000 ) ) ;
#771 = VECTOR ( 'NONE', #123, 1000.000000000000000 ) ;
#772 = VERTEX_POINT ( 'NONE', #1245 ) ;
#773 = EDGE_CURVE ( 'NONE', #1950, #879, #2790, .T. ) ;
#774 = EDGE_LOOP ( 'NONE', ( #2068 ) ) ;
#775 = DIRECTION ( 'NONE',  ( 1.161645184805897256E-16, -1.439380837741575982E-32, 1.000000000000000000 ) ) ;
#776 = ORIENTED_EDGE ( 'NONE', *, *, #1901, .F. ) ;
#777 = DIRECTION ( 'NONE',  ( -0.0000000000000000000, 0.0000000000000000000, -1.000000000000000000 ) ) ;
#778 = ADVANCED_FACE ( 'NONE', ( #1322 ), #2427, .F. ) ;
#779 = VERTEX_POINT ( 'NONE', #456 ) ;
#780 = ORIENTED_EDGE ( 'NONE', *, *, #1715, .T. ) ;
#781 = MECHANICAL_DESIGN_GEOMETRIC_PRESENTATION_REPRESENTATION (  '', ( #2535 ), #1911 ) ;
#782 = DIRECTION ( 'NONE',  ( -1.000000000000000000, 0.0000000000000000000, 0.0000000000000000000 ) ) ;
#783 = ORIENTED_EDGE ( 'NONE', *, *, #1188, .T. ) ;
#784 = SURFACE_STYLE_USAGE ( .BOTH. , #2490 ) ;
#785 = PLANE ( 'NONE',  #2154 ) ;
#786 = ORIENTED_EDGE ( 'NONE', *, *, #881, .T. ) ;
#787 = CARTESIAN_POINT ( 'NONE',  ( -2.250000000000000000, 1.849999999999999201, 1.750000000000000000 ) ) ;
#788 = ORIENTED_EDGE ( 'NONE', *, *, #864, .F. ) ;
#789 = EDGE_CURVE ( 'NONE', #494, #376, #2903, .T. ) ;
#790 = FACE_OUTER_BOUND ( 'NONE', #1787, .T. ) ;
#791 = VERTEX_POINT ( 'NONE', #1418 ) ;
#792 = DIRECTION ( 'NONE',  ( -1.000000000000000000, 0.0000000000000000000, 0.0000000000000000000 ) ) ;
#793 = ADVANCED_FACE ( 'NONE', ( #76, #2046 ), #1893, .F. ) ;
#794 = EDGE_CURVE ( 'NONE', #3006, #3119, #3142, .T. ) ;
#795 = UNCERTAINTY_MEASURE_WITH_UNIT (LENGTH_MEASURE( 1.000000000000000082E-05 ), #2573, 'distance_accuracy_value', 'NONE');
#796 = VECTOR ( 'NONE', #1836, 1000.000000000000000 ) ;
#797 = CIRCLE ( 'NONE', #999, 0.3999999999999999667 ) ;
#798 = CARTESIAN_POINT ( 'NONE',  ( 0.3500000000000004774, -2.250000000000000000, 0.1250000000000000000 ) ) ;
#799 = CARTESIAN_POINT ( 'NONE',  ( -0.3499999999999994227, -2.250000000000000000, -0.1250000000000000000 ) ) ;
#800 = CARTESIAN_POINT ( 'NONE',  ( 1.950000000000000178, -0.9999999999999995559, 1.750000000000000000 ) ) ;
#801 = VECTOR ( 'NONE', #1703, 1000.000000000000000 ) ;
#802 = LINE ( 'NONE', #2152, #1094 ) ;
#803 = DIRECTION ( 'NONE',  ( 0.0000000000000000000, 0.0000000000000000000, 1.000000000000000000 ) ) ;
#804 = LINE ( 'NONE', #1998, #952 ) ;
#805 = AXIS2_PLACEMENT_3D ( 'NONE', #2882, #1668, #1413 ) ;
#806 = ORIENTED_EDGE ( 'NONE', *, *, #1511, .T. ) ;
#807 = DIRECTION ( 'NONE',  ( 0.0000000000000000000, 0.0000000000000000000, 1.000000000000000000 ) ) ;
#808 = VERTEX_POINT ( 'NONE', #1684 ) ;
#809 = EDGE_CURVE ( 'NONE', #2499, #1580, #622, .T. ) ;
#810 = ADVANCED_FACE ( 'NONE', ( #1742 ), #2377, .F. ) ;
#811 = DIRECTION ( 'NONE',  ( 1.239088197126290324E-16, 1.000000000000000000, 0.0000000000000000000 ) ) ;
#812 = ORIENTED_EDGE ( 'NONE', *, *, #314, .T. ) ;
#813 = EDGE_CURVE ( 'NONE', #2605, #196, #1588, .T. ) ;
#814 = UNCERTAINTY_MEASURE_WITH_UNIT (LENGTH_MEASURE( 1.000000000000000082E-05 ), #1681, 'distance_accuracy_value', 'NONE');
#815 = DIRECTION ( 'NONE',  ( 0.0000000000000000000, 0.0000000000000000000, -1.000000000000000000 ) ) ;
#816 = CARTESIAN_POINT ( 'NONE',  ( -1.949999999999999956, -1.000000000000000000, 0.0000000000000000000 ) ) ;
#817 = ORIENTED_EDGE ( 'NONE', *, *, #1366, .F. ) ;
#818 =( REPRESENTATION_RELATIONSHIP ('NONE','NONE', #1074, #2265 ) REPRESENTATION_RELATIONSHIP_WITH_TRANSFORMATION ( #2305 )SHAPE_REPRESENTATION_RELATIONSHIP( ) );
#819 = VERTEX_POINT ( 'NONE', #726 ) ;
#820 = ORIENTED_EDGE ( 'NONE', *, *, #3064, .F. ) ;
#821 = AXIS2_PLACEMENT_3D ( 'NONE', #1889, #927, #236 ) ;
#822 = ORIENTED_EDGE ( 'NONE', *, *, #2182, .F. ) ;
#823 = VERTEX_POINT ( 'NONE', #2662 ) ;
#824 = CARTESIAN_POINT ( 'NONE',  ( -2.249999999999999112, -0.8999999999999994671, -0.6000000000000000888 ) ) ;
#825 = CYLINDRICAL_SURFACE ( 'NONE', #2913, 0.4250000000000000444 ) ;
#826 = ORIENTED_EDGE ( 'NONE', *, *, #1820, .F. ) ;
#827 = CARTESIAN_POINT ( 'NONE',  ( 1.650000000000000133, -1.649999999999999689, 0.1250000000000000000 ) ) ;
#828 = CIRCLE ( 'NONE', #1753, 0.4000000000000216716 ) ;
#829 = STYLED_ITEM ( 'NONE', ( #119 ), #169 ) ;
#830 = LINE ( 'NONE', #2284, #582 ) ;
#831 = CARTESIAN_POINT ( 'NONE',  ( -0.9999999999999997780, 1.556438241627338126, 0.0000000000000000000 ) ) ;
#832 = FACE_OUTER_BOUND ( 'NONE', #69, .T. ) ;
#833 = FACE_BOUND ( 'NONE', #750, .T. ) ;
#834 = CARTESIAN_POINT ( 'NONE',  ( 2.250000000000000444, -1.849999999999999645, 0.1250000000000000000 ) ) ;
#835 = CARTESIAN_POINT ( 'NONE',  ( 1.556438241627338348, -0.9999999999999997780, 0.1500000000000000222 ) ) ;
#836 = AXIS2_PLACEMENT_3D ( 'NONE', #2635, #1871, #3126 ) ;
#837 = ORIENTED_EDGE ( 'NONE', *, *, #3005, .F. ) ;
#838 = ORIENTED_EDGE ( 'NONE', *, *, #1779, .T. ) ;
#839 = ORIENTED_EDGE ( 'NONE', *, *, #3047, .F. ) ;
#840 = CARTESIAN_POINT ( 'NONE',  ( -0.8999999999999994671, -0.8999999999999998002, -0.6000000000000000888 ) ) ;
#841 = AXIS2_PLACEMENT_3D ( 'NONE', #2765, #1029, #2529 ) ;
#842 = ORIENTED_EDGE ( 'NONE', *, *, #1946, .T. ) ;
#843 = ORIENTED_EDGE ( 'NONE', *, *, #1308, .T. ) ;
#844 = EDGE_CURVE ( 'NONE', #2954, #1874, #2977, .T. ) ;
#845 = ORIENTED_EDGE ( 'NONE', *, *, #332, .F. ) ;
#846 = PRODUCT_DEFINITION_SHAPE ( 'NONE', 'NONE',  #2517 ) ;
#847 = CARTESIAN_POINT ( 'NONE',  ( 0.9999999999999997780, 1.949999999999999956, 1.750000000000000000 ) ) ;
#848 = PLANE ( 'NONE',  #3146 ) ;
#849 = ORIENTED_EDGE ( 'NONE', *, *, #635, .T. ) ;
#850 = AXIS2_PLACEMENT_3D ( 'NONE', #187, #2125, #2098 ) ;
#851 = CARTESIAN_POINT ( 'NONE',  ( -0.3499999999999994227, -2.250000000000000000, 0.1250000000000000000 ) ) ;
#852 = PRODUCT_RELATED_PRODUCT_CATEGORY ( 'part', '', ( #1603 ) ) ;
#853 = ORIENTED_EDGE ( 'NONE', *, *, #1214, .T. ) ;
#854 = DIRECTION ( 'NONE',  ( -5.621789042517426491E-16, -1.000000000000000000, -0.0000000000000000000 ) ) ;
#855 = EDGE_LOOP ( 'NONE', ( #960, #2829, #13, #1759 ) ) ;
#856 = DIRECTION ( 'NONE',  ( -1.000000000000000000, 0.0000000000000000000, 0.0000000000000000000 ) ) ;
#857 = VECTOR ( 'NONE', #1869, 1000.000000000000000 ) ;
#858 = ORIENTED_EDGE ( 'NONE', *, *, #92, .T. ) ;
#859 = EDGE_CURVE ( 'NONE', #1427, #779, #618, .T. ) ;
#860 = DIRECTION ( 'NONE',  ( 0.0000000000000000000, 1.000000000000000000, 0.0000000000000000000 ) ) ;
#861 = CARTESIAN_POINT ( 'NONE',  ( 1.849999999999999423, -2.250000000000000444, -0.8000000000000000444 ) ) ;
#862 = VECTOR ( 'NONE', #1623, 1000.000000000000000 ) ;
#863 = LINE ( 'NONE', #2807, #650 ) ;
#864 = EDGE_CURVE ( 'NONE', #1007, #678, #1584, .T. ) ;
#865 = CARTESIAN_POINT ( 'NONE',  ( -0.3499999999999992562, -3.250000000000000000, 0.2500000000000000000 ) ) ;
#866 = LINE ( 'NONE', #1175, #1130 ) ;
#867 = FACE_BOUND ( 'NONE', #170, .T. ) ;
#868 = DIRECTION ( 'NONE',  ( 2.502005013428087573E-16, -1.000000000000000000, -0.0000000000000000000 ) ) ;
#869 = CARTESIAN_POINT ( 'NONE',  ( 4.336808689942017736E-16, 0.0000000000000000000, 0.1250000000000000000 ) ) ;
#870 = LINE ( 'NONE', #574, #239 ) ;
#871 = ORIENTED_EDGE ( 'NONE', *, *, #2670, .T. ) ;
#872 = CARTESIAN_POINT ( 'NONE',  ( -2.249999999999999112, -1.850000000000000311, 1.750000000000000000 ) ) ;
#873 = AXIS2_PLACEMENT_3D ( 'NONE', #645, #2338, #2095 ) ;
#874 = ORIENTED_EDGE ( 'NONE', *, *, #656, .F. ) ;
#875 = DIRECTION ( 'NONE',  ( 1.000000000000000000, -6.195440985631453345E-16, 5.808225924029487511E-17 ) ) ;
#876 = VERTEX_POINT ( 'NONE', #82 ) ;
#877 = EDGE_CURVE ( 'NONE', #1495, #637, #2474, .T. ) ;
#878 = DIRECTION ( 'NONE',  ( -0.0000000000000000000, -0.0000000000000000000, -1.000000000000000000 ) ) ;
#879 = VERTEX_POINT ( 'NONE', #1992 ) ;
#880 = DIRECTION ( 'NONE',  ( -0.0000000000000000000, -0.0000000000000000000, -1.000000000000000000 ) ) ;
#881 = EDGE_CURVE ( 'NONE', #2408, #2612, #1620, .T. ) ;
#882 = ORIENTED_EDGE ( 'NONE', *, *, #497, .T. ) ;
#883 = CARTESIAN_POINT ( 'NONE',  ( 7.531577814756222064E-16, -3.900000000000000355, -0.1250000000000000000 ) ) ;
#884 = ORIENTED_EDGE ( 'NONE', *, *, #2211, .T. ) ;
#885 = DIRECTION ( 'NONE',  ( 0.0000000000000000000, 0.0000000000000000000, 1.000000000000000000 ) ) ;
#886 = DIRECTION ( 'NONE',  ( -0.0000000000000000000, -0.0000000000000000000, -1.000000000000000000 ) ) ;
#887 = DIRECTION ( 'NONE',  ( -1.000000000000000000, 1.606225440719267106E-16, 0.0000000000000000000 ) ) ;
#888 = ORIENTED_EDGE ( 'NONE', *, *, #370, .F. ) ;
#889 = CARTESIAN_POINT ( 'NONE',  ( 1.850000000000000311, 1.849999999999999423, 0.1250000000000000000 ) ) ;
#890 = CARTESIAN_POINT ( 'NONE',  ( 2.250000000000000000, -1.849999999999999645, 1.750000000000000000 ) ) ;
#891 = SHAPE_DEFINITION_REPRESENTATION ( #2492, #99 ) ;
#892 = AXIS2_PLACEMENT_3D ( 'NONE', #930, #1491, #1913 ) ;
#893 = ORIENTED_EDGE ( 'NONE', *, *, #1555, .T. ) ;
#894 = CIRCLE ( 'NONE', #1805, 0.4000000000000004108 ) ;
#895 = ORIENTED_EDGE ( 'NONE', *, *, #1946, .F. ) ;
#896 = AXIS2_PLACEMENT_3D ( 'NONE', #2837, #878, #2080 ) ;
#897 = VECTOR ( 'NONE', #121, 1000.000000000000000 ) ;
#898 = DIRECTION ( 'NONE',  ( -1.000000000000000000, -1.172110456741086321E-16, -0.0000000000000000000 ) ) ;
#899 = LINE ( 'NONE', #2784, #1807 ) ;
#900 = VERTEX_POINT ( 'NONE', #1978 ) ;
#901 = DIRECTION ( 'NONE',  ( 1.000000000000000000, -6.195440985631453345E-16, 5.033795800825555596E-16 ) ) ;
#902 = LINE ( 'NONE', #1611, #347 ) ;
#903 = FACE_OUTER_BOUND ( 'NONE', #1655, .T. ) ;
#904 = LINE ( 'NONE', #1032, #2199 ) ;
#905 = DIRECTION ( 'NONE',  ( 0.0000000000000000000, 0.0000000000000000000, 1.000000000000000000 ) ) ;
#906 = LINE ( 'NONE', #1250, #1016 ) ;
#907 = EDGE_CURVE ( 'NONE', #2501, #242, #3100, .T. ) ;
#908 = CARTESIAN_POINT ( 'NONE',  ( 2.250000000000000000, -1.849999999999999645, 1.750000000000000000 ) ) ;
#909 = DIRECTION ( 'NONE',  ( 0.0000000000000000000, 1.000000000000000000, 0.0000000000000000000 ) ) ;
#910 = VECTOR ( 'NONE', #436, 1000.000000000000000 ) ;
#911 = EDGE_CURVE ( 'NONE', #28, #28, #277, .T. ) ;
#912 = PLANE ( 'NONE',  #2887 ) ;
#913 = CARTESIAN_POINT ( 'NONE',  ( 2.249999999999999556, 1.849999999999999867, 0.1250000000000000000 ) ) ;
#914 = AXIS2_PLACEMENT_3D ( 'NONE', #1119, #363, #611 ) ;
#915 = VERTEX_POINT ( 'NONE', #800 ) ;
#916 = CARTESIAN_POINT ( 'NONE',  ( 2.249999999999998224, -0.9000000000000000222, -0.6000000000000000888 ) ) ;
#917 = DIRECTION ( 'NONE',  ( -1.000000000000000000, -2.344220913482172149E-16, 0.0000000000000000000 ) ) ;
#918 = EDGE_LOOP ( 'NONE', ( #2530, #2134, #845, #3034, #806, #2379, #752, #16, #1531, #2687, #1521, #1220, #2245, #1613, #1408, #1837 ) ) ;
#919 = APPLICATION_CONTEXT ( 'automotive_design' ) ;
#920 = ORIENTED_EDGE ( 'NONE', *, *, #3115, .F. ) ;
#921 = DIRECTION ( 'NONE',  ( -1.000000000000000000, 0.0000000000000000000, 0.0000000000000000000 ) ) ;
#922 = DIRECTION ( 'NONE',  ( -1.000000000000000000, 0.0000000000000000000, -5.808225924029486278E-17 ) ) ;
#923 = ORIENTED_EDGE ( 'NONE', *, *, #2713, .F. ) ;
#924 = DIRECTION ( 'NONE',  ( -0.0000000000000000000, -0.0000000000000000000, -1.000000000000000000 ) ) ;
#925 = DIRECTION ( 'NONE',  ( -1.000000000000000000, 0.0000000000000000000, 0.0000000000000000000 ) ) ;
#926 = ORIENTED_EDGE ( 'NONE', *, *, #2423, .F. ) ;
#927 = DIRECTION ( 'NONE',  ( 0.0000000000000000000, 1.000000000000000000, 0.0000000000000000000 ) ) ;
#928 = ORIENTED_EDGE ( 'NONE', *, *, #600, .T. ) ;
#929 = EDGE_CURVE ( 'NONE', #1983, #128, #904, .T. ) ;
#930 = CARTESIAN_POINT ( 'NONE',  ( 0.8999999999999983569, -2.250000000000000888, -0.6000000000000000888 ) ) ;
#931 = ORIENTED_EDGE ( 'NONE', *, *, #2643, .T. ) ;
#932 = ADVANCED_FACE ( 'NONE', ( #2942, #1546 ), #1131, .T. ) ;
#933 = ORIENTED_EDGE ( 'NONE', *, *, #2083, .T. ) ;
#934 = DIRECTION ( 'NONE',  ( 0.0000000000000000000, 0.0000000000000000000, 1.000000000000000000 ) ) ;
#935 = DIRECTION ( 'NONE',  ( -1.000000000000000000, 0.0000000000000000000, 0.0000000000000000000 ) ) ;
#936 = EDGE_LOOP ( 'NONE', ( #1503 ) ) ;
#937 = CARTESIAN_POINT ( 'NONE',  ( 0.0000000000000000000, 0.0000000000000000000, 2.250000000000000000 ) ) ;
#938 = CIRCLE ( 'NONE', #2740, 0.4000000000000004108 ) ;
#939 = ORIENTED_EDGE ( 'NONE', *, *, #929, .F. ) ;
#940 = CARTESIAN_POINT ( 'NONE',  ( -1.949999999999999956, -1.000000000000000000, 0.0000000000000000000 ) ) ;
#941 = DIRECTION ( 'NONE',  ( 1.000000000000000000, 5.347617538582756740E-17, 0.0000000000000000000 ) ) ;
#942 = LINE ( 'NONE', #2081, #30 ) ;
#943 = CYLINDRICAL_SURFACE ( 'NONE', #1644, 0.4000000000000004108 ) ;
#944 = CIRCLE ( 'NONE', #1299, 0.4000000000000001887 ) ;
#945 = CARTESIAN_POINT ( 'NONE',  ( 1.649999999999999911, 1.649999999999999911, -0.1250000000000000000 ) ) ;
#946 = FACE_OUTER_BOUND ( 'NONE', #246, .T. ) ;
#947 =( NAMED_UNIT ( * ) PLANE_ANGLE_UNIT ( ) SI_UNIT ( $, .RADIAN. ) );
#948 = EDGE_CURVE ( 'NONE', #1874, #2495, #1812, .T. ) ;
#949 = CARTESIAN_POINT ( 'NONE',  ( 1.000000000000000444, -1.949999999999999734, 1.750000000000000000 ) ) ;
#950 = ADVANCED_FACE ( 'NONE', ( #2396, #312, #1506, #1778, #429, #2235 ), #785, .F. ) ;
#951 =( NAMED_UNIT ( * ) PLANE_ANGLE_UNIT ( ) SI_UNIT ( $, .RADIAN. ) );
#952 = VECTOR ( 'NONE', #3025, 1000.000000000000000 ) ;
#953 = EDGE_CURVE ( 'NONE', #2646, #212, #385, .T. ) ;
#954 = CARTESIAN_POINT ( 'NONE',  ( 0.3500000000000007550, -3.900000000000000355, 0.1250000000000000000 ) ) ;
#955 = PLANE ( 'NONE',  #892 ) ;
#956 = VERTEX_POINT ( 'NONE', #1254 ) ;
#957 = CARTESIAN_POINT ( 'NONE',  ( -1.949999999999999956, -1.000000000000000000, 1.750000000000000000 ) ) ;
#958 = EDGE_LOOP ( 'NONE', ( #1752 ) ) ;
#959 = ORIENTED_EDGE ( 'NONE', *, *, #1395, .F. ) ;
#960 = ORIENTED_EDGE ( 'NONE', *, *, #758, .T. ) ;
#961 = CARTESIAN_POINT ( 'NONE',  ( -1.649999999999999911, 1.649999999999999911, 2.067431148549531805 ) ) ;
#962 = ADVANCED_FACE ( 'NONE', ( #1015 ), #550, .F. ) ;
#963 = ORIENTED_EDGE ( 'NONE', *, *, #200, .T. ) ;
#964 = DIRECTION ( 'NONE',  ( 5.033795800825555596E-16, -6.237316963546829619E-32, -1.000000000000000000 ) ) ;
#965 = EDGE_CURVE ( 'NONE', #2408, #2422, #1168, .T. ) ;
#966 = EDGE_LOOP ( 'NONE', ( #2067, #2058, #1039, #3155 ) ) ;
#967 = DIRECTION ( 'NONE',  ( -1.000000000000000000, 0.0000000000000000000, 0.0000000000000000000 ) ) ;
#968 = CARTESIAN_POINT ( 'NONE',  ( 1.149999999999999689, -2.250000000000000444, 0.1499999999999999944 ) ) ;
#969 = EDGE_CURVE ( 'NONE', #1528, #3029, #1318, .T. ) ;
#970 = ORIENTED_EDGE ( 'NONE', *, *, #2211, .F. ) ;
#971 = DIRECTION ( 'NONE',  ( -1.000000000000000000, 0.0000000000000000000, -0.0000000000000000000 ) ) ;
#972 = EDGE_LOOP ( 'NONE', ( #2142 ) ) ;
#973 = DIRECTION ( 'NONE',  ( 1.000000000000000000, 1.172110456741086321E-16, 0.0000000000000000000 ) ) ;
#974 = FACE_OUTER_BOUND ( 'NONE', #1710, .T. ) ;
#975 = VERTEX_POINT ( 'NONE', #2491 ) ;
#976 = FACE_OUTER_BOUND ( 'NONE', #1907, .T. ) ;
#977 = VERTEX_POINT ( 'NONE', #2231 ) ;
#978 = CIRCLE ( 'NONE', #1258, 1.799999999999999600 ) ;
#979 = ADVANCED_FACE ( 'NONE', ( #2786, #547, #2277, #507, #982, #2704 ), #2003, .F. ) ;
#980 = AXIS2_PLACEMENT_3D ( 'NONE', #2404, #453, #1170 ) ;
#981 = VECTOR ( 'NONE', #1325, 1000.000000000000000 ) ;
#982 = FACE_BOUND ( 'NONE', #2836, .T. ) ;
#983 = VECTOR ( 'NONE', #15, 1000.000000000000000 ) ;
#984 = PLANE ( 'NONE',  #1729 ) ;
#985 = FACE_OUTER_BOUND ( 'NONE', #1344, .T. ) ;
#986 = VECTOR ( 'NONE', #1239, 1000.000000000000000 ) ;
#987 = MECHANICAL_DESIGN_GEOMETRIC_PRESENTATION_REPRESENTATION (  '', ( #829 ), #699 ) ;
#988 = CARTESIAN_POINT ( 'NONE',  ( -1.849999999999999423, 2.250000000000000000, 1.750000000000000000 ) ) ;
#989 = DIRECTION ( 'NONE',  ( -0.0000000000000000000, -0.0000000000000000000, -1.000000000000000000 ) ) ;
#990 = CARTESIAN_POINT ( 'NONE',  ( -1.150000000000000133, -2.250000000000000444, 0.1499999999999999944 ) ) ;
#991 = ORIENTED_EDGE ( 'NONE', *, *, #95, .T. ) ;
#992 = CARTESIAN_POINT ( 'NONE',  ( 2.249999999999999556, 1.849999999999999867, -0.1250000000000000000 ) ) ;
#993 = ORIENTED_EDGE ( 'NONE', *, *, #794, .F. ) ;
#994 = ADVANCED_FACE ( 'NONE', ( #351 ), #1264, .T. ) ;
#995 = ORIENTED_EDGE ( 'NONE', *, *, #1026, .T. ) ;
#996 = CARTESIAN_POINT ( 'NONE',  ( -0.9140784252977340874, 2.453489949670249359, 0.0000000000000000000 ) ) ;
#997 = CARTESIAN_POINT ( 'NONE',  ( 1.850000000000000533, 2.250000000000000888, -0.09999999999999911737 ) ) ;
#998 = VERTEX_POINT ( 'NONE', #1040 ) ;
#999 = AXIS2_PLACEMENT_3D ( 'NONE', #889, #1378, #2343 ) ;
#1000 = VERTEX_POINT ( 'NONE', #2300 ) ;
#1001 = DIRECTION ( 'NONE',  ( 1.000000000000000000, 0.0000000000000000000, -1.172110456741085828E-16 ) ) ;
#1002 = EDGE_LOOP ( 'NONE', ( #837, #2723, #3125, #1492, #302, #560 ) ) ;
#1003 = ORIENTED_EDGE ( 'NONE', *, *, #2502, .T. ) ;
#1004 = CARTESIAN_POINT ( 'NONE',  ( 0.0000000000000000000, 0.0000000000000000000, 0.0000000000000000000 ) ) ;
#1005 = EDGE_CURVE ( 'NONE', #376, #772, #3024, .T. ) ;
#1006 = VECTOR ( 'NONE', #2566, 1000.000000000000000 ) ;
#1007 = VERTEX_POINT ( 'NONE', #834 ) ;
#1008 = AXIS2_PLACEMENT_3D ( 'NONE', #405, #1597, #1332 ) ;
#1009 = DIRECTION ( 'NONE',  ( -1.000000000000000000, 0.0000000000000000000, 0.0000000000000000000 ) ) ;
#1010 = VECTOR ( 'NONE', #3163, 1000.000000000000000 ) ;
#1011 = VERTEX_POINT ( 'NONE', #1487 ) ;
#1012 = ORIENTED_EDGE ( 'NONE', *, *, #635, .F. ) ;
#1013 = CARTESIAN_POINT ( 'NONE',  ( -1.556438241627338126, -0.9999999999999997780, 1.750000000000000000 ) ) ;
#1014 = FACE_OUTER_BOUND ( 'NONE', #1204, .T. ) ;
#1015 = FACE_OUTER_BOUND ( 'NONE', #2805, .T. ) ;
#1016 = VECTOR ( 'NONE', #2209, 1000.000000000000000 ) ;
#1017 =( REPRESENTATION_RELATIONSHIP ('NONE','NONE', #1074, #2179 ) REPRESENTATION_RELATIONSHIP_WITH_TRANSFORMATION ( #2731 )SHAPE_REPRESENTATION_RELATIONSHIP( ) );
#1018 = LINE ( 'NONE', #567, #2941 ) ;
#1019 = LINE ( 'NONE', #718, #389 ) ;
#1020 = DIRECTION ( 'NONE',  ( -1.000000000000000000, -0.0000000000000000000, -0.0000000000000000000 ) ) ;
#1021 = AXIS2_PLACEMENT_3D ( 'NONE', #1115, #1371, #2069 ) ;
#1022 = CONICAL_SURFACE ( 'NONE', #120, 0.4000000000000216716, 0.08726646259971666819 ) ;
#1023 = FACE_OUTER_BOUND ( 'NONE', #1144, .T. ) ;
#1024 = EDGE_CURVE ( 'NONE', #2255, #3162, #1397, .T. ) ;
#1025 = LINE ( 'NONE', #1221, #395 ) ;
#1026 = EDGE_CURVE ( 'NONE', #2547, #2547, #3056, .T. ) ;
#1027 = CARTESIAN_POINT ( 'NONE',  ( 0.0000000000000000000, 0.0000000000000000000, 0.0000000000000000000 ) ) ;
#1028 = ORIENTED_EDGE ( 'NONE', *, *, #2673, .T. ) ;
#1029 = DIRECTION ( 'NONE',  ( -0.0000000000000000000, -0.0000000000000000000, -1.000000000000000000 ) ) ;
#1030 = ORIENTED_EDGE ( 'NONE', *, *, #969, .F. ) ;
#1031 = CARTESIAN_POINT ( 'NONE',  ( 2.250000000000000000, 1.849999999999999423, -0.8000000000000000444 ) ) ;
#1032 = CARTESIAN_POINT ( 'NONE',  ( -2.249999999999999112, -0.8999999999999994671, -0.6000000000000000888 ) ) ;
#1033 = EDGE_LOOP ( 'NONE', ( #2684 ) ) ;
#1034 = DIRECTION ( 'NONE',  ( 1.000000000000000000, 0.0000000000000000000, 0.0000000000000000000 ) ) ;
#1035 = ORIENTED_EDGE ( 'NONE', *, *, #10, .F. ) ;
#1036 = ADVANCED_BREP_SHAPE_REPRESENTATION ( '', ( #2191, #589 ), #2285 ) ;
#1037 = DIRECTION ( 'NONE',  ( 0.0000000000000000000, 0.0000000000000000000, 1.000000000000000000 ) ) ;
#1038 = PLANE ( 'NONE',  #263 ) ;
#1039 = ORIENTED_EDGE ( 'NONE', *, *, #1781, .F. ) ;
#1040 = CARTESIAN_POINT ( 'NONE',  ( 1.556438241627338126, 1.000000000000000000, 0.1499999999999999944 ) ) ;
#1041 = VERTEX_POINT ( 'NONE', #2281 ) ;
#1042 = EDGE_CURVE ( 'NONE', #2612, #1389, #2898, .T. ) ;
#1043 = FILL_AREA_STYLE_COLOUR ( '', #1927 ) ;
#1044 = ORIENTED_EDGE ( 'NONE', *, *, #1267, .F. ) ;
#1045 = AXIS2_PLACEMENT_3D ( 'NONE', #2187, #1954, #749 ) ;
#1046 = CYLINDRICAL_SURFACE ( 'NONE', #1098, 0.3999999999999999667 ) ;
#1047 = CARTESIAN_POINT ( 'NONE',  ( -1.849999999999998535, -1.850000000000000311, 1.750000000000000000 ) ) ;
#1048 = CARTESIAN_POINT ( 'NONE',  ( 0.8999999999999983569, -2.250000000000000888, -0.6000000000000000888 ) ) ;
#1049 = EDGE_CURVE ( 'NONE', #808, #2109, #2315, .T. ) ;
#1050 = LINE ( 'NONE', #1291, #1698 ) ;
#1051 = VERTEX_POINT ( 'NONE', #2711 ) ;
#1052 = VECTOR ( 'NONE', #77, 1000.000000000000000 ) ;
#1053 = CARTESIAN_POINT ( 'NONE',  ( 0.8999999999999983569, -2.250000000000000888, -0.6000000000000000888 ) ) ;
#1054 = DIRECTION ( 'NONE',  ( -1.000000000000000000, 0.0000000000000000000, 0.0000000000000000000 ) ) ;
#1055 = LINE ( 'NONE', #2119, #2437 ) ;
#1056 = FACE_OUTER_BOUND ( 'NONE', #1186, .T. ) ;
#1057 = FACE_OUTER_BOUND ( 'NONE', #566, .T. ) ;
#1058 = ADVANCED_FACE ( 'NONE', ( #1056 ), #2323, .F. ) ;
#1059 = AXIS2_PLACEMENT_3D ( 'NONE', #2886, #1904, #941 ) ;
#1060 = VECTOR ( 'NONE', #901, 1000.000000000000000 ) ;
#1061 = CARTESIAN_POINT ( 'NONE',  ( 0.8999999999999994671, 2.250000000000000000, -0.6000000000000000888 ) ) ;
#1062 = ORIENTED_EDGE ( 'NONE', *, *, #2228, .F. ) ;
#1063 = CARTESIAN_POINT ( 'NONE',  ( 0.3500000000000007550, -3.900000000000000355, -0.1250000000000000000 ) ) ;
#1064 = ORIENTED_EDGE ( 'NONE', *, *, #2588, .T. ) ;
#1065 = EDGE_CURVE ( 'NONE', #772, #1528, #692, .T. ) ;
#1066 = ORIENTED_EDGE ( 'NONE', *, *, #153, .F. ) ;
#1067 = EDGE_CURVE ( 'NONE', #2798, #1158, #899, .T. ) ;
#1068 = SURFACE_STYLE_USAGE ( .BOTH. , #2279 ) ;
#1069 = ADVANCED_FACE ( 'NONE', ( #2781 ), #848, .F. ) ;
#1070 = ORIENTED_EDGE ( 'NONE', *, *, #911, .F. ) ;
#1071 = CARTESIAN_POINT ( 'NONE',  ( -1.849999999999999645, 2.250000000000001776, 0.1499999999999999112 ) ) ;
#1072 = EDGE_LOOP ( 'NONE', ( #931, #776, #2215, #780 ) ) ;
#1073 = ORIENTED_EDGE ( 'NONE', *, *, #907, .T. ) ;
#1074 = SHAPE_REPRESENTATION ( 'SW_Tactile_PUSH_Angled_4.5mm_H5.5mm_TS_C017', ( #1690, #1520, #2017, #283, #1565, #2883 ), #2176 ) ;
#1075 =( GEOMETRIC_REPRESENTATION_CONTEXT ( 3 ) GLOBAL_UNCERTAINTY_ASSIGNED_CONTEXT ( ( #49 ) ) GLOBAL_UNIT_ASSIGNED_CONTEXT ( ( #1381, #410, #2345 ) ) REPRESENTATION_CONTEXT ( 'NONE', 'WORKASPACE' ) );
#1076 = UNCERTAINTY_MEASURE_WITH_UNIT (LENGTH_MEASURE( 1.000000000000000082E-05 ), #3153, 'distance_accuracy_value', 'NONE');
#1077 = AXIS2_PLACEMENT_3D ( 'NONE', #2248, #1516, #2032 ) ;
#1078 = ORIENTED_EDGE ( 'NONE', *, *, #2186, .T. ) ;
#1079 = CARTESIAN_POINT ( 'NONE',  ( -1.849999999999999423, 1.849999999999999423, 0.0000000000000000000 ) ) ;
#1080 = CARTESIAN_POINT ( 'NONE',  ( 0.9999999999999997780, 1.949999999999999956, 0.0000000000000000000 ) ) ;
#1081 = VERTEX_POINT ( 'NONE', #1826 ) ;
#1082 = ITEM_DEFINED_TRANSFORMATION ( 'NONE', 'NONE', #1565,  #589 ) ;
#1083 = VERTEX_POINT ( 'NONE', #861 ) ;
#1084 = EDGE_CURVE ( 'NONE', #3083, #3073, #2117, .T. ) ;
#1085 = VECTOR ( 'NONE', #2801, 1000.000000000000000 ) ;
#1086 = VECTOR ( 'NONE', #973, 1000.000000000000000 ) ;
#1087 = ORIENTED_EDGE ( 'NONE', *, *, #948, .F. ) ;
#1088 = CARTESIAN_POINT ( 'NONE',  ( 2.249999999999999112, 0.8999999999999989120, -0.8000000000000000444 ) ) ;
#1089 = FACE_BOUND ( 'NONE', #1410, .T. ) ;
#1090 = CIRCLE ( 'NONE', #2439, 1.850000000000000089 ) ;
#1091 =( NAMED_UNIT ( * ) PLANE_ANGLE_UNIT ( ) SI_UNIT ( $, .RADIAN. ) );
#1092 = APPLICATION_PROTOCOL_DEFINITION ( 'draft international standard', 'automotive_design', 1998, #454 ) ;
#1093 = LINE ( 'NONE', #2979, #1282 ) ;
#1094 = VECTOR ( 'NONE', #480, 1000.000000000000000 ) ;
#1095 = CIRCLE ( 'NONE', #1337, 0.4250000000000000444 ) ;
#1096 = SURFACE_SIDE_STYLE ('',( #183 ) ) ;
#1097 = DIRECTION ( 'NONE',  ( -1.000000000000000000, 1.172110456741086321E-16, 0.0000000000000000000 ) ) ;
#1098 = AXIS2_PLACEMENT_3D ( 'NONE', #2940, #266, #2688 ) ;
#1099 = LINE ( 'NONE', #1080, #2441 ) ;
#1100 = VERTEX_POINT ( 'NONE', #3076 ) ;
#1101 = DIRECTION ( 'NONE',  ( -1.000000000000000000, 0.0000000000000000000, 0.0000000000000000000 ) ) ;
#1102 = VERTEX_POINT ( 'NONE', #2658 ) ;
#1103 = CARTESIAN_POINT ( 'NONE',  ( -2.249999999999998668, -1.850000000000000311, -0.8000000000000000444 ) ) ;
#1104 = DIRECTION ( 'NONE',  ( -0.0000000000000000000, -0.0000000000000000000, -1.000000000000000000 ) ) ;
#1105 = AXIS2_PLACEMENT_3D ( 'NONE', #2217, #775, #2722 ) ;
#1106 = ORIENTED_EDGE ( 'NONE', *, *, #2918, .T. ) ;
#1107 = CARTESIAN_POINT ( 'NONE',  ( 2.249999999999999556, 1.849999999999999867, 0.1250000000000000000 ) ) ;
#1108 = ORIENTED_EDGE ( 'NONE', *, *, #677, .T. ) ;
#1109 = EDGE_CURVE ( 'NONE', #242, #2099, #424, .T. ) ;
#1110 = DIRECTION ( 'NONE',  ( -1.000000000000000000, 0.0000000000000000000, 0.0000000000000000000 ) ) ;
#1111 = DIRECTION ( 'NONE',  ( 0.0000000000000000000, 0.0000000000000000000, 1.000000000000000000 ) ) ;
#1112 = ORIENTED_EDGE ( 'NONE', *, *, #2548, .F. ) ;
#1113 = CARTESIAN_POINT ( 'NONE',  ( -1.849999999999999423, 1.849999999999999423, -0.8000000000000000444 ) ) ;
#1114 = EDGE_LOOP ( 'NONE', ( #525 ) ) ;
#1115 = CARTESIAN_POINT ( 'NONE',  ( -1.149999999999999467, 2.250000000000001332, 0.1499999999999999944 ) ) ;
#1116 = CARTESIAN_POINT ( 'NONE',  ( -1.849999999999999423, -1.849999999999999867, -0.1250000000000000000 ) ) ;
#1117 = EDGE_LOOP ( 'NONE', ( #2064 ) ) ;
#1118 = ORIENTED_EDGE ( 'NONE', *, *, #3158, .F. ) ;
#1119 = CARTESIAN_POINT ( 'NONE',  ( -1.000000000000000222, 1.949999999999999956, 1.750000000000000000 ) ) ;
#1120 = VECTOR ( 'NONE', #255, 1000.000000000000000 ) ;
#1121 = VERTEX_POINT ( 'NONE', #186 ) ;
#1122 = EDGE_CURVE ( 'NONE', #1007, #329, #2075, .T. ) ;
#1123 = DIRECTION ( 'NONE',  ( 1.000000000000000000, 7.350523203291556237E-17, 0.0000000000000000000 ) ) ;
#1124 = VECTOR ( 'NONE', #1392, 1000.000000000000000 ) ;
#1125 = VECTOR ( 'NONE', #661, 1000.000000000000000 ) ;
#1126 = SHAPE_REPRESENTATION_RELATIONSHIP ( 'NONE' , 'NONE' ,  #99, #1036 ) ;
#1127 = VECTOR ( 'NONE', #2516, 1000.000000000000000 ) ;
#1128 = EDGE_CURVE ( 'NONE', #307, #307, #1313, .T. ) ;
#1129 = DIRECTION ( 'NONE',  ( -0.0000000000000000000, -0.0000000000000000000, -1.000000000000000000 ) ) ;
#1130 = VECTOR ( 'NONE', #3122, 1000.000000000000000 ) ;
#1131 = TOROIDAL_SURFACE ( 'NONE', #1867, 0.1729894334335608796, 0.2000000000000000111 ) ;
#1132 = AXIS2_PLACEMENT_3D ( 'NONE', #869, #1111, #3072 ) ;
#1133 = DIRECTION ( 'NONE',  ( 1.239088197126290324E-16, 1.000000000000000000, -0.0000000000000000000 ) ) ;
#1134 = DIRECTION ( 'NONE',  ( -0.0000000000000000000, -0.0000000000000000000, -1.000000000000000000 ) ) ;
#1135 = DIRECTION ( 'NONE',  ( 1.000000000000000000, 0.0000000000000000000, 0.0000000000000000000 ) ) ;
#1136 = CARTESIAN_POINT ( 'NONE',  ( 0.0000000000000000000, 0.0000000000000000000, 0.0000000000000000000 ) ) ;
#1137 = CIRCLE ( 'NONE', #1132, 1.449999999999999956 ) ;
#1138 = SURFACE_STYLE_USAGE ( .BOTH. , #2313 ) ;
#1139 = ORIENTED_EDGE ( 'NONE', *, *, #1350, .F. ) ;
#1140 = ORIENTED_EDGE ( 'NONE', *, *, #1411, .F. ) ;
#1141 = DIRECTION ( 'NONE',  ( 0.0000000000000000000, -0.0000000000000000000, -1.000000000000000000 ) ) ;
#1142 = ORIENTED_EDGE ( 'NONE', *, *, #2847, .F. ) ;
#1143 = DIRECTION ( 'NONE',  ( 1.000000000000000000, 0.0000000000000000000, 0.0000000000000000000 ) ) ;
#1144 = EDGE_LOOP ( 'NONE', ( #1866, #1062, #2212, #724 ) ) ;
#1145 = CARTESIAN_POINT ( 'NONE',  ( -0.3499999999999992562, -3.250000000000000000, 0.0000000000000000000 ) ) ;
#1146 = EDGE_CURVE ( 'NONE', #1694, #3006, #763, .T. ) ;
#1147 = EDGE_CURVE ( 'NONE', #2286, #2501, #27, .T. ) ;
#1148 = ORIENTED_EDGE ( 'NONE', *, *, #223, .T. ) ;
#1149 = DIRECTION ( 'NONE',  ( -1.000000000000000000, 0.0000000000000000000, 0.0000000000000000000 ) ) ;
#1150 = CARTESIAN_POINT ( 'NONE',  ( 1.849999999999999423, 2.250000000000000444, 0.1499999999999999667 ) ) ;
#1151 = VERTEX_POINT ( 'NONE', #707 ) ;
#1152 = CARTESIAN_POINT ( 'NONE',  ( -1.649999999999999911, 1.649999999999999911, -0.1250000000000000000 ) ) ;
#1153 = DIRECTION ( 'NONE',  ( -1.606225440719265381E-16, -1.000000000000000000, -0.0000000000000000000 ) ) ;
#1154 = SURFACE_STYLE_USAGE ( .BOTH. , #1873 ) ;
#1155 = ORIENTED_EDGE ( 'NONE', *, *, #2193, .T. ) ;
#1156 = CARTESIAN_POINT ( 'NONE',  ( -1.149999999999999467, 2.250000000000001332, 0.1499999999999999944 ) ) ;
#1157 = APPLICATION_CONTEXT ( 'automotive_design' ) ;
#1158 = VERTEX_POINT ( 'NONE', #2845 ) ;
#1159 = DIRECTION ( 'NONE',  ( 1.000000000000000000, 1.172110456741086321E-16, 0.0000000000000000000 ) ) ;
#1160 = ORIENTED_EDGE ( 'NONE', *, *, #179, .T. ) ;
#1161 = AXIS2_PLACEMENT_3D ( 'NONE', #2364, #905, #1143 ) ;
#1162 = LINE ( 'NONE', #916, #2973 ) ;
#1163 = VECTOR ( 'NONE', #934, 1000.000000000000000 ) ;
#1164 = VERTEX_POINT ( 'NONE', #556 ) ;
#1165 = CARTESIAN_POINT ( 'NONE',  ( 0.3500000000000006439, -3.250000000000000000, 0.0000000000000000000 ) ) ;
#1166 = VECTOR ( 'NONE', #2599, 1000.000000000000000 ) ;
#1167 = LINE ( 'NONE', #2157, #733 ) ;
#1168 = LINE ( 'NONE', #2981, #111 ) ;
#1169 = VECTOR ( 'NONE', #1754, 1000.000000000000000 ) ;
#1170 = DIRECTION ( 'NONE',  ( -1.000000000000000000, 0.0000000000000000000, 0.0000000000000000000 ) ) ;
#1171 = DIRECTION ( 'NONE',  ( -1.000000000000000000, 0.0000000000000000000, 0.0000000000000000000 ) ) ;
#1172 = LINE ( 'NONE', #1406, #551 ) ;
#1173 = VECTOR ( 'NONE', #2348, 1000.000000000000000 ) ;
#1174 = EDGE_CURVE ( 'NONE', #2484, #3083, #1394, .T. ) ;
#1175 = CARTESIAN_POINT ( 'NONE',  ( 1.849999999999999423, -2.250000000000000444, 1.750000000000000000 ) ) ;
#1176 = CARTESIAN_POINT ( 'NONE',  ( -1.149999999999999467, 2.250000000000001332, -0.1000000000000000194 ) ) ;
#1177 = AXIS2_PLACEMENT_3D ( 'NONE', #1179, #2846, #1647 ) ;
#1178 = SURFACE_STYLE_FILL_AREA ( #602 ) ;
#1179 = CARTESIAN_POINT ( 'NONE',  ( 1.650000000000000133, -1.649999999999999689, -0.1250000000000000000 ) ) ;
#1180 = ORIENTED_EDGE ( 'NONE', *, *, #1476, .F. ) ;
#1181 = DIRECTION ( 'NONE',  ( 2.502005013428087573E-16, -1.000000000000000000, -0.0000000000000000000 ) ) ;
#1182 = EDGE_LOOP ( 'NONE', ( #2374, #2033, #1922, #605, #2989, #679 ) ) ;
#1183 = DIRECTION ( 'NONE',  ( -7.350523203291556237E-17, 1.000000000000000000, -0.0000000000000000000 ) ) ;
#1184 = DIRECTION ( 'NONE',  ( 7.350523203291556237E-17, -1.000000000000000000, 0.0000000000000000000 ) ) ;
#1185 = AXIS2_PLACEMENT_3D ( 'NONE', #483, #700, #722 ) ;
#1186 = EDGE_LOOP ( 'NONE', ( #2130, #2800, #788, #1422 ) ) ;
#1187 = ADVANCED_FACE ( 'NONE', ( #541 ), #2124, .T. ) ;
#1188 = EDGE_CURVE ( 'NONE', #1793, #479, #1883, .T. ) ;
#1189 = ORIENTED_EDGE ( 'NONE', *, *, #2608, .F. ) ;
#1190 = PLANE ( 'NONE',  #2791 ) ;
#1191 = EDGE_LOOP ( 'NONE', ( #2289 ) ) ;
#1192 = EDGE_CURVE ( 'NONE', #1301, #1633, #2546, .T. ) ;
#1193 = APPLICATION_PROTOCOL_DEFINITION ( 'draft international standard', 'automotive_design', 1998, #676 ) ;
#1194 = DIRECTION ( 'NONE',  ( -0.0000000000000000000, -0.0000000000000000000, -1.000000000000000000 ) ) ;
#1195 = EDGE_LOOP ( 'NONE', ( #1329 ) ) ;
#1196 = ORIENTED_EDGE ( 'NONE', *, *, #545, .T. ) ;
#1197 = CARTESIAN_POINT ( 'NONE',  ( -1.556438241627338126, 1.000000000000000000, 1.750000000000000000 ) ) ;
#1198 = DIRECTION ( 'NONE',  ( -1.000000000000000000, 0.0000000000000000000, 0.0000000000000000000 ) ) ;
#1199 = EDGE_CURVE ( 'NONE', #1419, #1494, #615, .T. ) ;
#1200 = EDGE_LOOP ( 'NONE', ( #2153 ) ) ;
#1201 = DIRECTION ( 'NONE',  ( 1.000000000000000000, 0.0000000000000000000, 0.0000000000000000000 ) ) ;
#1202 = ADVANCED_FACE ( 'NONE', ( #686, #2934 ), #825, .F. ) ;
#1203 = LINE ( 'NONE', #2302, #182 ) ;
#1204 = EDGE_LOOP ( 'NONE', ( #2534 ) ) ;
#1205 = CARTESIAN_POINT ( 'NONE',  ( 2.250000000000000000, -1.849999999999999645, 1.750000000000000000 ) ) ;
#1206 = FACE_OUTER_BOUND ( 'NONE', #1263, .T. ) ;
#1207 = VERTEX_POINT ( 'NONE', #573 ) ;
#1208 = FACE_OUTER_BOUND ( 'NONE', #572, .T. ) ;
#1209 = PLANE ( 'NONE',  #361 ) ;
#1210 = FACE_OUTER_BOUND ( 'NONE', #2181, .T. ) ;
#1211 = CIRCLE ( 'NONE', #2761, 0.3999999999999999667 ) ;
#1212 = AXIS2_PLACEMENT_3D ( 'NONE', #35, #511, #757 ) ;
#1213 = CARTESIAN_POINT ( 'NONE',  ( -1.849999999999999423, 2.250000000000000000, 1.750000000000000000 ) ) ;
#1214 = EDGE_CURVE ( 'NONE', #2714, #329, #1921, .T. ) ;
#1215 = CARTESIAN_POINT ( 'NONE',  ( -1.949999999999999956, 1.000000000000000000, 1.750000000000000000 ) ) ;
#1216 = EDGE_LOOP ( 'NONE', ( #455 ) ) ;
#1217 = ADVANCED_FACE ( 'NONE', ( #3094 ), #1628, .F. ) ;
#1218 = CARTESIAN_POINT ( 'NONE',  ( 0.3500000000000004774, -2.250000000000000000, -0.1250000000000000000 ) ) ;
#1219 = ORIENTED_EDGE ( 'NONE', *, *, #1414, .F. ) ;
#1220 = ORIENTED_EDGE ( 'NONE', *, *, #392, .F. ) ;
#1221 = CARTESIAN_POINT ( 'NONE',  ( -0.3500000000000008660, 3.250000000000000000, 0.2500000000000000000 ) ) ;
#1222 = EDGE_LOOP ( 'NONE', ( #604 ) ) ;
#1223 = ORIENTED_EDGE ( 'NONE', *, *, #290, .F. ) ;
#1224 = CARTESIAN_POINT ( 'NONE',  ( -0.9999999999999995559, -1.950000000000000178, 1.750000000000000000 ) ) ;
#1225 = EDGE_CURVE ( 'NONE', #637, #196, #1352, .T. ) ;
#1226 = ORIENTED_EDGE ( 'NONE', *, *, #1225, .T. ) ;
#1227 = CARTESIAN_POINT ( 'NONE',  ( 1.249999999999984901, -1.649999999999999023, 1.750000000000000000 ) ) ;
#1228 = DIRECTION ( 'NONE',  ( -1.000000000000000000, 6.195440985631453345E-16, 1.161645184805897502E-16 ) ) ;
#1229 = ADVANCED_FACE ( 'NONE', ( #974, #1499 ), #2735, .T. ) ;
#1230 = EDGE_CURVE ( 'NONE', #1950, #1877, #3052, .T. ) ;
#1231 = ORIENTED_EDGE ( 'NONE', *, *, #218, .F. ) ;
#1232 = ORIENTED_EDGE ( 'NONE', *, *, #2087, .F. ) ;
#1233 = DIRECTION ( 'NONE',  ( -0.0000000000000000000, -0.0000000000000000000, -1.000000000000000000 ) ) ;
#1234 = ORIENTED_EDGE ( 'NONE', *, *, #1718, .F. ) ;
#1235 = STYLED_ITEM ( 'NONE', ( #2853 ), #89 ) ;
#1236 = LINE ( 'NONE', #1061, #1471 ) ;
#1237 = VERTEX_POINT ( 'NONE', #323 ) ;
#1238 = CARTESIAN_POINT ( 'NONE',  ( 1.477010566566431704, -1.649999999999999023, 2.250000000000000444 ) ) ;
#1239 = DIRECTION ( 'NONE',  ( -1.000000000000000000, -0.0000000000000000000, -0.0000000000000000000 ) ) ;
#1240 = AXIS2_PLACEMENT_3D ( 'NONE', #1359, #205, #1396 ) ;
#1241 = VECTOR ( 'NONE', #860, 1000.000000000000000 ) ;
#1242 = VECTOR ( 'NONE', #2916, 1000.000000000000000 ) ;
#1243 = CIRCLE ( 'NONE', #37, 0.4000000000000004108 ) ;
#1244 = CARTESIAN_POINT ( 'NONE',  ( -1.649999999999999911, 1.649999999999999911, 2.050000000000000266 ) ) ;
#1245 = CARTESIAN_POINT ( 'NONE',  ( -0.8999999999999994671, -0.8999999999999998002, -0.6000000000000000888 ) ) ;
#1246 = VECTOR ( 'NONE', #1159, 1000.000000000000000 ) ;
#1247 = ADVANCED_FACE ( 'NONE', ( #1734 ), #197, .F. ) ;
#1248 = EDGE_CURVE ( 'NONE', #1296, #1419, #730, .T. ) ;
#1249 = COLOUR_RGB ( '',0.8274509803921568096, 0.8392156862745098200, 0.8274509803921568096 ) ;
#1250 = CARTESIAN_POINT ( 'NONE',  ( 0.8999999999999992450, 0.8999999999999992450, -0.8000000000000000444 ) ) ;
#1251 = CARTESIAN_POINT ( 'NONE',  ( -1.224999999999999645, -1.650000000000000133, -0.1250000000000000000 ) ) ;
#1252 = VERTEX_POINT ( 'NONE', #1218 ) ;
#1253 = CARTESIAN_POINT ( 'NONE',  ( 1.150000000000000355, 2.250000000000001332, -0.09999999999999947820 ) ) ;
#1254 = CARTESIAN_POINT ( 'NONE',  ( -1.849999999999999867, 1.000000000000000000, 0.1499999999999999112 ) ) ;
#1255 = PRODUCT_DEFINITION_SHAPE ( 'NONE', 'NONE',  #3185 ) ;
#1256 = EDGE_LOOP ( 'NONE', ( #1226, #2462, #2094, #142 ) ) ;
#1257 = ORIENTED_EDGE ( 'NONE', *, *, #1042, .F. ) ;
#1258 = AXIS2_PLACEMENT_3D ( 'NONE', #1564, #94, #1540 ) ;
#1259 = DIRECTION ( 'NONE',  ( 5.782411586589361583E-16, 1.000000000000000000, -0.0000000000000000000 ) ) ;
#1260 = PLANE ( 'NONE',  #1105 ) ;
#1261 = ADVANCED_FACE ( 'NONE', ( #342 ), #1046, .T. ) ;
#1262 = ORIENTED_EDGE ( 'NONE', *, *, #3111, .T. ) ;
#1263 = EDGE_LOOP ( 'NONE', ( #1916, #2958, #1841, #1064 ) ) ;
#1264 = PLANE ( 'NONE',  #2366 ) ;
#1265 = ORIENTED_EDGE ( 'NONE', *, *, #1414, .T. ) ;
#1266 = CARTESIAN_POINT ( 'NONE',  ( 1.649999999999999467, 1.650000000000000355, 2.250000000000000444 ) ) ;
#1267 = EDGE_CURVE ( 'NONE', #1884, #1884, #418, .T. ) ;
#1268 = ORIENTED_EDGE ( 'NONE', *, *, #2754, .F. ) ;
#1269 = CARTESIAN_POINT ( 'NONE',  ( -2.050000000000021139, -1.649999999999999689, 1.750000000000000000 ) ) ;
#1270 = DIRECTION ( 'NONE',  ( -0.0000000000000000000, -0.0000000000000000000, -1.000000000000000000 ) ) ;
#1271 = ORIENTED_EDGE ( 'NONE', *, *, #204, .F. ) ;
#1272 = DIRECTION ( 'NONE',  ( 0.0000000000000000000, -1.000000000000000000, 0.0000000000000000000 ) ) ;
#1273 = CIRCLE ( 'NONE', #1426, 0.3499999999999999778 ) ;
#1274 = ORIENTED_EDGE ( 'NONE', *, *, #545, .F. ) ;
#1275 = ADVANCED_FACE ( 'NONE', ( #790 ), #1209, .F. ) ;
#1276 = DIRECTION ( 'NONE',  ( -0.0000000000000000000, -0.0000000000000000000, -1.000000000000000000 ) ) ;
#1277 = AXIS2_PLACEMENT_3D ( 'NONE', #668, #1184, #470 ) ;
#1278 = LINE ( 'NONE', #2102, #2664 ) ;
#1279 = VECTOR ( 'NONE', #2321, 1000.000000000000000 ) ;
#1280 = CARTESIAN_POINT ( 'NONE',  ( 0.0000000000000000000, 0.0000000000000000000, 0.2500000000000000000 ) ) ;
#1281 = DIRECTION ( 'NONE',  ( 7.350523203291556237E-17, -1.000000000000000000, 0.0000000000000000000 ) ) ;
#1282 = VECTOR ( 'NONE', #2556, 1000.000000000000000 ) ;
#1283 = FACE_BOUND ( 'NONE', #1216, .T. ) ;
#1284 = CARTESIAN_POINT ( 'NONE',  ( 1.149999999999999911, -1.449137674618943938, 1.750000000000000000 ) ) ;
#1285 = CARTESIAN_POINT ( 'NONE',  ( -1.949999999999999956, 1.000000000000000000, 1.750000000000000000 ) ) ;
#1286 = LINE ( 'NONE', #557, #1590 ) ;
#1287 = EDGE_CURVE ( 'NONE', #2803, #1494, #2974, .T. ) ;
#1288 = DIRECTION ( 'NONE',  ( 1.000000000000000000, 0.0000000000000000000, 0.0000000000000000000 ) ) ;
#1289 = VECTOR ( 'NONE', #2233, 1000.000000000000000 ) ;
#1290 = EDGE_CURVE ( 'NONE', #1956, #2732, #938, .T. ) ;
#1291 = CARTESIAN_POINT ( 'NONE',  ( -0.9000000000000000222, 0.8999999999999993561, -0.6000000000000000888 ) ) ;
#1292 = ORIENTED_EDGE ( 'NONE', *, *, #2709, .F. ) ;
#1293 = CARTESIAN_POINT ( 'NONE',  ( 0.0000000000000000000, 0.0000000000000000000, 0.1500000000000001887 ) ) ;
#1294 = EDGE_LOOP ( 'NONE', ( #2295, #3070, #166, #1003 ) ) ;
#1295 = CARTESIAN_POINT ( 'NONE',  ( 1.000000000000000000, 1.556438241627338126, 1.750000000000000000 ) ) ;
#1296 = VERTEX_POINT ( 'NONE', #216 ) ;
#1297 =( GEOMETRIC_REPRESENTATION_CONTEXT ( 3 ) GLOBAL_UNCERTAINTY_ASSIGNED_CONTEXT ( ( #2648 ) ) GLOBAL_UNIT_ASSIGNED_CONTEXT ( ( #1838, #665, #398 ) ) REPRESENTATION_CONTEXT ( 'NONE', 'WORKASPACE' ) );
#1298 = ORIENTED_EDGE ( 'NONE', *, *, #476, .T. ) ;
#1299 = AXIS2_PLACEMENT_3D ( 'NONE', #1711, #262, #1450 ) ;
#1300 = DIRECTION ( 'NONE',  ( -1.000000000000000000, 0.0000000000000000000, -0.0000000000000000000 ) ) ;
#1301 = VERTEX_POINT ( 'NONE', #2429 ) ;
#1302 = CARTESIAN_POINT ( 'NONE',  ( 2.250000000000000000, -1.849999999999999645, -0.8000000000000000444 ) ) ;
#1303 = ORIENTED_EDGE ( 'NONE', *, *, #2944, .F. ) ;
#1304 = SURFACE_SIDE_STYLE ('',( #2776 ) ) ;
#1305 = ADVANCED_FACE ( 'NONE', ( #141 ), #1474, .F. ) ;
#1306 = CARTESIAN_POINT ( 'NONE',  ( 1.000000000000000444, -1.949999999999999734, 1.750000000000000000 ) ) ;
#1307 = ORIENTED_EDGE ( 'NONE', *, *, #433, .F. ) ;
#1308 = EDGE_CURVE ( 'NONE', #2657, #823, #2349, .T. ) ;
#1309 = ORIENTED_EDGE ( 'NONE', *, *, #3154, .F. ) ;
#1310 = CARTESIAN_POINT ( 'NONE',  ( -1.849999999999999423, 2.250000000000000444, -0.1250000000000000000 ) ) ;
#1311 = LINE ( 'NONE', #1088, #1279 ) ;
#1312 = PRODUCT_CONTEXT ( 'NONE', #454, 'mechanical' ) ;
#1313 = CIRCLE ( 'NONE', #403, 0.4250000000000000444 ) ;
#1314 = VECTOR ( 'NONE', #667, 1000.000000000000000 ) ;
#1315 = DIRECTION ( 'NONE',  ( 1.000000000000000000, 5.509692694577703339E-16, -0.0000000000000000000 ) ) ;
#1316 = DIRECTION ( 'NONE',  ( 1.000000000000000000, -5.782411586589361583E-16, 0.0000000000000000000 ) ) ;
#1317 = VECTOR ( 'NONE', #1570, 1000.000000000000000 ) ;
#1318 = LINE ( 'NONE', #319, #1701 ) ;
#1319 = VECTOR ( 'NONE', #2156, 1000.000000000000000 ) ;
#1320 = CARTESIAN_POINT ( 'NONE',  ( -2.249999999999998668, -1.850000000000000533, 0.1250000000000000000 ) ) ;
#1321 = AXIS2_PLACEMENT_3D ( 'NONE', #449, #172, #1141 ) ;
#1322 = FACE_OUTER_BOUND ( 'NONE', #517, .T. ) ;
#1323 = FACE_OUTER_BOUND ( 'NONE', #2719, .T. ) ;
#1324 = CYLINDRICAL_SURFACE ( 'NONE', #354, 1.449999999999999956 ) ;
#1325 = DIRECTION ( 'NONE',  ( 0.0000000000000000000, 1.000000000000000000, 0.0000000000000000000 ) ) ;
#1326 = ORIENTED_EDGE ( 'NONE', *, *, #1192, .T. ) ;
#1327 = EDGE_CURVE ( 'NONE', #1580, #308, #1654, .T. ) ;
#1328 = PLANE ( 'NONE',  #2578 ) ;
#1329 = ORIENTED_EDGE ( 'NONE', *, *, #2900, .T. ) ;
#1330 = EDGE_CURVE ( 'NONE', #178, #709, #2269, .T. ) ;
#1331 = CARTESIAN_POINT ( 'NONE',  ( -0.9000000000000000222, 0.8999999999999993561, -0.8000000000000000444 ) ) ;
#1332 = DIRECTION ( 'NONE',  ( -1.000000000000000000, 0.0000000000000000000, 0.0000000000000000000 ) ) ;
#1333 = CLOSED_SHELL ( 'NONE', ( #1800, #1562, #793, #2994, #1788, #2240, #753, #2758, #1247 ) ) ;
#1334 = ORIENTED_EDGE ( 'NONE', *, *, #1330, .F. ) ;
#1335 = CARTESIAN_POINT ( 'NONE',  ( 1.150000000000000355, 2.250000000000001332, -0.09999999999999947820 ) ) ;
#1336 = DIRECTION ( 'NONE',  ( -1.000000000000000000, -5.509692694577703339E-16, 0.0000000000000000000 ) ) ;
#1337 = AXIS2_PLACEMENT_3D ( 'NONE', #945, #2421, #741 ) ;
#1338 = VERTEX_POINT ( 'NONE', #505 ) ;
#1339 =( LENGTH_UNIT ( ) NAMED_UNIT ( * ) SI_UNIT ( .MILLI., .METRE. ) );
#1340 = AXIS2_PLACEMENT_3D ( 'NONE', #194, #1183, #2616 ) ;
#1341 = EDGE_LOOP ( 'NONE', ( #575, #2453, #23, #569 ) ) ;
#1342 = CARTESIAN_POINT ( 'NONE',  ( 1.849999999999999423, 2.250000000000000444, 1.750000000000000000 ) ) ;
#1343 = DIRECTION ( 'NONE',  ( 0.0000000000000000000, 0.0000000000000000000, 1.000000000000000000 ) ) ;
#1344 = EDGE_LOOP ( 'NONE', ( #2136, #2652, #822, #416 ) ) ;
#1345 = EDGE_CURVE ( 'NONE', #2996, #1389, #2815, .T. ) ;
#1346 = DIRECTION ( 'NONE',  ( -1.000000000000000000, 0.0000000000000000000, 0.0000000000000000000 ) ) ;
#1347 = DIRECTION ( 'NONE',  ( -5.509692694577703339E-16, 1.000000000000000000, 0.0000000000000000000 ) ) ;
#1348 = UNCERTAINTY_MEASURE_WITH_UNIT (LENGTH_MEASURE( 1.000000000000000082E-05 ), #3054, 'distance_accuracy_value', 'NONE');
#1349 = ORIENTED_EDGE ( 'NONE', *, *, #1230, .F. ) ;
#1350 = EDGE_CURVE ( 'NONE', #1790, #3087, #3014, .T. ) ;
#1351 = CARTESIAN_POINT ( 'NONE',  ( -1.849999999999999423, 2.250000000000000444, 0.1250000000000000000 ) ) ;
#1352 = LINE ( 'NONE', #1420, #2190 ) ;
#1353 = ORIENTED_EDGE ( 'NONE', *, *, #581, .T. ) ;
#1354 = FACE_OUTER_BOUND ( 'NONE', #2817, .T. ) ;
#1355 = LINE ( 'NONE', #138, #465 ) ;
#1356 = PLANE ( 'NONE',  #603 ) ;
#1357 = LINE ( 'NONE', #1490, #1619 ) ;
#1358 = LINE ( 'NONE', #2148, #280 ) ;
#1359 = CARTESIAN_POINT ( 'NONE',  ( -0.8999999999999994671, -0.8999999999999998002, -0.6000000000000000888 ) ) ;
#1360 = CARTESIAN_POINT ( 'NONE',  ( -1.849999999999998535, -1.850000000000000311, -0.8000000000000000444 ) ) ;
#1361 = AXIS2_PLACEMENT_3D ( 'NONE', #883, #2569, #3092 ) ;
#1362 = FACE_OUTER_BOUND ( 'NONE', #2867, .T. ) ;
#1363 = DIRECTION ( 'NONE',  ( -1.239088197126290324E-16, -1.000000000000000000, 0.0000000000000000000 ) ) ;
#1364 = ORIENTED_EDGE ( 'NONE', *, *, #1715, .F. ) ;
#1365 = DIRECTION ( 'NONE',  ( 2.168404344971008868E-16, -1.000000000000000000, 0.0000000000000000000 ) ) ;
#1366 = EDGE_CURVE ( 'NONE', #2054, #1102, #1538, .T. ) ;
#1367 = ADVANCED_BREP_SHAPE_REPRESENTATION ( '', ( #282, #589 ), #2455 ) ;
#1368 = VERTEX_POINT ( 'NONE', #2667 ) ;
#1369 = DIRECTION ( 'NONE',  ( 0.0000000000000000000, 0.0000000000000000000, 1.000000000000000000 ) ) ;
#1370 = ORIENTED_EDGE ( 'NONE', *, *, #1940, .F. ) ;
#1371 = DIRECTION ( 'NONE',  ( -1.161645184805897256E-16, 1.439380837741575982E-32, 1.000000000000000000 ) ) ;
#1372 = ORIENTED_EDGE ( 'NONE', *, *, #1128, .T. ) ;
#1373 = EDGE_CURVE ( 'NONE', #1081, #1041, #1696, .T. ) ;
#1374 = DIRECTION ( 'NONE',  ( -0.0000000000000000000, -0.0000000000000000000, -1.000000000000000000 ) ) ;
#1375 = DIRECTION ( 'NONE',  ( -1.000000000000000000, 0.0000000000000000000, 0.0000000000000000000 ) ) ;
#1376 = DIRECTION ( 'NONE',  ( -1.000000000000000000, 0.0000000000000000000, 0.0000000000000000000 ) ) ;
#1377 = EDGE_LOOP ( 'NONE', ( #631, #98, #2292, #1160, #3177, #2416 ) ) ;
#1378 = DIRECTION ( 'NONE',  ( 0.0000000000000000000, 0.0000000000000000000, 1.000000000000000000 ) ) ;
#1379 = CARTESIAN_POINT ( 'NONE',  ( 1.949999999999999734, 1.000000000000000222, 0.0000000000000000000 ) ) ;
#1380 = ORIENTED_EDGE ( 'NONE', *, *, #636, .T. ) ;
#1381 =( LENGTH_UNIT ( ) NAMED_UNIT ( * ) SI_UNIT ( .MILLI., .METRE. ) );
#1382 = AXIS2_PLACEMENT_3D ( 'NONE', #2631, #1407, #1001 ) ;
#1383 = FILL_AREA_STYLE ('',( #1043 ) ) ;
#1384 = DIRECTION ( 'NONE',  ( 1.000000000000000000, 0.0000000000000000000, 1.172110456741085828E-16 ) ) ;
#1385 = ORIENTED_EDGE ( 'NONE', *, *, #10, .T. ) ;
#1386 = ORIENTED_EDGE ( 'NONE', *, *, #1024, .F. ) ;
#1387 = CARTESIAN_POINT ( 'NONE',  ( -0.3499999999999994227, -2.250000000000000000, 0.1250000000000000000 ) ) ;
#1388 = VECTOR ( 'NONE', #106, 1000.000000000000000 ) ;
#1389 = VERTEX_POINT ( 'NONE', #1917 ) ;
#1390 = DIRECTION ( 'NONE',  ( 1.000000000000000000, 0.0000000000000000000, -0.0000000000000000000 ) ) ;
#1391 = EDGE_CURVE ( 'NONE', #3073, #1102, #894, .T. ) ;
#1392 = DIRECTION ( 'NONE',  ( -1.000000000000000000, -2.168404344971008868E-16, 0.0000000000000000000 ) ) ;
#1393 = LINE ( 'NONE', #968, #3051 ) ;
#1394 = LINE ( 'NONE', #2868, #3134 ) ;
#1395 = EDGE_CURVE ( 'NONE', #819, #488, #2584, .T. ) ;
#1396 = DIRECTION ( 'NONE',  ( 1.000000000000000000, -2.409338161078899674E-16, 0.0000000000000000000 ) ) ;
#1397 = LINE ( 'NONE', #1560, #2626 ) ;
#1398 = FACE_OUTER_BOUND ( 'NONE', #1114, .T. ) ;
#1399 = CARTESIAN_POINT ( 'NONE',  ( 1.850000000000000311, -1.849999999999999423, -0.1250000000000000000 ) ) ;
#1400 = DIRECTION ( 'NONE',  ( 0.0000000000000000000, 0.0000000000000000000, 1.000000000000000000 ) ) ;
#1401 = FACE_OUTER_BOUND ( 'NONE', #523, .T. ) ;
#1402 = FACE_OUTER_BOUND ( 'NONE', #2542, .T. ) ;
#1403 = CARTESIAN_POINT ( 'NONE',  ( 0.0000000000000000000, -0.1250000000000001110, 2.250000000000000000 ) ) ;
#1404 = MECHANICAL_DESIGN_GEOMETRIC_PRESENTATION_REPRESENTATION (  '', ( #44 ), #1297 ) ;
#1405 = SURFACE_STYLE_FILL_AREA ( #2571 ) ;
#1406 = CARTESIAN_POINT ( 'NONE',  ( -1.149999999999999467, 2.250000000000001332, -0.1000000000000000194 ) ) ;
#1407 = DIRECTION ( 'NONE',  ( 1.161645184805897256E-16, -1.439380837741575982E-32, 1.000000000000000000 ) ) ;
#1408 = ORIENTED_EDGE ( 'NONE', *, *, #1875, .F. ) ;
#1409 = CARTESIAN_POINT ( 'NONE',  ( -0.8141393425958249885, 2.949999999999999289, 0.0000000000000000000 ) ) ;
#1410 = EDGE_LOOP ( 'NONE', ( #2615 ) ) ;
#1411 = EDGE_CURVE ( 'NONE', #9, #2495, #2507, .T. ) ;
#1412 = ORIENTED_EDGE ( 'NONE', *, *, #2814, .T. ) ;
#1413 = DIRECTION ( 'NONE',  ( 1.000000000000000000, 0.0000000000000000000, -1.172110456741085828E-16 ) ) ;
#1414 = EDGE_CURVE ( 'NONE', #2924, #1301, #2229, .T. ) ;
#1415 = DIRECTION ( 'NONE',  ( 0.0000000000000000000, -1.000000000000000000, 0.0000000000000000000 ) ) ;
#1416 = ORIENTED_EDGE ( 'NONE', *, *, #2744, .F. ) ;
#1417 = CARTESIAN_POINT ( 'NONE',  ( -1.000000000000000222, 1.949999999999999956, 0.0000000000000000000 ) ) ;
#1418 = CARTESIAN_POINT ( 'NONE',  ( 1.150000000000000133, -1.449137674618943938, 0.0000000000000000000 ) ) ;
#1419 = VERTEX_POINT ( 'NONE', #1013 ) ;
#1420 = CARTESIAN_POINT ( 'NONE',  ( -1.849999999999999423, 2.250000000000000444, -0.1250000000000000000 ) ) ;
#1421 = DIRECTION ( 'NONE',  ( 2.344220913482172149E-16, -1.000000000000000000, 0.0000000000000000000 ) ) ;
#1422 = ORIENTED_EDGE ( 'NONE', *, *, #1122, .T. ) ;
#1423 = CARTESIAN_POINT ( 'NONE',  ( -0.8999999999999994671, -0.8999999999999998002, -0.6000000000000000888 ) ) ;
#1424 = ADVANCED_FACE ( 'NONE', ( #498 ), #3175, .T. ) ;
#1425 = PRODUCT_CONTEXT ( 'NONE', #919, 'mechanical' ) ;
#1426 = AXIS2_PLACEMENT_3D ( 'NONE', #554, #803, #1757 ) ;
#1427 = VERTEX_POINT ( 'NONE', #1519 ) ;
#1428 = EDGE_LOOP ( 'NONE', ( #86, #2710, #532, #2486 ) ) ;
#1429 = AXIS2_PLACEMENT_3D ( 'NONE', #68, #2288, #1544 ) ;
#1430 = LINE ( 'NONE', #330, #2004 ) ;
#1431 = COLOUR_RGB ( '',0.6941176470588235059, 0.09803921568627450844, 0.09803921568627450844 ) ;
#1432 = CARTESIAN_POINT ( 'NONE',  ( 0.8999999999999983569, -2.250000000000000888, -0.6000000000000000888 ) ) ;
#1433 = ORIENTED_EDGE ( 'NONE', *, *, #1373, .F. ) ;
#1434 = LINE ( 'NONE', #1379, #796 ) ;
#1435 = VECTOR ( 'NONE', #440, 1000.000000000000000 ) ;
#1436 = AXIS2_PLACEMENT_3D ( 'NONE', #2965, #1708, #292 ) ;
#1437 = DIRECTION ( 'NONE',  ( -0.0000000000000000000, -0.0000000000000000000, -1.000000000000000000 ) ) ;
#1438 = CIRCLE ( 'NONE', #1999, 1.313834756105372481 ) ;
#1439 = VECTOR ( 'NONE', #658, 1000.000000000000000 ) ;
#1440 = EDGE_CURVE ( 'NONE', #599, #1790, #1273, .T. ) ;
#1441 = CARTESIAN_POINT ( 'NONE',  ( -1.149999999999999467, 2.250000000000001332, 0.1499999999999999944 ) ) ;
#1442 = ADVANCED_FACE ( 'NONE', ( #306 ), #2727, .F. ) ;
#1443 = CYLINDRICAL_SURFACE ( 'NONE', #2452, 0.4000000000000001887 ) ;
#1444 = DIRECTION ( 'NONE',  ( 1.000000000000000000, -0.0000000000000000000, 1.161645184805897256E-16 ) ) ;
#1445 =( LENGTH_UNIT ( ) NAMED_UNIT ( * ) SI_UNIT ( .MILLI., .METRE. ) );
#1446 = ORIENTED_EDGE ( 'NONE', *, *, #1650, .T. ) ;
#1447 = DIRECTION ( 'NONE',  ( -1.000000000000000000, 0.0000000000000000000, 0.0000000000000000000 ) ) ;
#1448 = DIRECTION ( 'NONE',  ( -1.172110456741086321E-16, 1.000000000000000000, 0.0000000000000000000 ) ) ;
#1449 = EDGE_LOOP ( 'NONE', ( #2371, #760, #2575, #1380 ) ) ;
#1450 = DIRECTION ( 'NONE',  ( 1.000000000000000000, 0.0000000000000000000, 0.0000000000000000000 ) ) ;
#1451 = EDGE_LOOP ( 'NONE', ( #2000, #219, #448, #2267, #2333, #1140 ) ) ;
#1452 = DIRECTION ( 'NONE',  ( -0.0000000000000000000, -0.0000000000000000000, -1.000000000000000000 ) ) ;
#1453 = DIRECTION ( 'NONE',  ( 1.000000000000000000, 0.0000000000000000000, 0.0000000000000000000 ) ) ;
#1454 = EDGE_CURVE ( 'NONE', #900, #900, #647, .T. ) ;
#1455 = ORIENTED_EDGE ( 'NONE', *, *, #1287, .T. ) ;
#1456 = ORIENTED_EDGE ( 'NONE', *, *, #1878, .F. ) ;
#1457 = EDGE_CURVE ( 'NONE', #2501, #1083, #2071, .T. ) ;
#1458 = PLANE ( 'NONE',  #1832 ) ;
#1459 = ORIENTED_EDGE ( 'NONE', *, *, #2317, .T. ) ;
#1460 = VERTEX_POINT ( 'NONE', #2214 ) ;
#1461 = DIRECTION ( 'NONE',  ( 1.000000000000000000, 7.350523203291556237E-17, 0.0000000000000000000 ) ) ;
#1462 = PRODUCT_DEFINITION_SHAPE ( 'NONE', 'NONE',  #2952 ) ;
#1463 = PRESENTATION_LAYER_ASSIGNMENT (  '', '', ( #2840 ) ) ;
#1464 = ORIENTED_EDGE ( 'NONE', *, *, #2062, .F. ) ;
#1465 = CARTESIAN_POINT ( 'NONE',  ( -1.850000000000000089, -0.9999999999999997780, 0.0000000000000000000 ) ) ;
#1466 = CARTESIAN_POINT ( 'NONE',  ( 2.249999999999998224, -0.9000000000000000222, -0.8000000000000000444 ) ) ;
#1467 = AXIS2_PLACEMENT_3D ( 'NONE', #2177, #1933, #2702 ) ;
#1468 = CIRCLE ( 'NONE', #2841, 0.4250000000000002665 ) ;
#1469 = ORIENTED_EDGE ( 'NONE', *, *, #2418, .T. ) ;
#1470 = CARTESIAN_POINT ( 'NONE',  ( 0.0000000000000000000, 0.0000000000000000000, -0.6000000000000000888 ) ) ;
#1471 = VECTOR ( 'NONE', #592, 1000.000000000000000 ) ;
#1472 = VERTEX_POINT ( 'NONE', #1269 ) ;
#1473 = VECTOR ( 'NONE', #3035, 1000.000000000000000 ) ;
#1474 = PLANE ( 'NONE',  #2242 ) ;
#1475 = LINE ( 'NONE', #824, #190 ) ;
#1476 = EDGE_CURVE ( 'NONE', #1041, #1633, #1578, .T. ) ;
#1477 = CARTESIAN_POINT ( 'NONE',  ( -2.049999999999999822, 1.649999999999999911, 1.750000000000000000 ) ) ;
#1478 = VECTOR ( 'NONE', #3160, 1000.000000000000000 ) ;
#1479 = PLANE ( 'NONE',  #1493 ) ;
#1480 = VECTOR ( 'NONE', #3127, 1000.000000000000000 ) ;
#1481 = DIRECTION ( 'NONE',  ( -0.0000000000000000000, -0.0000000000000000000, -1.000000000000000000 ) ) ;
#1482 = ORIENTED_EDGE ( 'NONE', *, *, #1533, .T. ) ;
#1483 = CARTESIAN_POINT ( 'NONE',  ( 1.849999999999999423, 1.849999999999999867, -0.8000000000000000444 ) ) ;
#1484 = ORIENTED_EDGE ( 'NONE', *, *, #353, .F. ) ;
#1485 = AXIS2_PLACEMENT_3D ( 'NONE', #1399, #2891, #2879 ) ;
#1486 = CARTESIAN_POINT ( 'NONE',  ( -1.649999999999999911, 1.649999999999999911, 0.1250000000000000000 ) ) ;
#1487 = CARTESIAN_POINT ( 'NONE',  ( 1.450000000000000400, 0.0000000000000000000, -0.1250000000000000000 ) ) ;
#1488 = ORIENTED_EDGE ( 'NONE', *, *, #2256, .T. ) ;
#1489 = ORIENTED_EDGE ( 'NONE', *, *, #492, .F. ) ;
#1490 = CARTESIAN_POINT ( 'NONE',  ( -1.149999999999999467, 2.250000000000001332, 0.1499999999999999944 ) ) ;
#1491 = DIRECTION ( 'NONE',  ( 1.000000000000000000, -5.621789042517426491E-16, 0.0000000000000000000 ) ) ;
#1492 = ORIENTED_EDGE ( 'NONE', *, *, #2101, .F. ) ;
#1493 = AXIS2_PLACEMENT_3D ( 'NONE', #2448, #21, #285 ) ;
#1494 = VERTEX_POINT ( 'NONE', #2206 ) ;
#1495 = VERTEX_POINT ( 'NONE', #2737 ) ;
#1496 = ORIENTED_EDGE ( 'NONE', *, *, #2872, .F. ) ;
#1497 = ADVANCED_FACE ( 'NONE', ( #225 ), #53, .F. ) ;
#1498 = ORIENTED_EDGE ( 'NONE', *, *, #1553, .F. ) ;
#1499 = FACE_OUTER_BOUND ( 'NONE', #133, .T. ) ;
#1500 = CARTESIAN_POINT ( 'NONE',  ( -1.849999999999999423, 2.250000000000000000, 1.750000000000000000 ) ) ;
#1501 = PRESENTATION_STYLE_ASSIGNMENT (( #1138 ) ) ;
#1502 = CARTESIAN_POINT ( 'NONE',  ( 1.450000000000000400, 0.0000000000000000000, 0.1250000000000000000 ) ) ;
#1503 = ORIENTED_EDGE ( 'NONE', *, *, #1454, .T. ) ;
#1504 = AXIS2_PLACEMENT_3D ( 'NONE', #2417, #2904, #1149 ) ;
#1505 = CONICAL_SURFACE ( 'NONE', #1895, 0.3999999999999997446, 0.08726646259971666819 ) ;
#1506 = FACE_BOUND ( 'NONE', #1525, .T. ) ;
#1507 = CONICAL_SURFACE ( 'NONE', #694, 0.4000000000000151212, 0.08726646259971666819 ) ;
#1508 = CARTESIAN_POINT ( 'NONE',  ( -1.000000000000000222, 1.949999999999999956, 1.750000000000000000 ) ) ;
#1509 = VECTOR ( 'NONE', #549, 1000.000000000000000 ) ;
#1510 = FACE_OUTER_BOUND ( 'NONE', #3074, .T. ) ;
#1511 = EDGE_CURVE ( 'NONE', #301, #45, #1844, .T. ) ;
#1512 = CARTESIAN_POINT ( 'NONE',  ( -0.8999999999999994671, -0.8999999999999998002, -0.8000000000000000444 ) ) ;
#1513 = EDGE_CURVE ( 'NONE', #2729, #3003, #578, .T. ) ;
#1514 = PLANE ( 'NONE',  #1429 ) ;
#1515 = VERTEX_POINT ( 'NONE', #1959 ) ;
#1516 = DIRECTION ( 'NONE',  ( -7.350523203291556237E-17, 1.000000000000000000, -0.0000000000000000000 ) ) ;
#1517 = CARTESIAN_POINT ( 'NONE',  ( -2.168404344971008621E-16, 2.949999999999999289, 0.0000000000000000000 ) ) ;
#1518 = ORIENTED_EDGE ( 'NONE', *, *, #1391, .T. ) ;
#1519 = CARTESIAN_POINT ( 'NONE',  ( -1.849999999999999201, -2.250000000000000444, 1.750000000000000000 ) ) ;
#1520 = AXIS2_PLACEMENT_3D ( 'NONE', #3066, #2365, #2647 ) ;
#1521 = ORIENTED_EDGE ( 'NONE', *, *, #3068, .F. ) ;
#1522 = AXIS2_PLACEMENT_3D ( 'NONE', #3150, #695, #2380 ) ;
#1523 = CARTESIAN_POINT ( 'NONE',  ( 0.9999999999999997780, 1.949999999999999956, 0.0000000000000000000 ) ) ;
#1524 = ORIENTED_EDGE ( 'NONE', *, *, #2026, .T. ) ;
#1525 = EDGE_LOOP ( 'NONE', ( #437 ) ) ;
#1526 = CARTESIAN_POINT ( 'NONE',  ( 0.0000000000000000000, 0.0000000000000000000, 1.750000000000000000 ) ) ;
#1527 = ADVANCED_FACE ( 'NONE', ( #2151 ), #2504, .F. ) ;
#1528 = VERTEX_POINT ( 'NONE', #1512 ) ;
#1529 = DIRECTION ( 'NONE',  ( 1.000000000000000000, 2.344220913482172149E-16, -0.0000000000000000000 ) ) ;
#1530 = EDGE_CURVE ( 'NONE', #2434, #2434, #1468, .T. ) ;
#1531 = ORIENTED_EDGE ( 'NONE', *, *, #177, .T. ) ;
#1532 = DIRECTION ( 'NONE',  ( -1.000000000000000000, 0.0000000000000000000, 0.0000000000000000000 ) ) ;
#1533 = EDGE_CURVE ( 'NONE', #706, #91, #1203, .T. ) ;
#1534 = ITEM_DEFINED_TRANSFORMATION ( 'NONE', 'NONE', #2017,  #589 ) ;
#1535 = ORIENTED_EDGE ( 'NONE', *, *, #134, .T. ) ;
#1536 = DIRECTION ( 'NONE',  ( -0.0000000000000000000, -0.0000000000000000000, -1.000000000000000000 ) ) ;
#1537 = DIRECTION ( 'NONE',  ( -1.000000000000000000, 0.0000000000000000000, 0.0000000000000000000 ) ) ;
#1538 = LINE ( 'NONE', #717, #1010 ) ;
#1539 = ORIENTED_EDGE ( 'NONE', *, *, #2814, .F. ) ;
#1540 = DIRECTION ( 'NONE',  ( -1.000000000000000000, -7.350523203291556237E-17, 0.0000000000000000000 ) ) ;
#1541 = VECTOR ( 'NONE', #868, 1000.000000000000000 ) ;
#1542 = VERTEX_POINT ( 'NONE', #2998 ) ;
#1543 = LINE ( 'NONE', #2084, #1166 ) ;
#1544 = DIRECTION ( 'NONE',  ( 1.000000000000000000, 0.0000000000000000000, -0.0000000000000000000 ) ) ;
#1545 = VECTOR ( 'NONE', #2344, 1000.000000000000000 ) ;
#1546 = FACE_OUTER_BOUND ( 'NONE', #591, .T. ) ;
#1547 = VECTOR ( 'NONE', #160, 1000.000000000000000 ) ;
#1548 =( LENGTH_UNIT ( ) NAMED_UNIT ( * ) SI_UNIT ( .MILLI., .METRE. ) );
#1549 = ADVANCED_FACE ( 'NONE', ( #2774 ), #1328, .T. ) ;
#1550 = AXIS2_PLACEMENT_3D ( 'NONE', #408, #420, #1847 ) ;
#1551 = CARTESIAN_POINT ( 'NONE',  ( 1.849999999999999423, -2.250000000000000444, 1.750000000000000000 ) ) ;
#1552 = DIRECTION ( 'NONE',  ( 0.0000000000000000000, 1.000000000000000000, 0.0000000000000000000 ) ) ;
#1553 = EDGE_CURVE ( 'NONE', #199, #2499, #1430, .T. ) ;
#1554 = VECTOR ( 'NONE', #2649, 1000.000000000000000 ) ;
#1555 = EDGE_CURVE ( 'NONE', #599, #3119, #2939, .T. ) ;
#1556 = DIRECTION ( 'NONE',  ( -0.0000000000000000000, -0.0000000000000000000, -1.000000000000000000 ) ) ;
#1557 = ORIENTED_EDGE ( 'NONE', *, *, #1327, .T. ) ;
#1558 = VERTEX_POINT ( 'NONE', #2788 ) ;
#1559 =( NAMED_UNIT ( * ) PLANE_ANGLE_UNIT ( ) SI_UNIT ( $, .RADIAN. ) );
#1560 = CARTESIAN_POINT ( 'NONE',  ( 0.3500000000000004774, -2.250000000000000000, 0.1250000000000000000 ) ) ;
#1561 = AXIS2_PLACEMENT_3D ( 'NONE', #2617, #402, #2600 ) ;
#1562 = ADVANCED_FACE ( 'NONE', ( #2783, #688 ), #544, .F. ) ;
#1563 = VERTEX_POINT ( 'NONE', #606 ) ;
#1564 = CARTESIAN_POINT ( 'NONE',  ( 0.0000000000000000000, 0.0000000000000000000, 0.0000000000000000000 ) ) ;
#1565 = AXIS2_PLACEMENT_3D ( 'NONE', #2874, #2614, #1171 ) ;
#1566 = ORIENTED_EDGE ( 'NONE', *, *, #2418, .F. ) ;
#1567 = AXIS2_PLACEMENT_3D ( 'NONE', #2885, #2915, #921 ) ;
#1568 = EDGE_LOOP ( 'NONE', ( #335, #2175, #1831, #2678 ) ) ;
#1569 = EDGE_CURVE ( 'NONE', #2484, #1736, #73, .T. ) ;
#1570 = DIRECTION ( 'NONE',  ( -2.344220913482172149E-16, 1.000000000000000000, 0.0000000000000000000 ) ) ;
#1571 = CARTESIAN_POINT ( 'NONE',  ( 1.649999999999999911, -1.649999999999999023, 2.250000000000000444 ) ) ;
#1572 = VERTEX_POINT ( 'NONE', #3028 ) ;
#1573 = EDGE_CURVE ( 'NONE', #2929, #640, #2701, .T. ) ;
#1574 = DIRECTION ( 'NONE',  ( 1.000000000000000000, 0.0000000000000000000, -0.0000000000000000000 ) ) ;
#1575 = ORIENTED_EDGE ( 'NONE', *, *, #911, .T. ) ;
#1576 = ORIENTED_EDGE ( 'NONE', *, *, #1676, .T. ) ;
#1577 = CARTESIAN_POINT ( 'NONE',  ( -1.149999999999999467, 2.250000000000001332, -0.1000000000000000194 ) ) ;
#1578 = LINE ( 'NONE', #1747, #2660 ) ;
#1579 = VERTEX_POINT ( 'NONE', #1502 ) ;
#1580 = VERTEX_POINT ( 'NONE', #2260 ) ;
#1581 = DIRECTION ( 'NONE',  ( 0.0000000000000000000, 0.0000000000000000000, 1.000000000000000000 ) ) ;
#1582 = DIRECTION ( 'NONE',  ( 5.509692694577703339E-16, -1.000000000000000000, 0.0000000000000000000 ) ) ;
#1583 = FACE_OUTER_BOUND ( 'NONE', #2875, .T. ) ;
#1584 = LINE ( 'NONE', #50, #189 ) ;
#1585 = FACE_OUTER_BOUND ( 'NONE', #1988, .T. ) ;
#1586 = CARTESIAN_POINT ( 'NONE',  ( -1.849999999999999423, -2.250000000000000000, 1.750000000000000000 ) ) ;
#1587 = AXIS2_PLACEMENT_3D ( 'NONE', #2708, #2985, #2464 ) ;
#1588 = LINE ( 'NONE', #1733, #2822 ) ;
#1589 = CARTESIAN_POINT ( 'NONE',  ( -1.849999999999999423, -1.849999999999999867, -0.1250000000000000000 ) ) ;
#1590 = VECTOR ( 'NONE', #2487, 1000.000000000000000 ) ;
#1591 = CARTESIAN_POINT ( 'NONE',  ( -1.799999999999999600, -1.470104640658310261E-17, 0.0000000000000000000 ) ) ;
#1592 = ORIENTED_EDGE ( 'NONE', *, *, #1702, .T. ) ;
#1593 = AXIS2_PLACEMENT_3D ( 'NONE', #2703, #1945, #521 ) ;
#1594 = EDGE_LOOP ( 'NONE', ( #2270, #1353, #515, #2467, #299, #2332, #344, #3116, #1914, #1576, #2563, #933 ) ) ;
#1595 = EDGE_CURVE ( 'NONE', #1237, #1237, #978, .T. ) ;
#1596 = CARTESIAN_POINT ( 'NONE',  ( -0.3499999999999992562, -3.250000000000000000, 0.0000000000000000000 ) ) ;
#1597 = DIRECTION ( 'NONE',  ( 0.0000000000000000000, 0.0000000000000000000, 1.000000000000000000 ) ) ;
#1598 = ORIENTED_EDGE ( 'NONE', *, *, #636, .F. ) ;
#1599 = EDGE_LOOP ( 'NONE', ( #644, #1518, #2113, #2413, #1796, #1902 ) ) ;
#1600 = ORIENTED_EDGE ( 'NONE', *, *, #1411, .T. ) ;
#1601 = SURFACE_STYLE_USAGE ( .BOTH. , #2609 ) ;
#1602 = CARTESIAN_POINT ( 'NONE',  ( -1.849999999999999645, 1.000000000000000000, 0.0000000000000000000 ) ) ;
#1603 = PRODUCT ( 'button_push_5.5mm', 'button_push_5.5mm', '', ( #224 ) ) ;
#1604 = AXIS2_PLACEMENT_3D ( 'NONE', #1621, #2861, #1390 ) ;
#1605 = ORIENTED_EDGE ( 'NONE', *, *, #2168, .F. ) ;
#1606 = DIRECTION ( 'NONE',  ( -0.0000000000000000000, 0.0000000000000000000, -1.000000000000000000 ) ) ;
#1607 = ORIENTED_EDGE ( 'NONE', *, *, #218, .T. ) ;
#1608 = CARTESIAN_POINT ( 'NONE',  ( -1.149999999999999467, 1.449137674618944382, 1.750000000000000000 ) ) ;
#1609 = EDGE_LOOP ( 'NONE', ( #1627 ) ) ;
#1610 = EDGE_CURVE ( 'NONE', #9, #791, #2512, .T. ) ;
#1611 = CARTESIAN_POINT ( 'NONE',  ( -2.249999999999998668, -1.850000000000000533, 0.1250000000000000000 ) ) ;
#1612 = DIRECTION ( 'NONE',  ( -1.000000000000000000, 0.0000000000000000000, 0.0000000000000000000 ) ) ;
#1613 = ORIENTED_EDGE ( 'NONE', *, *, #2568, .F. ) ;
#1614 = FACE_OUTER_BOUND ( 'NONE', #2772, .T. ) ;
#1615 = DIRECTION ( 'NONE',  ( -0.0000000000000000000, -0.0000000000000000000, -1.000000000000000000 ) ) ;
#1616 = CYLINDRICAL_SURFACE ( 'NONE', #43, 1.850000000000000089 ) ;
#1617 = CARTESIAN_POINT ( 'NONE',  ( 1.149999999999999689, -2.250000000000000444, -0.09999999999999947820 ) ) ;
#1618 = VECTOR ( 'NONE', #579, 1000.000000000000000 ) ;
#1619 = VECTOR ( 'NONE', #3041, 1000.000000000000000 ) ;
#1620 = LINE ( 'NONE', #2725, #1970 ) ;
#1621 = CARTESIAN_POINT ( 'NONE',  ( -1.849999999999999423, 1.849999999999999423, -0.8000000000000000444 ) ) ;
#1622 = VECTOR ( 'NONE', #1556, 1000.000000000000000 ) ;
#1623 = DIRECTION ( 'NONE',  ( 0.0000000000000000000, 0.0000000000000000000, 1.000000000000000000 ) ) ;
#1624 = DIRECTION ( 'NONE',  ( 1.000000000000000000, 0.0000000000000000000, 0.0000000000000000000 ) ) ;
#1625 = CARTESIAN_POINT ( 'NONE',  ( -1.849999999999999423, 1.849999999999999423, 1.750000000000000000 ) ) ;
#1626 = VECTOR ( 'NONE', #2111, 1000.000000000000000 ) ;
#1627 = ORIENTED_EDGE ( 'NONE', *, *, #223, .F. ) ;
#1628 = PLANE ( 'NONE',  #836 ) ;
#1629 = EDGE_CURVE ( 'NONE', #414, #975, #759, .T. ) ;
#1630 = ORIENTED_EDGE ( 'NONE', *, *, #576, .F. ) ;
#1631 = PLANE ( 'NONE',  #821 ) ;
#1632 = EDGE_CURVE ( 'NONE', #1515, #104, #830, .T. ) ;
#1633 = VERTEX_POINT ( 'NONE', #835 ) ;
#1634 = DIRECTION ( 'NONE',  ( -0.0000000000000000000, -0.0000000000000000000, -1.000000000000000000 ) ) ;
#1635 = ORIENTED_EDGE ( 'NONE', *, *, #773, .T. ) ;
#1636 = CARTESIAN_POINT ( 'NONE',  ( 2.250000000000000444, -1.849999999999999645, 0.1250000000000000000 ) ) ;
#1637 = ORIENTED_EDGE ( 'NONE', *, *, #1174, .F. ) ;
#1638 = DIRECTION ( 'NONE',  ( -1.000000000000000000, 2.409338161078899674E-16, 0.0000000000000000000 ) ) ;
#1639 = ORIENTED_EDGE ( 'NONE', *, *, #1923, .T. ) ;
#1640 = APPLICATION_PROTOCOL_DEFINITION ( 'draft international standard', 'automotive_design', 1998, #684 ) ;
#1641 = DIRECTION ( 'NONE',  ( 0.0000000000000000000, 1.000000000000000000, 0.0000000000000000000 ) ) ;
#1642 = DIRECTION ( 'NONE',  ( -2.502005013428087573E-16, 1.000000000000000000, 0.0000000000000000000 ) ) ;
#1643 = EDGE_LOOP ( 'NONE', ( #1794 ) ) ;
#1644 = AXIS2_PLACEMENT_3D ( 'NONE', #2185, #2230, #782 ) ;
#1645 = VERTEX_POINT ( 'NONE', #2526 ) ;
#1646 = CARTESIAN_POINT ( 'NONE',  ( -1.000000000000000222, 1.949999999999999956, 1.750000000000000000 ) ) ;
#1647 = DIRECTION ( 'NONE',  ( 1.000000000000000000, 0.0000000000000000000, 0.0000000000000000000 ) ) ;
#1648 = CONTEXT_DEPENDENT_SHAPE_REPRESENTATION ( #3008, #1663 ) ;
#1649 = ORIENTED_EDGE ( 'NONE', *, *, #2402, .T. ) ;
#1650 = EDGE_CURVE ( 'NONE', #709, #956, #2040, .T. ) ;
#1651 = CARTESIAN_POINT ( 'NONE',  ( -1.649999999999999689, -1.650000000000000133, 0.1250000000000000000 ) ) ;
#1652 =( NAMED_UNIT ( * ) SI_UNIT ( $, .STERADIAN. ) SOLID_ANGLE_UNIT ( ) );
#1653 = LINE ( 'NONE', #2508, #2469 ) ;
#1654 = LINE ( 'NONE', #729, #2430 ) ;
#1655 = EDGE_LOOP ( 'NONE', ( #2895, #2350, #660, #2579 ) ) ;
#1656 = CARTESIAN_POINT ( 'NONE',  ( -0.3499999999999994227, -2.250000000000000000, 0.1250000000000000000 ) ) ;
#1657 = DIRECTION ( 'NONE',  ( -1.000000000000000000, 2.409338161078901646E-16, 0.0000000000000000000 ) ) ;
#1658 = LINE ( 'NONE', #908, #1241 ) ;
#1659 = VECTOR ( 'NONE', #61, 1000.000000000000000 ) ;
#1660 = LINE ( 'NONE', #1551, #1169 ) ;
#1661 = ADVANCED_FACE ( 'NONE', ( #1208 ), #2053, .F. ) ;
#1662 = DIRECTION ( 'NONE',  ( 0.0000000000000000000, 0.0000000000000000000, 1.000000000000000000 ) ) ;
#1663 = PRODUCT_DEFINITION_SHAPE ( 'NONE', 'NONE',  #3187 ) ;
#1664 = LINE ( 'NONE', #1253, #1509 ) ;
#1665 = CARTESIAN_POINT ( 'NONE',  ( 1.850000000000000755, 1.849999999999998979, 0.0000000000000000000 ) ) ;
#1666 = LINE ( 'NONE', #2826, #1439 ) ;
#1667 = FACE_OUTER_BOUND ( 'NONE', #972, .T. ) ;
#1668 = DIRECTION ( 'NONE',  ( 1.161645184805897256E-16, -1.439380837741575982E-32, 1.000000000000000000 ) ) ;
#1669 = VECTOR ( 'NONE', #2331, 1000.000000000000000 ) ;
#1670 = CARTESIAN_POINT ( 'NONE',  ( -1.949999999999999956, -1.000000000000000000, 1.750000000000000000 ) ) ;
#1671 = DIRECTION ( 'NONE',  ( 1.000000000000000000, 0.0000000000000000000, 0.0000000000000000000 ) ) ;
#1672 = AXIS2_PLACEMENT_3D ( 'NONE', #469, #725, #3136 ) ;
#1673 = LINE ( 'NONE', #990, #1289 ) ;
#1674 = DIRECTION ( 'NONE',  ( 1.000000000000000000, 0.0000000000000000000, 0.0000000000000000000 ) ) ;
#1675 = ORIENTED_EDGE ( 'NONE', *, *, #561, .F. ) ;
#1676 = EDGE_CURVE ( 'NONE', #1495, #2605, #616, .T. ) ;
#1677 = ORIENTED_EDGE ( 'NONE', *, *, #435, .F. ) ;
#1678 = DIRECTION ( 'NONE',  ( 0.0000000000000000000, 0.0000000000000000000, 1.000000000000000000 ) ) ;
#1679 = ADVANCED_FACE ( 'NONE', ( #2471 ), #2856, .F. ) ;
#1680 = EDGE_CURVE ( 'NONE', #2680, #2109, #902, .T. ) ;
#1681 =( LENGTH_UNIT ( ) NAMED_UNIT ( * ) SI_UNIT ( .MILLI., .METRE. ) );
#1682 = ORIENTED_EDGE ( 'NONE', *, *, #2854, .T. ) ;
#1683 = CARTESIAN_POINT ( 'NONE',  ( -1.149999999999999911, -1.449137674618943716, 0.1499999999999999944 ) ) ;
#1684 = CARTESIAN_POINT ( 'NONE',  ( -2.250000000000000444, 1.849999999999999201, -0.1250000000000000000 ) ) ;
#1685 = MANIFOLD_SOLID_BREP ( 'Вырез-Вытянуть2', #2336 ) ;
#1686 = EDGE_LOOP ( 'NONE', ( #131 ) ) ;
#1687 = DIRECTION ( 'NONE',  ( 1.000000000000000000, 0.0000000000000000000, 0.0000000000000000000 ) ) ;
#1688 = CARTESIAN_POINT ( 'NONE',  ( -1.649999999999999689, -1.650000000000000133, -0.1250000000000000000 ) ) ;
#1689 = ORIENTED_EDGE ( 'NONE', *, *, #1818, .F. ) ;
#1690 = AXIS2_PLACEMENT_3D ( 'NONE', #3165, #2659, #2129 ) ;
#1691 = DIRECTION ( 'NONE',  ( -0.0000000000000000000, -0.0000000000000000000, -1.000000000000000000 ) ) ;
#1692 = ORIENTED_EDGE ( 'NONE', *, *, #1454, .F. ) ;
#1693 = DIRECTION ( 'NONE',  ( -1.000000000000000000, 0.0000000000000000000, 0.0000000000000000000 ) ) ;
#1694 = VERTEX_POINT ( 'NONE', #851 ) ;
#1695 = ADVANCED_FACE ( 'NONE', ( #3098 ), #109, .T. ) ;
#1696 = LINE ( 'NONE', #2950, #379 ) ;
#1697 = DIRECTION ( 'NONE',  ( 1.000000000000000000, 1.172110456741086321E-16, 0.0000000000000000000 ) ) ;
#1698 = VECTOR ( 'NONE', #2028, 1000.000000000000000 ) ;
#1699 = EDGE_CURVE ( 'NONE', #1877, #136, #1543, .T. ) ;
#1700 = LINE ( 'NONE', #2001, #981 ) ;
#1701 = VECTOR ( 'NONE', #349, 1000.000000000000000 ) ;
#1702 = EDGE_CURVE ( 'NONE', #3135, #3135, #503, .T. ) ;
#1703 = DIRECTION ( 'NONE',  ( -1.239088197126290324E-16, -1.000000000000000000, -0.0000000000000000000 ) ) ;
#1704 = CIRCLE ( 'NONE', #1008, 0.4000000000000001887 ) ;
#1705 = DIRECTION ( 'NONE',  ( -1.000000000000000000, 0.0000000000000000000, 0.0000000000000000000 ) ) ;
#1706 = EDGE_LOOP ( 'NONE', ( #139 ) ) ;
#1707 = CARTESIAN_POINT ( 'NONE',  ( 2.250000000000000000, -1.849999999999999645, -0.8000000000000000444 ) ) ;
#1708 = DIRECTION ( 'NONE',  ( 0.0000000000000000000, 0.0000000000000000000, 1.000000000000000000 ) ) ;
#1709 = ADVANCED_FACE ( 'NONE', ( #2696 ), #102, .T. ) ;
#1710 = EDGE_LOOP ( 'NONE', ( #3037 ) ) ;
#1711 = CARTESIAN_POINT ( 'NONE',  ( -1.850000000000000311, 1.849999999999998979, 0.1250000000000000000 ) ) ;
#1712 = AXIS2_PLACEMENT_3D ( 'NONE', #1047, #343, #1110 ) ;
#1713 = VERTEX_POINT ( 'NONE', #872 ) ;
#1714 = CARTESIAN_POINT ( 'NONE',  ( 1.849999999999999423, -1.849999999999999867, -0.8000000000000000444 ) ) ;
#1715 = EDGE_CURVE ( 'NONE', #1645, #301, #272, .T. ) ;
#1716 = ORIENTED_EDGE ( 'NONE', *, *, #1065, .F. ) ;
#1717 = EDGE_LOOP ( 'NONE', ( #2227, #337, #1947, #2676, #1482, #1078, #130, #409, #817, #371, #2310, #2096, #3067, #920, #2908, #3124 ) ) ;
#1718 = EDGE_CURVE ( 'NONE', #3003, #1645, #1774, .T. ) ;
#1719 = DIRECTION ( 'NONE',  ( -0.0000000000000000000, -0.0000000000000000000, -1.000000000000000000 ) ) ;
#1720 = ORIENTED_EDGE ( 'NONE', *, *, #1192, .F. ) ;
#1721 = ADVANCED_FACE ( 'NONE', ( #1966 ), #147, .T. ) ;
#1722 = EDGE_LOOP ( 'NONE', ( #1957, #1370, #1689, #1986 ) ) ;
#1723 = CARTESIAN_POINT ( 'NONE',  ( 1.849999999999999423, -1.849999999999999867, 1.750000000000000000 ) ) ;
#1724 = AXIS2_PLACEMENT_3D ( 'NONE', #1176, #227, #922 ) ;
#1725 =( GEOMETRIC_REPRESENTATION_CONTEXT ( 3 ) GLOBAL_UNCERTAINTY_ASSIGNED_CONTEXT ( ( #2352 ) ) GLOBAL_UNIT_ASSIGNED_CONTEXT ( ( #1445, #234, #1918 ) ) REPRESENTATION_CONTEXT ( 'NONE', 'WORKASPACE' ) );
#1726 = ORIENTED_EDGE ( 'NONE', *, *, #492, .T. ) ;
#1727 = CARTESIAN_POINT ( 'NONE',  ( 2.075000000000000622, -1.649999999999999689, -0.1250000000000000000 ) ) ;
#1728 = CARTESIAN_POINT ( 'NONE',  ( -0.3500000000000008660, 3.250000000000000000, 0.0000000000000000000 ) ) ;
#1729 = AXIS2_PLACEMENT_3D ( 'NONE', #1470, #761, #971 ) ;
#1730 = VERTEX_POINT ( 'NONE', #129 ) ;
#1731 = DIRECTION ( 'NONE',  ( 2.168404344971008868E-16, -1.000000000000000000, 0.0000000000000000000 ) ) ;
#1732 = FACE_OUTER_BOUND ( 'NONE', #2428, .T. ) ;
#1733 = CARTESIAN_POINT ( 'NONE',  ( -1.849999999999999423, 2.250000000000000444, 0.1250000000000000000 ) ) ;
#1734 = FACE_OUTER_BOUND ( 'NONE', #2183, .T. ) ;
#1735 = VERTEX_POINT ( 'NONE', #529 ) ;
#1736 = VERTEX_POINT ( 'NONE', #638 ) ;
#1737 = LINE ( 'NONE', #3075, #3138 ) ;
#1738 = CIRCLE ( 'NONE', #304, 1.850000000000000089 ) ;
#1739 = EDGE_CURVE ( 'NONE', #3119, #3087, #1809, .T. ) ;
#1740 = CARTESIAN_POINT ( 'NONE',  ( 2.075000000000000178, 1.649999999999999911, -0.1250000000000000000 ) ) ;
#1741 = VECTOR ( 'NONE', #486, 1000.000000000000000 ) ;
#1742 = FACE_OUTER_BOUND ( 'NONE', #1072, .T. ) ;
#1743 = DIRECTION ( 'NONE',  ( -0.0000000000000000000, -0.0000000000000000000, -1.000000000000000000 ) ) ;
#1744 = FACE_OUTER_BOUND ( 'NONE', #2370, .T. ) ;
#1745 = DIRECTION ( 'NONE',  ( -7.350523203291556237E-17, 1.000000000000000000, -0.0000000000000000000 ) ) ;
#1746 = LINE ( 'NONE', #1770, #2987 ) ;
#1747 = CARTESIAN_POINT ( 'NONE',  ( 1.949999999999999956, -0.9999999999999997780, 0.1499999999999999667 ) ) ;
#1748 = ORIENTED_EDGE ( 'NONE', *, *, #153, .T. ) ;
#1749 = CARTESIAN_POINT ( 'NONE',  ( -1.224999999999999867, 1.649999999999999911, -0.1250000000000000000 ) ) ;
#1750 = VERTEX_POINT ( 'NONE', #3102 ) ;
#1751 = CARTESIAN_POINT ( 'NONE',  ( 0.9999999999999997780, 1.949999999999999956, 1.750000000000000000 ) ) ;
#1752 = ORIENTED_EDGE ( 'NONE', *, *, #2030, .F. ) ;
#1753 = AXIS2_PLACEMENT_3D ( 'NONE', #3007, #2764, #1532 ) ;
#1754 = DIRECTION ( 'NONE',  ( -0.0000000000000000000, -0.0000000000000000000, -1.000000000000000000 ) ) ;
#1755 = ADVANCED_FACE ( 'NONE', ( #3053 ), #2576, .F. ) ;
#1756 = ORIENTED_EDGE ( 'NONE', *, *, #656, .T. ) ;
#1757 = DIRECTION ( 'NONE',  ( 1.000000000000000000, 0.0000000000000000000, 0.0000000000000000000 ) ) ;
#1758 = PRESENTATION_LAYER_ASSIGNMENT (  '', '', ( #829 ) ) ;
#1759 = ORIENTED_EDGE ( 'NONE', *, *, #2832, .T. ) ;
#1760 = CARTESIAN_POINT ( 'NONE',  ( -0.8141393425958249885, 2.949999999999999289, 0.0000000000000000000 ) ) ;
#1761 =( NAMED_UNIT ( * ) SI_UNIT ( $, .STERADIAN. ) SOLID_ANGLE_UNIT ( ) );
#1762 = ORIENTED_EDGE ( 'NONE', *, *, #2583, .T. ) ;
#1763 = EDGE_LOOP ( 'NONE', ( #882 ) ) ;
#1764 = DIRECTION ( 'NONE',  ( -7.350523203291556237E-17, 1.000000000000000000, -0.0000000000000000000 ) ) ;
#1765 = VERTEX_POINT ( 'NONE', #627 ) ;
#1766 = VECTOR ( 'NONE', #1674, 1000.000000000000000 ) ;
#1767 = CARTESIAN_POINT ( 'NONE',  ( -0.9999999999999997780, 1.556438241627338126, 1.750000000000000000 ) ) ;
#1768 = CARTESIAN_POINT ( 'NONE',  ( -1.849999999999999423, 2.250000000000000000, -0.8000000000000000444 ) ) ;
#1769 = VERTEX_POINT ( 'NONE', #2326 ) ;
#1770 = CARTESIAN_POINT ( 'NONE',  ( -0.9999999999999997780, -1.556438241627338348, 1.750000000000000000 ) ) ;
#1771 = ADVANCED_FACE ( 'NONE', ( #425 ), #3079, .F. ) ;
#1772 = TOROIDAL_SURFACE ( 'NONE', #3105, 0.8141393425958247665, 0.4999999999999995559 ) ;
#1773 = VERTEX_POINT ( 'NONE', #2721 ) ;
#1774 = LINE ( 'NONE', #377, #1314 ) ;
#1775 = DIRECTION ( 'NONE',  ( -1.000000000000000000, 0.0000000000000000000, 1.161645184805897256E-16 ) ) ;
#1776 = CARTESIAN_POINT ( 'NONE',  ( 2.250000000000000000, -1.849999999999999645, -0.8000000000000000444 ) ) ;
#1777 = VECTOR ( 'NONE', #2990, 1000.000000000000000 ) ;
#1778 = FACE_BOUND ( 'NONE', #1195, .T. ) ;
#1779 = EDGE_CURVE ( 'NONE', #2816, #2816, #2035, .T. ) ;
#1780 = DIRECTION ( 'NONE',  ( -1.000000000000000000, -7.350523203291556237E-17, 0.0000000000000000000 ) ) ;
#1781 = EDGE_CURVE ( 'NONE', #2961, #915, #2619, .T. ) ;
#1782 = FACE_OUTER_BOUND ( 'NONE', #2378, .T. ) ;
#1783 = DIRECTION ( 'NONE',  ( 0.0000000000000000000, 0.0000000000000000000, -1.000000000000000000 ) ) ;
#1784 = DIRECTION ( 'NONE',  ( -1.000000000000000000, 0.0000000000000000000, 0.0000000000000000000 ) ) ;
#1785 = AXIS2_PLACEMENT_3D ( 'NONE', #396, #1365, #2077 ) ;
#1786 = ORIENTED_EDGE ( 'NONE', *, *, #177, .F. ) ;
#1787 = EDGE_LOOP ( 'NONE', ( #2465, #1112, #2005, #1798 ) ) ;
#1788 = ADVANCED_FACE ( 'NONE', ( #1960, #3020 ), #1896, .T. ) ;
#1789 = DIRECTION ( 'NONE',  ( 0.0000000000000000000, 0.0000000000000000000, 1.000000000000000000 ) ) ;
#1790 = VERTEX_POINT ( 'NONE', #954 ) ;
#1791 = CARTESIAN_POINT ( 'NONE',  ( 0.3500000000000004774, -2.250000000000000000, -0.1250000000000000000 ) ) ;
#1792 =( NAMED_UNIT ( * ) PLANE_ANGLE_UNIT ( ) SI_UNIT ( $, .RADIAN. ) );
#1793 = VERTEX_POINT ( 'NONE', #1903 ) ;
#1794 = ORIENTED_EDGE ( 'NONE', *, *, #2773, .F. ) ;
#1795 = DIRECTION ( 'NONE',  ( 0.0000000000000000000, 1.000000000000000000, 0.0000000000000000000 ) ) ;
#1796 = ORIENTED_EDGE ( 'NONE', *, *, #703, .F. ) ;
#1797 = CARTESIAN_POINT ( 'NONE',  ( -0.9999999999999995559, -1.950000000000000178, 0.0000000000000000000 ) ) ;
#1798 = ORIENTED_EDGE ( 'NONE', *, *, #1350, .T. ) ;
#1799 = CARTESIAN_POINT ( 'NONE',  ( -0.3500000000000008660, 3.250000000000000000, 0.2500000000000000000 ) ) ;
#1800 = ADVANCED_FACE ( 'NONE', ( #81 ), #912, .T. ) ;
#1801 = ORIENTED_EDGE ( 'NONE', *, *, #3044, .F. ) ;
#1802 = DIRECTION ( 'NONE',  ( -0.0000000000000000000, -0.0000000000000000000, -1.000000000000000000 ) ) ;
#1803 = ORIENTED_EDGE ( 'NONE', *, *, #1147, .T. ) ;
#1804 = CARTESIAN_POINT ( 'NONE',  ( -1.849999999999999423, 2.250000000000000444, 0.1250000000000000000 ) ) ;
#1805 = AXIS2_PLACEMENT_3D ( 'NONE', #1483, #1984, #1034 ) ;
#1806 = LINE ( 'NONE', #601, #26 ) ;
#1807 = VECTOR ( 'NONE', #2312, 1000.000000000000000 ) ;
#1808 = VERTEX_POINT ( 'NONE', #996 ) ;
#1809 = CIRCLE ( 'NONE', #1361, 0.3499999999999999778 ) ;
#1810 = DIRECTION ( 'NONE',  ( 0.0000000000000000000, 0.0000000000000000000, 1.000000000000000000 ) ) ;
#1811 = CYLINDRICAL_SURFACE ( 'NONE', #168, 0.4250000000000002665 ) ;
#1812 = LINE ( 'NONE', #1295, #1659 ) ;
#1813 = VECTOR ( 'NONE', #1437, 1000.000000000000000 ) ;
#1814 = CARTESIAN_POINT ( 'NONE',  ( 1.850000000000000311, -1.849999999999999423, 0.1250000000000000000 ) ) ;
#1815 = LINE ( 'NONE', #303, #2356 ) ;
#1816 = VECTOR ( 'NONE', #3137, 1000.000000000000000 ) ;
#1817 = LINE ( 'NONE', #1665, #2947 ) ;
#1818 = EDGE_CURVE ( 'NONE', #1296, #1765, #2738, .T. ) ;
#1819 = VECTOR ( 'NONE', #2021, 1000.000000000000000 ) ;
#1820 = EDGE_CURVE ( 'NONE', #2729, #819, #2274, .T. ) ;
#1821 = CARTESIAN_POINT ( 'NONE',  ( 1.849999999999999423, -2.250000000000000888, -0.1250000000000000000 ) ) ;
#1822 = ORIENTED_EDGE ( 'NONE', *, *, #2568, .T. ) ;
#1823 = AXIS2_PLACEMENT_3D ( 'NONE', #1872, #917, #1421 ) ;
#1824 = ORIENTED_EDGE ( 'NONE', *, *, #2686, .F. ) ;
#1825 = DIRECTION ( 'NONE',  ( 1.000000000000000000, 0.0000000000000000000, 0.0000000000000000000 ) ) ;
#1826 = CARTESIAN_POINT ( 'NONE',  ( 1.850000000000000533, -0.9999999999999997780, 0.0000000000000000000 ) ) ;
#1827 =( NAMED_UNIT ( * ) PLANE_ANGLE_UNIT ( ) SI_UNIT ( $, .RADIAN. ) );
#1828 = AXIS2_PLACEMENT_3D ( 'NONE', #2734, #777, #1009 ) ;
#1829 = ORIENTED_EDGE ( 'NONE', *, *, #953, .F. ) ;
#1830 = DIRECTION ( 'NONE',  ( -1.239088197126290324E-16, -1.000000000000000000, -0.0000000000000000000 ) ) ;
#1831 = ORIENTED_EDGE ( 'NONE', *, *, #2083, .F. ) ;
#1832 = AXIS2_PLACEMENT_3D ( 'NONE', #279, #8, #500 ) ;
#1833 = CARTESIAN_POINT ( 'NONE',  ( -0.9999999999999995559, -1.950000000000000178, 1.750000000000000000 ) ) ;
#1834 = DIRECTION ( 'NONE',  ( 5.509692694577702353E-16, -1.000000000000000000, 0.0000000000000000000 ) ) ;
#1835 = ORIENTED_EDGE ( 'NONE', *, *, #2543, .T. ) ;
#1836 = DIRECTION ( 'NONE',  ( -1.000000000000000000, 0.0000000000000000000, 0.0000000000000000000 ) ) ;
#1837 = ORIENTED_EDGE ( 'NONE', *, *, #859, .F. ) ;
#1838 =( LENGTH_UNIT ( ) NAMED_UNIT ( * ) SI_UNIT ( .MILLI., .METRE. ) );
#1839 = EDGE_CURVE ( 'NONE', #2729, #2732, #2557, .T. ) ;
#1840 = PLANE ( 'NONE',  #1995 ) ;
#1841 = ORIENTED_EDGE ( 'NONE', *, *, #2444, .T. ) ;
#1842 = PLANE ( 'NONE',  #25 ) ;
#1843 = ORIENTED_EDGE ( 'NONE', *, *, #3002, .T. ) ;
#1844 = LINE ( 'NONE', #63, #267 ) ;
#1845 = PRESENTATION_STYLE_ASSIGNMENT (( #101 ) ) ;
#1846 = VERTEX_POINT ( 'NONE', #2376 ) ;
#1847 = DIRECTION ( 'NONE',  ( -1.000000000000000000, 8.031127203596336765E-17, 0.0000000000000000000 ) ) ;
#1848 = DIRECTION ( 'NONE',  ( -0.0000000000000000000, -0.0000000000000000000, -1.000000000000000000 ) ) ;
#1849 =( LENGTH_UNIT ( ) NAMED_UNIT ( * ) SI_UNIT ( .MILLI., .METRE. ) );
#1850 = PRESENTATION_LAYER_ASSIGNMENT (  '', '', ( #1235 ) ) ;
#1851 = VECTOR ( 'NONE', #875, 1000.000000000000000 ) ;
#1852 = COLOUR_RGB ( '',0.1019607843137254888, 0.1019607843137254888, 0.1019607843137254888 ) ;
#1853 = DIRECTION ( 'NONE',  ( -0.0000000000000000000, -0.0000000000000000000, -1.000000000000000000 ) ) ;
#1854 = VECTOR ( 'NONE', #1912, 1000.000000000000000 ) ;
#1855 = LINE ( 'NONE', #2919, #2159 ) ;
#1856 = CARTESIAN_POINT ( 'NONE',  ( 0.0000000000000000000, 0.0000000000000000000, 1.750000000000000000 ) ) ;
#1857 = EDGE_CURVE ( 'NONE', #1151, #2484, #2858, .T. ) ;
#1858 =( LENGTH_UNIT ( ) NAMED_UNIT ( * ) SI_UNIT ( .MILLI., .METRE. ) );
#1859 = ORIENTED_EDGE ( 'NONE', *, *, #2488, .T. ) ;
#1860 = EDGE_CURVE ( 'NONE', #199, #178, #1935, .T. ) ;
#1861 = DIRECTION ( 'NONE',  ( -1.000000000000000000, 1.239088197126290324E-16, 0.0000000000000000000 ) ) ;
#1862 = EDGE_LOOP ( 'NONE', ( #2881, #2450, #2133, #2103, #1905, #2527, #254, #2232 ) ) ;
#1863 = DIRECTION ( 'NONE',  ( -0.0000000000000000000, -0.0000000000000000000, -1.000000000000000000 ) ) ;
#1864 = CARTESIAN_POINT ( 'NONE',  ( -2.250000000000000444, 1.849999999999999201, 0.1250000000000000000 ) ) ;
#1865 = ORIENTED_EDGE ( 'NONE', *, *, #1779, .F. ) ;
#1866 = ORIENTED_EDGE ( 'NONE', *, *, #433, .T. ) ;
#1867 = AXIS2_PLACEMENT_3D ( 'NONE', #2023, #2757, #1054 ) ;
#1868 = EDGE_LOOP ( 'NONE', ( #812, #2806, #2165, #2207 ) ) ;
#1869 = DIRECTION ( 'NONE',  ( 1.000000000000000000, -2.409338161078899674E-16, -0.0000000000000000000 ) ) ;
#1870 = EDGE_LOOP ( 'NONE', ( #2460, #1539, #2565, #155, #534 ) ) ;
#1871 = DIRECTION ( 'NONE',  ( 0.0000000000000000000, -1.000000000000000000, 0.0000000000000000000 ) ) ;
#1872 = CARTESIAN_POINT ( 'NONE',  ( -2.249999999999999112, -1.850000000000000311, 1.750000000000000000 ) ) ;
#1873 = SURFACE_SIDE_STYLE ('',( #2039 ) ) ;
#1874 = VERTEX_POINT ( 'NONE', #689 ) ;
#1875 = EDGE_CURVE ( 'NONE', #779, #479, #866, .T. ) ;
#1876 = PRODUCT_CONTEXT ( 'NONE', #676, 'mechanical' ) ;
#1877 = VERTEX_POINT ( 'NONE', #1417 ) ;
#1878 = EDGE_CURVE ( 'NONE', #1694, #599, #231, .T. ) ;
#1879 = DIRECTION ( 'NONE',  ( 0.0000000000000000000, 0.0000000000000000000, 1.000000000000000000 ) ) ;
#1880 = CARTESIAN_POINT ( 'NONE',  ( -0.3499999999999992562, -3.250000000000000000, 0.2500000000000000000 ) ) ;
#1881 = ORIENTED_EDGE ( 'NONE', *, *, #3111, .F. ) ;
#1882 = VECTOR ( 'NONE', #989, 1000.000000000000000 ) ;
#1883 = LINE ( 'NONE', #2398, #1163 ) ;
#1884 = VERTEX_POINT ( 'NONE', #1227 ) ;
#1885 = DIRECTION ( 'NONE',  ( 0.0000000000000000000, 0.0000000000000000000, 1.000000000000000000 ) ) ;
#1886 = AXIS2_PLACEMENT_3D ( 'NONE', #1517, #2268, #305 ) ;
#1887 = LINE ( 'NONE', #643, #2976 ) ;
#1888 = LINE ( 'NONE', #2922, #1319 ) ;
#1889 = CARTESIAN_POINT ( 'NONE',  ( -0.3499999999999992562, -3.250000000000000000, 0.2500000000000000000 ) ) ;
#1890 = APPLICATION_PROTOCOL_DEFINITION ( 'draft international standard', 'automotive_design', 1998, #202 ) ;
#1891 = PRESENTATION_LAYER_ASSIGNMENT (  '', '', ( #1951 ) ) ;
#1892 = LINE ( 'NONE', #367, #388 ) ;
#1893 = CONICAL_SURFACE ( 'NONE', #1059, 1.013724490077167362, 0.03490658503987954103 ) ;
#1894 = DIRECTION ( 'NONE',  ( 0.0000000000000000000, 1.000000000000000000, 0.0000000000000000000 ) ) ;
#1895 = AXIS2_PLACEMENT_3D ( 'NONE', #2596, #2613, #1346 ) ;
#1896 = CYLINDRICAL_SURFACE ( 'NONE', #1504, 1.799999999999999600 ) ;
#1897 = LINE ( 'NONE', #259, #2906 ) ;
#1898 = EDGE_LOOP ( 'NONE', ( #598 ) ) ;
#1899 = CARTESIAN_POINT ( 'NONE',  ( 1.950000000000000178, -0.9999999999999997780, 1.750000000000000000 ) ) ;
#1900 = ADVANCED_FACE ( 'NONE', ( #75 ), #2514, .T. ) ;
#1901 = EDGE_CURVE ( 'NONE', #2689, #1563, #1172, .T. ) ;
#1902 = ORIENTED_EDGE ( 'NONE', *, *, #1290, .F. ) ;
#1903 = CARTESIAN_POINT ( 'NONE',  ( 1.849999999999999423, -2.250000000000000444, -0.09999999999999917288 ) ) ;
#1904 = DIRECTION ( 'NONE',  ( 7.350523203291556237E-17, -1.000000000000000000, 0.0000000000000000000 ) ) ;
#1905 = ORIENTED_EDGE ( 'NONE', *, *, #332, .T. ) ;
#1906 = CARTESIAN_POINT ( 'NONE',  ( -1.849999999999999423, 2.250000000000000444, 0.1250000000000000000 ) ) ;
#1907 = EDGE_LOOP ( 'NONE', ( #1605, #923, #2050, #1035 ) ) ;
#1908 = CARTESIAN_POINT ( 'NONE',  ( 2.249999999999999112, 0.8999999999999989120, -0.6000000000000000888 ) ) ;
#1909 = ORIENTED_EDGE ( 'NONE', *, *, #3115, .T. ) ;
#1910 = APPLICATION_CONTEXT ( 'automotive_design' ) ;
#1911 =( GEOMETRIC_REPRESENTATION_CONTEXT ( 3 ) GLOBAL_UNCERTAINTY_ASSIGNED_CONTEXT ( ( #2149 ) ) GLOBAL_UNIT_ASSIGNED_CONTEXT ( ( #1339, #157, #3069 ) ) REPRESENTATION_CONTEXT ( 'NONE', 'WORKASPACE' ) );
#1912 = DIRECTION ( 'NONE',  ( 9.856383386231855129E-17, -1.000000000000000000, 0.0000000000000000000 ) ) ;
#1913 = DIRECTION ( 'NONE',  ( 5.621789042517426491E-16, 1.000000000000000000, 0.0000000000000000000 ) ) ;
#1914 = ORIENTED_EDGE ( 'NONE', *, *, #2921, .T. ) ;
#1915 = ADVANCED_FACE ( 'NONE', ( #2742 ), #2877, .F. ) ;
#1916 = ORIENTED_EDGE ( 'NONE', *, *, #1632, .T. ) ;
#1917 = CARTESIAN_POINT ( 'NONE',  ( -0.8999999999999994671, 2.250000000000000444, -0.8000000000000000444 ) ) ;
#1918 =( NAMED_UNIT ( * ) SI_UNIT ( $, .STERADIAN. ) SOLID_ANGLE_UNIT ( ) );
#1919 = ORIENTED_EDGE ( 'NONE', *, *, #1308, .F. ) ;
#1920 = EDGE_CURVE ( 'NONE', #2470, #2470, #2276, .T. ) ;
#1921 = CIRCLE ( 'NONE', #1485, 0.4000000000000001887 ) ;
#1922 = ORIENTED_EDGE ( 'NONE', *, *, #3068, .T. ) ;
#1923 = EDGE_CURVE ( 'NONE', #2612, #2091, #1055, .T. ) ;
#1924 = CARTESIAN_POINT ( 'NONE',  ( 1.000000000000000444, -1.556438241627337904, 1.750000000000000000 ) ) ;
#1925 = FACE_BOUND ( 'NONE', #441, .T. ) ;
#1926 = FACE_BOUND ( 'NONE', #666, .T. ) ;
#1927 = COLOUR_RGB ( '',0.1019607843137254888, 0.1019607843137254888, 0.1019607843137254888 ) ;
#1928 = DIRECTION ( 'NONE',  ( -1.000000000000000000, 1.606225440719267106E-16, 0.0000000000000000000 ) ) ;
#1929 = FACE_OUTER_BOUND ( 'NONE', #3120, .T. ) ;
#1930 = DIRECTION ( 'NONE',  ( 1.000000000000000000, -1.172110456741086321E-16, 0.0000000000000000000 ) ) ;
#1931 = LINE ( 'NONE', #148, #1173 ) ;
#1932 = CARTESIAN_POINT ( 'NONE',  ( 1.849999999999999423, -2.250000000000000888, 0.1250000000000000000 ) ) ;
#1933 = DIRECTION ( 'NONE',  ( 1.000000000000000000, -1.606225440719265381E-16, 0.0000000000000000000 ) ) ;
#1934 = ADVANCED_FACE ( 'NONE', ( #1929 ), #3171, .F. ) ;
#1935 = LINE ( 'NONE', #940, #2401 ) ;
#1936 = DIRECTION ( 'NONE',  ( -1.000000000000000000, 0.0000000000000000000, 0.0000000000000000000 ) ) ;
#1937 = ORIENTED_EDGE ( 'NONE', *, *, #877, .F. ) ;
#1938 = DIRECTION ( 'NONE',  ( 7.350523203291556237E-17, -1.000000000000000000, 0.0000000000000000000 ) ) ;
#1939 = ORIENTED_EDGE ( 'NONE', *, *, #1327, .F. ) ;
#1940 = EDGE_CURVE ( 'NONE', #1765, #178, #3059, .T. ) ;
#1941 = DIRECTION ( 'NONE',  ( -0.0000000000000000000, -0.0000000000000000000, -1.000000000000000000 ) ) ;
#1942 = CARTESIAN_POINT ( 'NONE',  ( -1.874383416839346323E-16, 2.549999999999999378, 0.0000000000000000000 ) ) ;
#1943 = ORIENTED_EDGE ( 'NONE', *, *, #2104, .T. ) ;
#1944 = CARTESIAN_POINT ( 'NONE',  ( 1.000000000000000000, 1.556438241627338126, 0.0000000000000000000 ) ) ;
#1945 = DIRECTION ( 'NONE',  ( -0.0000000000000000000, 0.0000000000000000000, -1.000000000000000000 ) ) ;
#1946 = EDGE_CURVE ( 'NONE', #1962, #637, #2668, .T. ) ;
#1947 = ORIENTED_EDGE ( 'NONE', *, *, #1839, .T. ) ;
#1948 = ADVANCED_FACE ( 'NONE', ( #2591 ), #1458, .F. ) ;
#1949 = ORIENTED_EDGE ( 'NONE', *, *, #2896, .F. ) ;
#1950 = VERTEX_POINT ( 'NONE', #533 ) ;
#1951 = STYLED_ITEM ( 'NONE', ( #1501 ), #1036 ) ;
#1952 = DIRECTION ( 'NONE',  ( -1.000000000000000000, 0.0000000000000000000, 0.0000000000000000000 ) ) ;
#1953 = PLANE ( 'NONE',  #1467 ) ;
#1954 = DIRECTION ( 'NONE',  ( 0.0000000000000000000, 0.0000000000000000000, 1.000000000000000000 ) ) ;
#1955 = PRESENTATION_LAYER_ASSIGNMENT (  '', '', ( #447 ) ) ;
#1956 = VERTEX_POINT ( 'NONE', #2948 ) ;
#1957 = ORIENTED_EDGE ( 'NONE', *, *, #1860, .T. ) ;
#1958 = EDGE_CURVE ( 'NONE', #271, #271, #1438, .T. ) ;
#1959 = CARTESIAN_POINT ( 'NONE',  ( 0.3500000000000006439, -3.250000000000000000, 0.2500000000000000000 ) ) ;
#1960 = FACE_OUTER_BOUND ( 'NONE', #1898, .T. ) ;
#1961 = COLOUR_RGB ( '',0.8274509803921568096, 0.8392156862745098200, 0.8274509803921568096 ) ;
#1962 = VERTEX_POINT ( 'NONE', #992 ) ;
#1963 = VECTOR ( 'NONE', #649, 1000.000000000000000 ) ;
#1964 = VECTOR ( 'NONE', #1134, 1000.000000000000000 ) ;
#1965 = AXIS2_PLACEMENT_3D ( 'NONE', #198, #671, #1135 ) ;
#1966 = FACE_OUTER_BOUND ( 'NONE', #2171, .T. ) ;
#1967 = CARTESIAN_POINT ( 'NONE',  ( 1.150000000000000577, 1.449137674618943494, 0.0000000000000000000 ) ) ;
#1968 = ADVANCED_FACE ( 'NONE', ( #2158 ), #984, .T. ) ;
#1969 = LINE ( 'NONE', #1899, #145 ) ;
#1970 = VECTOR ( 'NONE', #336, 1000.000000000000000 ) ;
#1971 = VECTOR ( 'NONE', #1775, 1000.000000000000000 ) ;
#1972 = DIRECTION ( 'NONE',  ( 1.000000000000000000, 0.0000000000000000000, 0.0000000000000000000 ) ) ;
#1973 = LINE ( 'NONE', #2106, #910 ) ;
#1974 = LINE ( 'NONE', #3118, #1480 ) ;
#1975 = DIRECTION ( 'NONE',  ( 0.0000000000000000000, 0.0000000000000000000, 1.000000000000000000 ) ) ;
#1976 = AXIS2_PLACEMENT_3D ( 'NONE', #2494, #1975, #2483 ) ;
#1977 = VECTOR ( 'NONE', #2520, 1000.000000000000000 ) ;
#1978 = CARTESIAN_POINT ( 'NONE',  ( -2.022228373051923267, -1.649999999999999689, 2.067431148549531805 ) ) ;
#1979 = EDGE_LOOP ( 'NONE', ( #326 ) ) ;
#1980 = PLANE ( 'NONE',  #2663 ) ;
#1981 = AXIS2_PLACEMENT_3D ( 'NONE', #3071, #2793, #2580 ) ;
#1982 = CARTESIAN_POINT ( 'NONE',  ( 1.950000000000000178, -0.9999999999999997780, 0.0000000000000000000 ) ) ;
#1983 = VERTEX_POINT ( 'NONE', #2715 ) ;
#1984 = DIRECTION ( 'NONE',  ( 0.0000000000000000000, 0.0000000000000000000, 1.000000000000000000 ) ) ;
#1985 = EDGE_CURVE ( 'NONE', #2605, #481, #944, .T. ) ;
#1986 = ORIENTED_EDGE ( 'NONE', *, *, #268, .T. ) ;
#1987 = CARTESIAN_POINT ( 'NONE',  ( 1.556438241627338126, 1.000000000000000000, 1.750000000000000000 ) ) ;
#1988 = EDGE_LOOP ( 'NONE', ( #1232, #2432, #675, #2419, #3157 ) ) ;
#1989 = DIRECTION ( 'NONE',  ( 1.000000000000000000, 9.856383386231856362E-17, -0.0000000000000000000 ) ) ;
#1990 = AXIS2_PLACEMENT_3D ( 'NONE', #450, #662, #925 ) ;
#1991 = ORIENTED_EDGE ( 'NONE', *, *, #1330, .T. ) ;
#1992 = CARTESIAN_POINT ( 'NONE',  ( 0.9999999999999997780, 1.949999999999999956, 1.750000000000000000 ) ) ;
#1993 = ORIENTED_EDGE ( 'NONE', *, *, #55, .F. ) ;
#1994 = DIRECTION ( 'NONE',  ( -1.000000000000000000, 0.0000000000000000000, 0.0000000000000000000 ) ) ;
#1995 = AXIS2_PLACEMENT_3D ( 'NONE', #1116, #2120, #646 ) ;
#1996 = ORIENTED_EDGE ( 'NONE', *, *, #743, .F. ) ;
#1997 = CARTESIAN_POINT ( 'NONE',  ( -1.799999999999999600, -0.3999999999999998557, 0.0000000000000000000 ) ) ;
#1998 = CARTESIAN_POINT ( 'NONE',  ( 1.000000000000000444, -1.949999999999999734, 0.0000000000000000000 ) ) ;
#1999 = AXIS2_PLACEMENT_3D ( 'NONE', #770, #2468, #2685 ) ;
#2000 = ORIENTED_EDGE ( 'NONE', *, *, #51, .F. ) ;
#2001 = CARTESIAN_POINT ( 'NONE',  ( 0.3500000000000006439, -3.250000000000000000, 0.0000000000000000000 ) ) ;
#2002 = CARTESIAN_POINT ( 'NONE',  ( 0.0000000000000000000, 0.0000000000000000000, 0.0000000000000000000 ) ) ;
#2003 = PLANE ( 'NONE',  #1828 ) ;
#2004 = VECTOR ( 'NONE', #1288, 1000.000000000000000 ) ;
#2005 = ORIENTED_EDGE ( 'NONE', *, *, #2146, .F. ) ;
#2006 = EDGE_CURVE ( 'NONE', #2505, #1528, #2399, .T. ) ;
#2007 = CIRCLE ( 'NONE', #2394, 0.4250000000000000444 ) ;
#2008 = EDGE_CURVE ( 'NONE', #706, #1769, #736, .T. ) ;
#2009 = CARTESIAN_POINT ( 'NONE',  ( 2.075000000000000178, 1.649999999999999911, 0.1250000000000000000 ) ) ;
#2010 = CIRCLE ( 'NONE', #2329, 0.9140784252977338653 ) ;
#2011 = VECTOR ( 'NONE', #2866, 1000.000000000000000 ) ;
#2012 = CARTESIAN_POINT ( 'NONE',  ( 1.649999999999999467, 1.650000000000000355, 1.750000000000000000 ) ) ;
#2013 = CARTESIAN_POINT ( 'NONE',  ( 1.849999999999999423, -1.849999999999999867, 1.750000000000000000 ) ) ;
#2014 = COLOUR_RGB ( '',0.6941176470588235059, 0.09803921568627450844, 0.09803921568627450844 ) ;
#2015 = ADVANCED_FACE ( 'NONE', ( #506, #428 ), #150, .T. ) ;
#2016 = CARTESIAN_POINT ( 'NONE',  ( 1.850000000000000533, 2.250000000000000888, -0.09999999999999911737 ) ) ;
#2017 = AXIS2_PLACEMENT_3D ( 'NONE', #937, #909, #2863 ) ;
#2018 = ORIENTED_EDGE ( 'NONE', *, *, #564, .F. ) ;
#2019 = AXIS2_PLACEMENT_3D ( 'NONE', #1723, #2251, #536 ) ;
#2020 = ORIENTED_EDGE ( 'NONE', *, *, #1958, .T. ) ;
#2021 = DIRECTION ( 'NONE',  ( -0.0000000000000000000, -0.0000000000000000000, -1.000000000000000000 ) ) ;
#2022 = VERTEX_POINT ( 'NONE', #1683 ) ;
#2023 = CARTESIAN_POINT ( 'NONE',  ( 1.649999999999999467, 1.650000000000000355, 2.050000000000000266 ) ) ;
#2024 = ORIENTED_EDGE ( 'NONE', *, *, #1440, .F. ) ;
#2025 = CARTESIAN_POINT ( 'NONE',  ( -0.3499999999999992562, -3.900000000000000355, 0.1250000000000000000 ) ) ;
#2026 = EDGE_CURVE ( 'NONE', #2924, #1000, #2078, .T. ) ;
#2027 = ORIENTED_EDGE ( 'NONE', *, *, #252, .T. ) ;
#2028 = DIRECTION ( 'NONE',  ( 1.000000000000000000, -8.031127203596335532E-17, -0.0000000000000000000 ) ) ;
#2029 = CARTESIAN_POINT ( 'NONE',  ( 2.249999999999998224, -0.9000000000000000222, -0.8000000000000000444 ) ) ;
#2030 = EDGE_CURVE ( 'NONE', #1773, #1773, #652, .T. ) ;
#2031 = ORIENTED_EDGE ( 'NONE', *, *, #2986, .F. ) ;
#2032 = DIRECTION ( 'NONE',  ( -1.000000000000000000, -5.347617538582756740E-17, 0.0000000000000000000 ) ) ;
#2033 = ORIENTED_EDGE ( 'NONE', *, *, #1188, .F. ) ;
#2034 = ORIENTED_EDGE ( 'NONE', *, *, #587, .F. ) ;
#2035 = CIRCLE ( 'NONE', #1340, 1.799999999999999600 ) ;
#2036 = EDGE_LOOP ( 'NONE', ( #1801 ) ) ;
#2037 = CARTESIAN_POINT ( 'NONE',  ( 1.849999999999999423, 2.250000000000000444, 1.750000000000000000 ) ) ;
#2038 = VECTOR ( 'NONE', #1795, 1000.000000000000000 ) ;
#2039 = SURFACE_STYLE_FILL_AREA ( #681 ) ;
#2040 = LINE ( 'NONE', #2558, #2355 ) ;
#2041 = CIRCLE ( 'NONE', #2461, 0.3999999999999999667 ) ;
#2042 = VECTOR ( 'NONE', #1552, 1000.000000000000000 ) ;
#2043 = VECTOR ( 'NONE', #220, 1000.000000000000000 ) ;
#2044 = EDGE_CURVE ( 'NONE', #1252, #2714, #584, .T. ) ;
#2045 = DIRECTION ( 'NONE',  ( 1.000000000000000000, 0.0000000000000000000, 0.0000000000000000000 ) ) ;
#2046 = FACE_OUTER_BOUND ( 'NONE', #2036, .T. ) ;
#2047 = CIRCLE ( 'NONE', #1177, 0.4250000000000002665 ) ;
#2048 = DIRECTION ( 'NONE',  ( 0.0000000000000000000, 0.0000000000000000000, 1.000000000000000000 ) ) ;
#2049 = DIRECTION ( 'NONE',  ( -1.000000000000000000, 0.0000000000000000000, 0.0000000000000000000 ) ) ;
#2050 = ORIENTED_EDGE ( 'NONE', *, *, #2728, .F. ) ;
#2051 = DIRECTION ( 'NONE',  ( -0.0000000000000000000, -0.0000000000000000000, -1.000000000000000000 ) ) ;
#2052 = ORIENTED_EDGE ( 'NONE', *, *, #1940, .T. ) ;
#2053 = PLANE ( 'NONE',  #3082 ) ;
#2054 = VERTEX_POINT ( 'NONE', #60 ) ;
#2055 = AXIS2_PLACEMENT_3D ( 'NONE', #2675, #1481, #288 ) ;
#2056 = CARTESIAN_POINT ( 'NONE',  ( -1.649999999999999911, 1.649999999999999911, 2.250000000000000444 ) ) ;
#2057 = EDGE_LOOP ( 'NONE', ( #2636, #1416, #1386, #2831 ) ) ;
#2058 = ORIENTED_EDGE ( 'NONE', *, *, #2375, .F. ) ;
#2059 = PLANE ( 'NONE',  #2287 ) ;
#2060 = DIRECTION ( 'NONE',  ( 2.344220913482172149E-16, -1.000000000000000000, -0.0000000000000000000 ) ) ;
#2061 = ORIENTED_EDGE ( 'NONE', *, *, #435, .T. ) ;
#2062 = EDGE_CURVE ( 'NONE', #1808, #1808, #2010, .T. ) ;
#2063 = DIRECTION ( 'NONE',  ( -1.000000000000000000, 0.0000000000000000000, 0.0000000000000000000 ) ) ;
#2064 = ORIENTED_EDGE ( 'NONE', *, *, #2925, .T. ) ;
#2065 = DIRECTION ( 'NONE',  ( -1.000000000000000000, 0.0000000000000000000, 0.0000000000000000000 ) ) ;
#2066 = CARTESIAN_POINT ( 'NONE',  ( 2.249999999999998224, -0.9000000000000000222, -0.6000000000000000888 ) ) ;
#2067 = ORIENTED_EDGE ( 'NONE', *, *, #2163, .T. ) ;
#2068 = ORIENTED_EDGE ( 'NONE', *, *, #3091, .F. ) ;
#2069 = DIRECTION ( 'NONE',  ( 1.000000000000000000, 0.0000000000000000000, 1.161645184805897256E-16 ) ) ;
#2070 = AXIS2_PLACEMENT_3D ( 'NONE', #2825, #2105, #2063 ) ;
#2071 = CIRCLE ( 'NONE', #2180, 0.4000000000000004108 ) ;
#2072 = EDGE_LOOP ( 'NONE', ( #372 ) ) ;
#2073 = DIRECTION ( 'NONE',  ( 1.000000000000000000, 0.0000000000000000000, -0.0000000000000000000 ) ) ;
#2074 = LINE ( 'NONE', #390, #2625 ) ;
#2075 = LINE ( 'NONE', #1636, #1964 ) ;
#2076 = LINE ( 'NONE', #659, #2511 ) ;
#2077 = DIRECTION ( 'NONE',  ( 1.000000000000000000, 2.168404344971008868E-16, 0.0000000000000000000 ) ) ;
#2078 = LINE ( 'NONE', #1924, #1741 ) ;
#2079 = LINE ( 'NONE', #3103, #2743 ) ;
#2080 = DIRECTION ( 'NONE',  ( -1.000000000000000000, 0.0000000000000000000, 0.0000000000000000000 ) ) ;
#2081 = CARTESIAN_POINT ( 'NONE',  ( 0.8999999999999991340, -0.8999999999999998002, -0.6000000000000000888 ) ) ;
#2082 =( NAMED_UNIT ( * ) PLANE_ANGLE_UNIT ( ) SI_UNIT ( $, .RADIAN. ) );
#2083 = EDGE_CURVE ( 'NONE', #481, #2680, #1093, .T. ) ;
#2084 = CARTESIAN_POINT ( 'NONE',  ( -1.000000000000000222, 1.949999999999999956, 0.0000000000000000000 ) ) ;
#2085 = CARTESIAN_POINT ( 'NONE',  ( 0.0000000000000000000, 0.0000000000000000000, 0.1500000000000001887 ) ) ;
#2086 = FACE_BOUND ( 'NONE', #2802, .T. ) ;
#2087 = EDGE_CURVE ( 'NONE', #2422, #1389, #2982, .T. ) ;
#2088 = CARTESIAN_POINT ( 'NONE',  ( 1.849999999999999423, -2.250000000000000888, 0.1250000000000000000 ) ) ;
#2089 = EDGE_LOOP ( 'NONE', ( #1756, #1012, #19, #1677, #1189, #2993 ) ) ;
#2090 = PLANE ( 'NONE',  #914 ) ;
#2091 = VERTEX_POINT ( 'NONE', #2451 ) ;
#2092 = CARTESIAN_POINT ( 'NONE',  ( 1.000000000000000444, -1.949999999999999734, 1.750000000000000000 ) ) ;
#2093 = CARTESIAN_POINT ( 'NONE',  ( -1.556438241627338126, -0.9999999999999997780, 1.750000000000000000 ) ) ;
#2094 = ORIENTED_EDGE ( 'NONE', *, *, #1676, .F. ) ;
#2095 = DIRECTION ( 'NONE',  ( -1.000000000000000000, 0.0000000000000000000, 0.0000000000000000000 ) ) ;
#2096 = ORIENTED_EDGE ( 'NONE', *, *, #1042, .T. ) ;
#2097 = CARTESIAN_POINT ( 'NONE',  ( 2.250000000000000000, -1.849999999999999645, 1.750000000000000000 ) ) ;
#2098 = DIRECTION ( 'NONE',  ( -1.000000000000000000, 2.409338161078899674E-16, 0.0000000000000000000 ) ) ;
#2099 = VERTEX_POINT ( 'NONE', #2967 ) ;
#2100 = CARTESIAN_POINT ( 'NONE',  ( 1.000000000000000444, -1.556438241627337904, 1.750000000000000000 ) ) ;
#2101 = EDGE_CURVE ( 'NONE', #2961, #2604, #1018, .T. ) ;
#2102 = CARTESIAN_POINT ( 'NONE',  ( 1.000000000000000444, -1.949999999999999734, 1.750000000000000000 ) ) ;
#2103 = ORIENTED_EDGE ( 'NONE', *, *, #1901, .T. ) ;
#2104 = EDGE_CURVE ( 'NONE', #710, #2219, #3023, .T. ) ;
#2105 = DIRECTION ( 'NONE',  ( -0.0000000000000000000, -0.0000000000000000000, -1.000000000000000000 ) ) ;
#2106 = CARTESIAN_POINT ( 'NONE',  ( -1.949999999999999956, 1.000000000000000000, 1.750000000000000000 ) ) ;
#2107 = ORIENTED_EDGE ( 'NONE', *, *, #1248, .T. ) ;
#2108 = CONTEXT_DEPENDENT_SHAPE_REPRESENTATION ( #2496, #2382 ) ;
#2109 = VERTEX_POINT ( 'NONE', #317 ) ;
#2110 = CARTESIAN_POINT ( 'NONE',  ( 1.650000000000000133, -1.649999999999999689, 0.1250000000000000000 ) ) ;
#2111 = DIRECTION ( 'NONE',  ( -0.0000000000000000000, -0.0000000000000000000, -1.000000000000000000 ) ) ;
#2112 = VECTOR ( 'NONE', #2241, 1000.000000000000000 ) ;
#2113 = ORIENTED_EDGE ( 'NONE', *, *, #174, .F. ) ;
#2114 = APPLICATION_PROTOCOL_DEFINITION ( 'draft international standard', 'automotive_design', 1998, #237 ) ;
#2115 = PRODUCT_DEFINITION ( 'UNKNOWN', '', #713, #2848 ) ;
#2116 = VECTOR ( 'NONE', #2167, 1000.000000000000000 ) ;
#2117 = LINE ( 'NONE', #1302, #2038 ) ;
#2118 = VERTEX_POINT ( 'NONE', #1251 ) ;
#2119 = CARTESIAN_POINT ( 'NONE',  ( 0.8999999999999994671, 2.250000000000000000, -0.6000000000000000888 ) ) ;
#2120 = DIRECTION ( 'NONE',  ( -0.0000000000000000000, 0.0000000000000000000, -1.000000000000000000 ) ) ;
#2121 = AXIS2_PLACEMENT_3D ( 'NONE', #961, #3182, #1693 ) ;
#2122 = FACE_OUTER_BOUND ( 'NONE', #966, .T. ) ;
#2123 = LINE ( 'NONE', #988, #2043 ) ;
#2124 = PLANE ( 'NONE',  #1321 ) ;
#2125 = DIRECTION ( 'NONE',  ( 2.409338161078899674E-16, 1.000000000000000000, -0.0000000000000000000 ) ) ;
#2126 = FACE_BOUND ( 'NONE', #1763, .T. ) ;
#2127 = CIRCLE ( 'NONE', #1990, 0.1729894334335608796 ) ;
#2128 = DIRECTION ( 'NONE',  ( 0.0000000000000000000, 0.0000000000000000000, 1.000000000000000000 ) ) ;
#2129 = DIRECTION ( 'NONE',  ( 1.000000000000000000, 0.0000000000000000000, 0.0000000000000000000 ) ) ;
#2130 = ORIENTED_EDGE ( 'NONE', *, *, #2986, .T. ) ;
#2131 = ORIENTED_EDGE ( 'NONE', *, *, #723, .F. ) ;
#2132 = DIRECTION ( 'NONE',  ( -0.0000000000000000000, -0.0000000000000000000, -1.000000000000000000 ) ) ;
#2133 = ORIENTED_EDGE ( 'NONE', *, *, #247, .F. ) ;
#2134 = ORIENTED_EDGE ( 'NONE', *, *, #32, .F. ) ;
#2135 = APPLICATION_CONTEXT ( 'automotive_design' ) ;
#2136 = ORIENTED_EDGE ( 'NONE', *, *, #392, .T. ) ;
#2137 = CARTESIAN_POINT ( 'NONE',  ( 1.949999999999999734, 1.000000000000000222, 1.750000000000000000 ) ) ;
#2138 = PRODUCT ( 'SW_Tactile_PUSH_Angled_4.5mm_H5.5mm_TS_C017', 'SW_Tactile_PUSH_Angled_4.5mm_H5.5mm_TS_C017', '', ( #1425 ) ) ;
#2139 = ORIENTED_EDGE ( 'NONE', *, *, #1739, .F. ) ;
#2140 = CARTESIAN_POINT ( 'NONE',  ( -1.850000000000000311, -2.250000000000000000, -0.1000000000000000611 ) ) ;
#2141 = CARTESIAN_POINT ( 'NONE',  ( 0.0000000000000000000, 0.0000000000000000000, 0.0000000000000000000 ) ) ;
#2142 = ORIENTED_EDGE ( 'NONE', *, *, #2690, .F. ) ;
#2143 = EDGE_CURVE ( 'NONE', #558, #2570, #1357, .T. ) ;
#2144 = CARTESIAN_POINT ( 'NONE',  ( -1.649999999999999689, -1.650000000000000133, 0.1250000000000000000 ) ) ;
#2145 = ORIENTED_EDGE ( 'NONE', *, *, #2026, .F. ) ;
#2146 = EDGE_CURVE ( 'NONE', #1790, #2255, #3099, .T. ) ;
#2147 = DIRECTION ( 'NONE',  ( -1.239088197126290324E-16, -1.000000000000000000, -0.0000000000000000000 ) ) ;
#2148 = CARTESIAN_POINT ( 'NONE',  ( 1.949999999999999734, 1.000000000000000222, 1.750000000000000000 ) ) ;
#2149 = UNCERTAINTY_MEASURE_WITH_UNIT (LENGTH_MEASURE( 1.000000000000000082E-05 ), #1339, 'distance_accuracy_value', 'NONE');
#2150 = ORIENTED_EDGE ( 'NONE', *, *, #587, .T. ) ;
#2151 = FACE_OUTER_BOUND ( 'NONE', #1568, .T. ) ;
#2152 = CARTESIAN_POINT ( 'NONE',  ( 0.8999999999999992450, 0.8999999999999992450, -0.6000000000000000888 ) ) ;
#2153 = ORIENTED_EDGE ( 'NONE', *, *, #3044, .T. ) ;
#2154 = AXIS2_PLACEMENT_3D ( 'NONE', #2013, #3026, #1537 ) ;
#2155 = FACE_OUTER_BOUND ( 'NONE', #755, .T. ) ;
#2156 = DIRECTION ( 'NONE',  ( 5.509692694577702353E-16, -1.000000000000000000, 0.0000000000000000000 ) ) ;
#2157 = CARTESIAN_POINT ( 'NONE',  ( 2.250000000000000000, 1.849999999999999645, 1.750000000000000000 ) ) ;
#2158 = FACE_OUTER_BOUND ( 'NONE', #2384, .T. ) ;
#2159 = VECTOR ( 'NONE', #1930, 1000.000000000000000 ) ;
#2160 = AXIS2_PLACEMENT_3D ( 'NONE', #1244, #253, #751 ) ;
#2161 = CARTESIAN_POINT ( 'NONE',  ( 1.949999999999999734, 0.9999999999999997780, 0.0000000000000000000 ) ) ;
#2162 = DIRECTION ( 'NONE',  ( -1.000000000000000000, 0.0000000000000000000, -5.033795800825555596E-16 ) ) ;
#2163 = EDGE_CURVE ( 'NONE', #2604, #747, #1815, .T. ) ;
#2164 =( NAMED_UNIT ( * ) SI_UNIT ( $, .STERADIAN. ) SOLID_ANGLE_UNIT ( ) );
#2165 = ORIENTED_EDGE ( 'NONE', *, *, #328, .F. ) ;
#2166 = CARTESIAN_POINT ( 'NONE',  ( 1.849999999999999423, -1.849999999999999867, 1.750000000000000000 ) ) ;
#2167 = DIRECTION ( 'NONE',  ( -1.239088197126290324E-16, -1.000000000000000000, -0.0000000000000000000 ) ) ;
#2168 = EDGE_CURVE ( 'NONE', #364, #1558, #1700, .T. ) ;
#2169 = ORIENTED_EDGE ( 'NONE', *, *, #597, .T. ) ;
#2170 = CARTESIAN_POINT ( 'NONE',  ( -1.850000000000000089, -1.000000000000000000, 1.750000000000000000 ) ) ;
#2171 = EDGE_LOOP ( 'NONE', ( #2769, #1334, #7, #287 ) ) ;
#2172 = ADVANCED_FACE ( 'NONE', ( #1210 ), #48, .F. ) ;
#2173 = DIRECTION ( 'NONE',  ( 1.000000000000000000, 0.0000000000000000000, 0.0000000000000000000 ) ) ;
#2174 = CARTESIAN_POINT ( 'NONE',  ( -1.949999999999999734, 1.000000000000000000, 0.1499999999999999667 ) ) ;
#2175 = ORIENTED_EDGE ( 'NONE', *, *, #1680, .F. ) ;
#2176 =( GEOMETRIC_REPRESENTATION_CONTEXT ( 3 ) GLOBAL_UNCERTAINTY_ASSIGNED_CONTEXT ( ( #814 ) ) GLOBAL_UNIT_ASSIGNED_CONTEXT ( ( #1681, #951, #1652 ) ) REPRESENTATION_CONTEXT ( 'NONE', 'WORKASPACE' ) );
#2177 = CARTESIAN_POINT ( 'NONE',  ( 0.8999999999999992450, 0.8999999999999992450, -0.6000000000000000888 ) ) ;
#2178 = ORIENTED_EDGE ( 'NONE', *, *, #78, .T. ) ;
#2179 = SHAPE_REPRESENTATION ( 'button_push_5.5mm', ( #589 ), #2455 ) ;
#2180 = AXIS2_PLACEMENT_3D ( 'NONE', #1714, #562, #1994 ) ;
#2181 = EDGE_LOOP ( 'NONE', ( #452, #626, #1456, #261 ) ) ;
#2182 = EDGE_CURVE ( 'NONE', #2798, #876, #1664, .T. ) ;
#2183 = EDGE_LOOP ( 'NONE', ( #1575 ) ) ;
#2184 = ORIENTED_EDGE ( 'NONE', *, *, #2851, .T. ) ;
#2185 = CARTESIAN_POINT ( 'NONE',  ( 1.849999999999999423, 1.849999999999999867, 1.750000000000000000 ) ) ;
#2186 = EDGE_CURVE ( 'NONE', #91, #2798, #1892, .T. ) ;
#2187 = CARTESIAN_POINT ( 'NONE',  ( -1.649999999999999245, -1.649999999999999689, 2.250000000000000444 ) ) ;
#2188 = ADVANCED_FACE ( 'NONE', ( #3140 ), #1980, .F. ) ;
#2189 = APPLICATION_PROTOCOL_DEFINITION ( 'draft international standard', 'automotive_design', 1998, #1910 ) ;
#2190 = VECTOR ( 'NONE', #898, 1000.000000000000000 ) ;
#2191 = MANIFOLD_SOLID_BREP ( 'Бобышка-Вытянуть1', #714 ) ;
#2192 = ORIENTED_EDGE ( 'NONE', *, *, #2946, .T. ) ;
#2193 = EDGE_CURVE ( 'NONE', #1713, #819, #2477, .T. ) ;
#2194 = FACE_OUTER_BOUND ( 'NONE', #1862, .T. ) ;
#2195 = VERTEX_POINT ( 'NONE', #565 ) ;
#2196 = PRESENTATION_STYLE_ASSIGNMENT (( #1601 ) ) ;
#2197 = SHAPE_REPRESENTATION ( 'button_front_pannel', ( #589 ), #1725 ) ;
#2198 = LINE ( 'NONE', #2093, #1545 ) ;
#2199 = VECTOR ( 'NONE', #74, 1000.000000000000000 ) ;
#2200 = LINE ( 'NONE', #1053, #313 ) ;
#2201 = DIRECTION ( 'NONE',  ( -0.0000000000000000000, -0.0000000000000000000, -1.000000000000000000 ) ) ;
#2202 = CARTESIAN_POINT ( 'NONE',  ( 0.3500000000000004774, -2.250000000000000000, 0.1250000000000000000 ) ) ;
#2203 = CARTESIAN_POINT ( 'NONE',  ( 1.850000000000000533, 2.250000000000000888, 0.1499999999999999112 ) ) ;
#2204 = EDGE_LOOP ( 'NONE', ( #1949, #1843, #2367, #1307, #1535, #2581, #406, #1600, #3130, #439, #2917, #362 ) ) ;
#2205 = ADVANCED_FACE ( 'NONE', ( #2314 ), #2059, .F. ) ;
#2206 = CARTESIAN_POINT ( 'NONE',  ( -0.9999999999999997780, -1.556438241627338348, 1.750000000000000000 ) ) ;
#2207 = ORIENTED_EDGE ( 'NONE', *, *, #1680, .T. ) ;
#2208 = EDGE_CURVE ( 'NONE', #2604, #2951, #1434, .T. ) ;
#2209 = DIRECTION ( 'NONE',  ( -1.606225440719265381E-16, -1.000000000000000000, -0.0000000000000000000 ) ) ;
#2210 = EDGE_LOOP ( 'NONE', ( #2966 ) ) ;
#2211 = EDGE_CURVE ( 'NONE', #2929, #2924, #1278, .T. ) ;
#2212 = ORIENTED_EDGE ( 'NONE', *, *, #2488, .F. ) ;
#2213 = ORIENTED_EDGE ( 'NONE', *, *, #1122, .F. ) ;
#2214 = CARTESIAN_POINT ( 'NONE',  ( -1.150000000000000133, -2.250000000000000444, 0.1499999999999999944 ) ) ;
#2215 = ORIENTED_EDGE ( 'NONE', *, *, #2750, .F. ) ;
#2216 = PRODUCT_RELATED_PRODUCT_CATEGORY ( 'part', '', ( #2138 ) ) ;
#2217 = CARTESIAN_POINT ( 'NONE',  ( 1.150000000000000355, 2.250000000000001332, 0.1499999999999999944 ) ) ;
#2218 = ADVANCED_FACE ( 'NONE', ( #1925, #2897 ), #1505, .T. ) ;
#2219 = VERTEX_POINT ( 'NONE', #1145 ) ;
#2220 = DIRECTION ( 'NONE',  ( -4.015563601798161357E-16, -1.000000000000000000, 0.0000000000000000000 ) ) ;
#2221 = DIRECTION ( 'NONE',  ( 0.0000000000000000000, 1.000000000000000000, 0.0000000000000000000 ) ) ;
#2222 = ORIENTED_EDGE ( 'NONE', *, *, #1065, .T. ) ;
#2223 = PRODUCT_DEFINITION_CONTEXT ( 'detailed design', #1157, 'design' ) ;
#2224 = EDGE_CURVE ( 'NONE', #558, #3003, #1737, .T. ) ;
#2225 = CARTESIAN_POINT ( 'NONE',  ( -1.849999999999999423, 2.250000000000000000, 1.750000000000000000 ) ) ;
#2226 = PRODUCT_DEFINITION_CONTEXT ( 'detailed design', #237, 'design' ) ;
#2227 = ORIENTED_EDGE ( 'NONE', *, *, #2224, .T. ) ;
#2228 = EDGE_CURVE ( 'NONE', #2803, #414, #1887, .T. ) ;
#2229 = CIRCLE ( 'NONE', #1976, 1.850000000000000089 ) ;
#2230 = DIRECTION ( 'NONE',  ( -0.0000000000000000000, -0.0000000000000000000, -1.000000000000000000 ) ) ;
#2231 = CARTESIAN_POINT ( 'NONE',  ( -0.8141393425958247665, 2.549999999999999378, 0.0000000000000000000 ) ) ;
#2232 = ORIENTED_EDGE ( 'NONE', *, *, #2896, .T. ) ;
#2233 = DIRECTION ( 'NONE',  ( -1.000000000000000000, 6.195440985631453345E-16, -1.161645184805897502E-16 ) ) ;
#2234 = FACE_OUTER_BOUND ( 'NONE', #1191, .T. ) ;
#2235 = FACE_BOUND ( 'NONE', #2697, .T. ) ;
#2236 = FACE_OUTER_BOUND ( 'NONE', #83, .T. ) ;
#2237 = CARTESIAN_POINT ( 'NONE',  ( -0.9000000000000000222, 0.8999999999999993561, -0.6000000000000000888 ) ) ;
#2238 = PRESENTATION_STYLE_ASSIGNMENT (( #784 ) ) ;
#2239 = CYLINDRICAL_SURFACE ( 'NONE', #2931, 1.850000000000000089 ) ;
#2240 = ADVANCED_FACE ( 'NONE', ( #1089, #2234 ), #164, .F. ) ;
#2241 = DIRECTION ( 'NONE',  ( -0.0000000000000000000, -0.0000000000000000000, -1.000000000000000000 ) ) ;
#2242 = AXIS2_PLACEMENT_3D ( 'NONE', #2677, #2420, #2907 ) ;
#2243 = CARTESIAN_POINT ( 'NONE',  ( 0.0000000000000000000, 0.0000000000000000000, 1.750000000000000000 ) ) ;
#2244 = DIRECTION ( 'NONE',  ( 1.000000000000000000, -1.172110456741086321E-16, 0.0000000000000000000 ) ) ;
#2245 = ORIENTED_EDGE ( 'NONE', *, *, #2405, .F. ) ;
#2246 = DIRECTION ( 'NONE',  ( -1.000000000000000000, 0.0000000000000000000, 0.0000000000000000000 ) ) ;
#2247 = EDGE_CURVE ( 'NONE', #2286, #1956, #1658, .T. ) ;
#2248 = CARTESIAN_POINT ( 'NONE',  ( 2.940209281316624220E-17, -0.3999999999999997446, 0.0000000000000000000 ) ) ;
#2249 = DIRECTION ( 'NONE',  ( 0.0000000000000000000, 1.000000000000000000, 0.0000000000000000000 ) ) ;
#2250 = EDGE_LOOP ( 'NONE', ( #2391, #1180, #2454, #1822, #2299 ) ) ;
#2251 = DIRECTION ( 'NONE',  ( -0.0000000000000000000, -0.0000000000000000000, -1.000000000000000000 ) ) ;
#2252 = ORIENTED_EDGE ( 'NONE', *, *, #1857, .F. ) ;
#2253 = PLANE ( 'NONE',  #2266 ) ;
#2254 = DIRECTION ( 'NONE',  ( -0.0000000000000000000, -0.0000000000000000000, -1.000000000000000000 ) ) ;
#2255 = VERTEX_POINT ( 'NONE', #143 ) ;
#2256 = EDGE_CURVE ( 'NONE', #1750, #2099, #942, .T. ) ;
#2257 = EDGE_LOOP ( 'NONE', ( #2027, #1087, #1309, #963 ) ) ;
#2258 = DIRECTION ( 'NONE',  ( -0.0000000000000000000, -0.0000000000000000000, -1.000000000000000000 ) ) ;
#2259 = ORIENTED_EDGE ( 'NONE', *, *, #275, .T. ) ;
#2260 = CARTESIAN_POINT ( 'NONE',  ( -1.850000000000000089, -1.000000000000000000, 0.1499999999999999112 ) ) ;
#2261 = ORIENTED_EDGE ( 'NONE', *, *, #2337, .F. ) ;
#2262 = PLANE ( 'NONE',  #365 ) ;
#2263 = CARTESIAN_POINT ( 'NONE',  ( 1.949999999999999512, 1.000000000000000222, 0.1499999999999999667 ) ) ;
#2264 = DIRECTION ( 'NONE',  ( -0.0000000000000000000, -0.0000000000000000000, -1.000000000000000000 ) ) ;
#2265 = SHAPE_REPRESENTATION ( 'button_case', ( #589 ), #2763 ) ;
#2266 = AXIS2_PLACEMENT_3D ( 'NONE', #1280, #1783, #1300 ) ;
#2267 = ORIENTED_EDGE ( 'NONE', *, *, #844, .T. ) ;
#2268 = DIRECTION ( 'NONE',  ( -7.350523203291556237E-17, 1.000000000000000000, -0.0000000000000000000 ) ) ;
#2269 = LINE ( 'NONE', #490, #1766 ) ;
#2270 = ORIENTED_EDGE ( 'NONE', *, *, #328, .T. ) ;
#2271 = EDGE_CURVE ( 'NONE', #2996, #488, #546, .T. ) ;
#2272 = DIRECTION ( 'NONE',  ( -5.509692694577702353E-16, 1.000000000000000000, 0.0000000000000000000 ) ) ;
#2273 = VECTOR ( 'NONE', #97, 1000.000000000000000 ) ;
#2274 = CIRCLE ( 'NONE', #341, 0.4000000000000004108 ) ;
#2275 = EDGE_CURVE ( 'NONE', #212, #2570, #3055, .T. ) ;
#2276 = CIRCLE ( 'NONE', #2055, 0.4000000000000075717 ) ;
#2277 = FACE_BOUND ( 'NONE', #207, .T. ) ;
#2278 = LINE ( 'NONE', #442, #983 ) ;
#2279 = SURFACE_SIDE_STYLE ('',( #1178 ) ) ;
#2280 = AXIS2_PLACEMENT_3D ( 'NONE', #1589, #630, #856 ) ;
#2281 = CARTESIAN_POINT ( 'NONE',  ( 1.850000000000000089, -0.9999999999999995559, 0.1499999999999999112 ) ) ;
#2282 = LINE ( 'NONE', #2140, #1626 ) ;
#2283 = PRODUCT_DEFINITION_CONTEXT ( 'detailed design', #1910, 'design' ) ;
#2284 = CARTESIAN_POINT ( 'NONE',  ( 0.3500000000000006439, -3.250000000000000000, 0.2500000000000000000 ) ) ;
#2285 =( GEOMETRIC_REPRESENTATION_CONTEXT ( 3 ) GLOBAL_UNCERTAINTY_ASSIGNED_CONTEXT ( ( #2745 ) ) GLOBAL_UNIT_ASSIGNED_CONTEXT ( ( #1858, #2082, #2812 ) ) REPRESENTATION_CONTEXT ( 'NONE', 'WORKASPACE' ) );
#2286 = VERTEX_POINT ( 'NONE', #890 ) ;
#2287 = AXIS2_PLACEMENT_3D ( 'NONE', #847, #1315, #633 ) ;
#2288 = DIRECTION ( 'NONE',  ( 0.0000000000000000000, 0.0000000000000000000, 1.000000000000000000 ) ) ;
#2289 = ORIENTED_EDGE ( 'NONE', *, *, #1595, .T. ) ;
#2290 = CARTESIAN_POINT ( 'NONE',  ( -1.949999999999999956, 1.000000000000000000, 0.0000000000000000000 ) ) ;
#2291 = ADVANCED_FACE ( 'NONE', ( #3179 ), #2838, .F. ) ;
#2292 = ORIENTED_EDGE ( 'NONE', *, *, #1199, .T. ) ;
#2293 = DIRECTION ( 'NONE',  ( 1.000000000000000000, 0.0000000000000000000, 0.0000000000000000000 ) ) ;
#2294 = UNCERTAINTY_MEASURE_WITH_UNIT (LENGTH_MEASURE( 1.000000000000000082E-05 ), #1548, 'distance_accuracy_value', 'NONE');
#2295 = ORIENTED_EDGE ( 'NONE', *, *, #2168, .T. ) ;
#2296 = CARTESIAN_POINT ( 'NONE',  ( 1.150000000000000577, 1.849999999999998979, 0.0000000000000000000 ) ) ;
#2297 = ORIENTED_EDGE ( 'NONE', *, *, #719, .T. ) ;
#2298 = CARTESIAN_POINT ( 'NONE',  ( 1.150000000000000355, 2.250000000000001332, -0.09999999999999947820 ) ) ;
#2299 = ORIENTED_EDGE ( 'NONE', *, *, #2770, .F. ) ;
#2300 = CARTESIAN_POINT ( 'NONE',  ( 1.000000000000000444, -1.556438241627337904, 0.0000000000000000000 ) ) ;
#2301 = EDGE_LOOP ( 'NONE', ( #122 ) ) ;
#2302 = CARTESIAN_POINT ( 'NONE',  ( 1.150000000000000355, 2.250000000000001332, 0.1499999999999999944 ) ) ;
#2303 = AXIS2_PLACEMENT_3D ( 'NONE', #1571, #2541, #127 ) ;
#2304 = VERTEX_POINT ( 'NONE', #1103 ) ;
#2305 = ITEM_DEFINED_TRANSFORMATION ( 'NONE', 'NONE', #1520,  #589 ) ;
#2306 = ORIENTED_EDGE ( 'NONE', *, *, #2872, .T. ) ;
#2307 = DIRECTION ( 'NONE',  ( -0.0000000000000000000, -0.0000000000000000000, -1.000000000000000000 ) ) ;
#2308 = FACE_OUTER_BOUND ( 'NONE', #93, .T. ) ;
#2309 = VECTOR ( 'NONE', #1894, 1000.000000000000000 ) ;
#2310 = ORIENTED_EDGE ( 'NONE', *, *, #1923, .F. ) ;
#2311 = DIRECTION ( 'NONE',  ( 4.015563601798161357E-16, 1.000000000000000000, 0.0000000000000000000 ) ) ;
#2312 = DIRECTION ( 'NONE',  ( -1.239088197126290324E-16, -1.000000000000000000, -0.0000000000000000000 ) ) ;
#2313 = SURFACE_SIDE_STYLE ('',( #103 ) ) ;
#2314 = FACE_OUTER_BOUND ( 'NONE', #2257, .T. ) ;
#2315 = LINE ( 'NONE', #374, #2357 ) ;
#2316 = VECTOR ( 'NONE', #333, 1000.000000000000000 ) ;
#2317 = EDGE_CURVE ( 'NONE', #128, #1121, #2473, .T. ) ;
#2318 = VECTOR ( 'NONE', #2311, 1000.000000000000000 ) ;
#2319 = FACE_OUTER_BOUND ( 'NONE', #2949, .T. ) ;
#2320 = EDGE_CURVE ( 'NONE', #1164, #1164, #2395, .T. ) ;
#2321 = DIRECTION ( 'NONE',  ( 1.000000000000000000, -2.409338161078899674E-16, -0.0000000000000000000 ) ) ;
#2322 = SURFACE_STYLE_USAGE ( .BOTH. , #140 ) ;
#2323 = PLANE ( 'NONE',  #2518 ) ;
#2324 = AXIS2_PLACEMENT_3D ( 'NONE', #245, #964, #2162 ) ;
#2325 = FACE_OUTER_BOUND ( 'NONE', #2932, .T. ) ;
#2326 = CARTESIAN_POINT ( 'NONE',  ( 1.850000000000000311, 1.000000000000000222, 0.1499999999999999112 ) ) ;
#2327 = PLANE ( 'NONE',  #590 ) ;
#2328 = EDGE_LOOP ( 'NONE', ( #888 ) ) ;
#2329 = AXIS2_PLACEMENT_3D ( 'NONE', #2810, #1745, #2246 ) ;
#2330 = CARTESIAN_POINT ( 'NONE',  ( -1.149999999999999467, 2.250000000000001332, -0.1000000000000000194 ) ) ;
#2331 = DIRECTION ( 'NONE',  ( 0.0000000000000000000, 0.0000000000000000000, 1.000000000000000000 ) ) ;
#2332 = ORIENTED_EDGE ( 'NONE', *, *, #1024, .T. ) ;
#2333 = ORIENTED_EDGE ( 'NONE', *, *, #948, .T. ) ;
#2334 = DIRECTION ( 'NONE',  ( -0.0000000000000000000, -0.0000000000000000000, -1.000000000000000000 ) ) ;
#2335 = FILL_AREA_STYLE_COLOUR ( '', #3015 ) ;
#2336 = CLOSED_SHELL ( 'NONE', ( #1721, #2799, #58, #22, #1305, #950, #1424, #1934, #2960, #2521, #1709, #368, #2712, #1679, #1187, #3161, #2205, #309, #994, #3011, #962, #87, #3145, #2553, #1069, #260, #1549, #744, #3039, #2472, #2666, #2928, #2218, #40, #222, #1497, #2890, #472, #293, #535, #932, #2015, #1229, #338, #2911, #1771, #2440, #768, #243, #484, #2503, #2188, #1968, #1948, #504, #2291, #11, #1661, #778, #712, #1755, #2533, #810 ) ) ;
#2337 = EDGE_CURVE ( 'NONE', #291, #1368, #2074, .T. ) ;
#2338 = DIRECTION ( 'NONE',  ( -0.0000000000000000000, -0.0000000000000000000, -1.000000000000000000 ) ) ;
#2339 = DIRECTION ( 'NONE',  ( -1.161645184805897256E-16, 1.439380837741575982E-32, 1.000000000000000000 ) ) ;
#2340 = ORIENTED_EDGE ( 'NONE', *, *, #719, .F. ) ;
#2341 = CARTESIAN_POINT ( 'NONE',  ( -1.849999999999999645, 2.250000000000001776, 0.1499999999999999112 ) ) ;
#2342 = ORIENTED_EDGE ( 'NONE', *, *, #965, .T. ) ;
#2343 = DIRECTION ( 'NONE',  ( 1.000000000000000000, 0.0000000000000000000, 0.0000000000000000000 ) ) ;
#2344 = DIRECTION ( 'NONE',  ( -0.0000000000000000000, -0.0000000000000000000, -1.000000000000000000 ) ) ;
#2345 =( NAMED_UNIT ( * ) SI_UNIT ( $, .STERADIAN. ) SOLID_ANGLE_UNIT ( ) );
#2346 = ORIENTED_EDGE ( 'NONE', *, *, #881, .F. ) ;
#2347 = CARTESIAN_POINT ( 'NONE',  ( 7.531577814756222064E-16, -3.900000000000000355, 0.1250000000000000000 ) ) ;
#2348 = DIRECTION ( 'NONE',  ( -2.344220913482172149E-16, 1.000000000000000000, 0.0000000000000000000 ) ) ;
#2349 = LINE ( 'NONE', #1197, #460 ) ;
#2350 = ORIENTED_EDGE ( 'NONE', *, *, #3086, .F. ) ;
#2351 = DIRECTION ( 'NONE',  ( -1.000000000000000000, 0.0000000000000000000, 0.0000000000000000000 ) ) ;
#2352 = UNCERTAINTY_MEASURE_WITH_UNIT (LENGTH_MEASURE( 1.000000000000000082E-05 ), #1445, 'distance_accuracy_value', 'NONE');
#2353 = FACE_OUTER_BOUND ( 'NONE', #2089, .T. ) ;
#2354 = CARTESIAN_POINT ( 'NONE',  ( -2.250000000000000000, 1.849999999999998979, -0.8000000000000000444 ) ) ;
#2355 = VECTOR ( 'NONE', #2544, 1000.000000000000000 ) ;
#2356 = VECTOR ( 'NONE', #1731, 1000.000000000000000 ) ;
#2357 = VECTOR ( 'NONE', #2060, 1000.000000000000000 ) ;
#2358 = FILL_AREA_STYLE_COLOUR ( '', #1431 ) ;
#2359 = EDGE_CURVE ( 'NONE', #1419, #308, #2198, .T. ) ;
#2360 = FACE_BOUND ( 'NONE', #936, .T. ) ;
#2361 = EDGE_CURVE ( 'NONE', #1427, #1713, #2041, .T. ) ;
#2362 = EDGE_LOOP ( 'NONE', ( #2878, #289, #2611, #2567, #895, #2031, #251, #284, #1292, #2139, #993, #682 ) ) ;
#2363 = ORIENTED_EDGE ( 'NONE', *, *, #2163, .F. ) ;
#2364 = CARTESIAN_POINT ( 'NONE',  ( 4.336808689942017736E-16, 0.0000000000000000000, -0.1250000000000000000 ) ) ;
#2365 = DIRECTION ( 'NONE',  ( 0.0000000000000000000, 1.000000000000000000, 0.0000000000000000000 ) ) ;
#2366 = AXIS2_PLACEMENT_3D ( 'NONE', #1508, #100, #1347 ) ;
#2367 = ORIENTED_EDGE ( 'NONE', *, *, #1629, .F. ) ;
#2368 = DIRECTION ( 'NONE',  ( -0.0000000000000000000, -0.0000000000000000000, -1.000000000000000000 ) ) ;
#2369 = PRODUCT ( 'button_front_pannel', 'button_front_pannel', '', ( #3156 ) ) ;
#2370 = EDGE_LOOP ( 'NONE', ( #2766, #939, #1262, #2034, #874, #1155, #3110, #2813 ) ) ;
#2371 = ORIENTED_EDGE ( 'NONE', *, *, #1109, .T. ) ;
#2372 = EDGE_CURVE ( 'NONE', #998, #1338, #2549, .T. ) ;
#2373 = DIRECTION ( 'NONE',  ( -0.0000000000000000000, -0.0000000000000000000, -1.000000000000000000 ) ) ;
#2374 = ORIENTED_EDGE ( 'NONE', *, *, #1875, .T. ) ;
#2375 = EDGE_CURVE ( 'NONE', #915, #747, #1969, .T. ) ;
#2376 = CARTESIAN_POINT ( 'NONE',  ( 0.8999999999999992450, 0.8999999999999992450, -0.8000000000000000444 ) ) ;
#2377 = PLANE ( 'NONE',  #1724 ) ;
#2378 = EDGE_LOOP ( 'NONE', ( #2525 ) ) ;
#2379 = ORIENTED_EDGE ( 'NONE', *, *, #564, .T. ) ;
#2380 = DIRECTION ( 'NONE',  ( -1.000000000000000000, 0.0000000000000000000, 0.0000000000000000000 ) ) ;
#2381 = PLANE ( 'NONE',  #2824 ) ;
#2382 = PRODUCT_DEFINITION_SHAPE ( 'NONE', 'NONE',  #3184 ) ;
#2383 = ITEM_DEFINED_TRANSFORMATION ( 'NONE', 'NONE', #2883,  #589 ) ;
#2384 = EDGE_LOOP ( 'NONE', ( #3149, #786, #1639, #727, #2999, #321, #1762, #2759, #2412, #52, #1469, #2620 ) ) ;
#2385 = CARTESIAN_POINT ( 'NONE',  ( -0.9000000000000000222, 0.8999999999999993561, -0.6000000000000000888 ) ) ;
#2386 = CARTESIAN_POINT ( 'NONE',  ( 1.499999999999999112, -1.724999999999999867, 1.250000000000000222 ) ) ;
#2387 = PRODUCT_DEFINITION ( 'UNKNOWN', '', #443, #459 ) ;
#2388 = LINE ( 'NONE', #258, #2859 ) ;
#2389 = VECTOR ( 'NONE', #886, 1000.000000000000000 ) ;
#2390 = VERTEX_POINT ( 'NONE', #2009 ) ;
#2391 = ORIENTED_EDGE ( 'NONE', *, *, #723, .T. ) ;
#2392 = DIRECTION ( 'NONE',  ( 1.000000000000000000, 7.350523203291556237E-17, 0.0000000000000000000 ) ) ;
#2393 = DIRECTION ( 'NONE',  ( -0.0000000000000000000, -0.0000000000000000000, -1.000000000000000000 ) ) ;
#2394 = AXIS2_PLACEMENT_3D ( 'NONE', #1651, #2128, #2862 ) ;
#2395 = CIRCLE ( 'NONE', #46, 0.4250000000000000444 ) ;
#2396 = FACE_BOUND ( 'NONE', #2969, .T. ) ;
#2397 = LINE ( 'NONE', #2263, #1971 ) ;
#2398 = CARTESIAN_POINT ( 'NONE',  ( 1.849999999999999867, -2.250000000000000888, -0.09999999999999911737 ) ) ;
#2399 = LINE ( 'NONE', #524, #621 ) ;
#2400 = PLANE ( 'NONE',  #850 ) ;
#2401 = VECTOR ( 'NONE', #1641, 1000.000000000000000 ) ;
#2402 = EDGE_CURVE ( 'NONE', #2195, #2195, #2007, .T. ) ;
#2403 = VECTOR ( 'NONE', #2894, 1000.000000000000000 ) ;
#2404 = CARTESIAN_POINT ( 'NONE',  ( -1.850000000000000311, 1.849999999999998979, 0.1250000000000000000 ) ) ;
#2405 = EDGE_CURVE ( 'NONE', #18, #1158, #384, .T. ) ;
#2406 = FACE_OUTER_BOUND ( 'NONE', #444, .T. ) ;
#2407 = CARTESIAN_POINT ( 'NONE',  ( 0.8999999999999983569, -2.250000000000000888, -0.6000000000000000888 ) ) ;
#2408 = VERTEX_POINT ( 'NONE', #2385 ) ;
#2409 = ADVANCED_FACE ( 'NONE', ( #617, #1014 ), #1811, .F. ) ;
#2410 = DIRECTION ( 'NONE',  ( 1.000000000000000000, -0.0000000000000000000, 1.161645184805897256E-16 ) ) ;
#2411 = CARTESIAN_POINT ( 'NONE',  ( -1.849999999999999645, 2.250000000000001776, 0.1499999999999999112 ) ) ;
#2412 = ORIENTED_EDGE ( 'NONE', *, *, #789, .T. ) ;
#2413 = ORIENTED_EDGE ( 'NONE', *, *, #2686, .T. ) ;
#2414 = CARTESIAN_POINT ( 'NONE',  ( -0.9000000000000000222, 0.8999999999999993561, -0.8000000000000000444 ) ) ;
#2415 = AXIS2_PLACEMENT_3D ( 'NONE', #1266, #41, #3004 ) ;
#2416 = ORIENTED_EDGE ( 'NONE', *, *, #2876, .F. ) ;
#2417 = CARTESIAN_POINT ( 'NONE',  ( -2.168404344971008868E-16, 2.949999999999999734, 0.0000000000000000000 ) ) ;
#2418 = EDGE_CURVE ( 'NONE', #772, #1983, #691, .T. ) ;
#2419 = ORIENTED_EDGE ( 'NONE', *, *, #2271, .F. ) ;
#2420 = DIRECTION ( 'NONE',  ( 0.0000000000000000000, 0.0000000000000000000, 1.000000000000000000 ) ) ;
#2421 = DIRECTION ( 'NONE',  ( 0.0000000000000000000, 0.0000000000000000000, 1.000000000000000000 ) ) ;
#2422 = VERTEX_POINT ( 'NONE', #2414 ) ;
#2423 = EDGE_CURVE ( 'NONE', #1956, #3073, #1167, .T. ) ;
#2424 = DIRECTION ( 'NONE',  ( -1.239088197126290324E-16, -1.000000000000000000, -0.0000000000000000000 ) ) ;
#2425 = ADVANCED_FACE ( 'NONE', ( #1583 ), #1631, .F. ) ;
#2426 = ORIENTED_EDGE ( 'NONE', *, *, #1026, .F. ) ;
#2427 = PLANE ( 'NONE',  #3167 ) ;
#2428 = EDGE_LOOP ( 'NONE', ( #2192, #1630, #478, #871 ) ) ;
#2429 = CARTESIAN_POINT ( 'NONE',  ( 1.556438241627338348, -0.9999999999999997780, 1.750000000000000000 ) ) ;
#2430 = VECTOR ( 'NONE', #2410, 1000.000000000000000 ) ;
#2431 = DIRECTION ( 'NONE',  ( -0.0000000000000000000, 0.0000000000000000000, -1.000000000000000000 ) ) ;
#2432 = ORIENTED_EDGE ( 'NONE', *, *, #2851, .F. ) ;
#2433 = VECTOR ( 'NONE', #356, 1000.000000000000000 ) ;
#2434 = VERTEX_POINT ( 'NONE', #543 ) ;
#2435 = DIRECTION ( 'NONE',  ( -0.0000000000000000000, -0.0000000000000000000, -1.000000000000000000 ) ) ;
#2436 = PLANE ( 'NONE',  #110 ) ;
#2437 = VECTOR ( 'NONE', #24, 1000.000000000000000 ) ;
#2438 = VECTOR ( 'NONE', #2524, 1000.000000000000000 ) ;
#2439 = AXIS2_PLACEMENT_3D ( 'NONE', #1004, #2963, #2730 ) ;
#2440 = ADVANCED_FACE ( 'NONE', ( #1354 ), #1190, .F. ) ;
#2441 = VECTOR ( 'NONE', #1834, 1000.000000000000000 ) ;
#2442 = CARTESIAN_POINT ( 'NONE',  ( -1.849999999999999423, 2.250000000000000000, -0.8000000000000000444 ) ) ;
#2443 = PRODUCT_DEFINITION_SHAPE ( 'NONE', 'NONE',  #2387 ) ;
#2444 = EDGE_CURVE ( 'NONE', #291, #710, #311, .T. ) ;
#2445 = FACE_OUTER_BOUND ( 'NONE', #568, .T. ) ;
#2446 = CARTESIAN_POINT ( 'NONE',  ( -0.8999999999999994671, -2.250000000000000444, -0.6000000000000000888 ) ) ;
#2447 = DIRECTION ( 'NONE',  ( 5.509692694577702353E-16, -1.000000000000000000, 0.0000000000000000000 ) ) ;
#2448 = CARTESIAN_POINT ( 'NONE',  ( -1.949999999999999956, -1.000000000000000000, 1.750000000000000000 ) ) ;
#2449 = EDGE_CURVE ( 'NONE', #2022, #1460, #2785, .T. ) ;
#2450 = ORIENTED_EDGE ( 'NONE', *, *, #2143, .F. ) ;
#2451 = CARTESIAN_POINT ( 'NONE',  ( 0.8999999999999994671, 2.250000000000000000, -0.6000000000000000888 ) ) ;
#2452 = AXIS2_PLACEMENT_3D ( 'NONE', #1814, #387, #2049 ) ;
#2453 = ORIENTED_EDGE ( 'NONE', *, *, #2104, .F. ) ;
#2454 = ORIENTED_EDGE ( 'NONE', *, *, #2485, .T. ) ;
#2455 =( GEOMETRIC_REPRESENTATION_CONTEXT ( 3 ) GLOBAL_UNCERTAINTY_ASSIGNED_CONTEXT ( ( #149 ) ) GLOBAL_UNIT_ASSIGNED_CONTEXT ( ( #1849, #165, #3101 ) ) REPRESENTATION_CONTEXT ( 'NONE', 'WORKASPACE' ) );
#2456 = ADVANCED_BREP_SHAPE_REPRESENTATION ( '', ( #169, #589 ), #1725 ) ;
#2457 = DIRECTION ( 'NONE',  ( -1.000000000000000000, 0.0000000000000000000, 0.0000000000000000000 ) ) ;
#2458 = CARTESIAN_POINT ( 'NONE',  ( -1.000000000000000222, 1.949999999999999956, 1.750000000000000000 ) ) ;
#2459 = ADVANCED_FACE ( 'NONE', ( #903 ), #71, .T. ) ;
#2460 = ORIENTED_EDGE ( 'NONE', *, *, #1084, .F. ) ;
#2461 = AXIS2_PLACEMENT_3D ( 'NONE', #3144, #2672, #735 ) ;
#2462 = ORIENTED_EDGE ( 'NONE', *, *, #813, .F. ) ;
#2463 = ORIENTED_EDGE ( 'NONE', *, *, #2361, .F. ) ;
#2464 = DIRECTION ( 'NONE',  ( 0.0000000000000000000, 0.0000000000000000000, 1.000000000000000000 ) ) ;
#2465 = ORIENTED_EDGE ( 'NONE', *, *, #2709, .T. ) ;
#2466 = CARTESIAN_POINT ( 'NONE',  ( 1.149999999999999689, -2.250000000000000444, 0.1499999999999999944 ) ) ;
#2467 = ORIENTED_EDGE ( 'NONE', *, *, #1440, .T. ) ;
#2468 = DIRECTION ( 'NONE',  ( -7.350523203291556237E-17, 1.000000000000000000, -0.0000000000000000000 ) ) ;
#2469 = VECTOR ( 'NONE', #1037, 1000.000000000000000 ) ;
#2470 = VERTEX_POINT ( 'NONE', #2953 ) ;
#2471 = FACE_OUTER_BOUND ( 'NONE', #918, .T. ) ;
#2472 = ADVANCED_FACE ( 'NONE', ( #2122 ), #201, .F. ) ;
#2473 = LINE ( 'NONE', #132, #2818 ) ;
#2474 = LINE ( 'NONE', #327, #2438 ) ;
#2475 = FACE_OUTER_BOUND ( 'NONE', #1451, .T. ) ;
#2476 = CARTESIAN_POINT ( 'NONE',  ( -1.313834756105372481, 2.467449748351246974, 0.0000000000000000000 ) ) ;
#2477 = LINE ( 'NONE', #115, #1317 ) ;
#2478 = VECTOR ( 'NONE', #2650, 1000.000000000000000 ) ;
#2479 = CARTESIAN_POINT ( 'NONE',  ( 1.150000000000000355, 2.250000000000001332, 0.1499999999999999944 ) ) ;
#2480 = FACE_OUTER_BOUND ( 'NONE', #265, .T. ) ;
#2481 = DIRECTION ( 'NONE',  ( -0.0000000000000000000, -0.0000000000000000000, -1.000000000000000000 ) ) ;
#2482 = VECTOR ( 'NONE', #2794, 1000.000000000000000 ) ;
#2483 = DIRECTION ( 'NONE',  ( 1.000000000000000000, 0.0000000000000000000, 0.0000000000000000000 ) ) ;
#2484 = VERTEX_POINT ( 'NONE', #1908 ) ;
#2485 = EDGE_CURVE ( 'NONE', #1041, #479, #2852, .T. ) ;
#2486 = ORIENTED_EDGE ( 'NONE', *, *, #1230, .T. ) ;
#2487 = DIRECTION ( 'NONE',  ( -1.000000000000000000, 0.0000000000000000000, 0.0000000000000000000 ) ) ;
#2488 = EDGE_CURVE ( 'NONE', #2929, #2803, #685, .T. ) ;
#2489 = ORIENTED_EDGE ( 'NONE', *, *, #1839, .F. ) ;
#2490 = SURFACE_SIDE_STYLE ('',( #2902 ) ) ;
#2491 = CARTESIAN_POINT ( 'NONE',  ( -0.9999999999999997780, -1.556438241627338348, 0.0000000000000000000 ) ) ;
#2492 = PRODUCT_DEFINITION_SHAPE ( 'NONE', 'NONE',  #3018 ) ;
#2493 = ORIENTED_EDGE ( 'NONE', *, *, #844, .F. ) ;
#2494 = CARTESIAN_POINT ( 'NONE',  ( 0.0000000000000000000, 0.0000000000000000000, 1.750000000000000000 ) ) ;
#2495 = VERTEX_POINT ( 'NONE', #1944 ) ;
#2496 =( REPRESENTATION_RELATIONSHIP ('NONE','NONE', #1074, #2197 ) REPRESENTATION_RELATIONSHIP_WITH_TRANSFORMATION ( #1534 )SHAPE_REPRESENTATION_RELATIONSHIP( ) );
#2497 = DIRECTION ( 'NONE',  ( 0.0000000000000000000, 0.0000000000000000000, 1.000000000000000000 ) ) ;
#2498 = MECHANICAL_DESIGN_GEOMETRIC_PRESENTATION_REPRESENTATION (  '', ( #447 ), #382 ) ;
#2499 = VERTEX_POINT ( 'NONE', #1465 ) ;
#2500 = CARTESIAN_POINT ( 'NONE',  ( -2.249999999999999112, -0.8999999999999994671, -0.8000000000000000444 ) ) ;
#2501 = VERTEX_POINT ( 'NONE', #1707 ) ;
#2502 = EDGE_CURVE ( 'NONE', #1515, #364, #2278, .T. ) ;
#2503 = ADVANCED_FACE ( 'NONE', ( #1732 ), #1953, .F. ) ;
#2504 = PLANE ( 'NONE',  #2972 ) ;
#2505 = VERTEX_POINT ( 'NONE', #2681 ) ;
#2506 = EDGE_CURVE ( 'NONE', #2954, #998, #2388, .T. ) ;
#2507 = CIRCLE ( 'NONE', #2683, 1.850000000000000089 ) ;
#2508 = CARTESIAN_POINT ( 'NONE',  ( 1.850000000000000533, 2.250000000000000888, -0.09999999999999911737 ) ) ;
#2509 = CARTESIAN_POINT ( 'NONE',  ( 0.8999999999999983569, -2.250000000000000888, -0.8000000000000000444 ) ) ;
#2510 = LINE ( 'NONE', #2330, #1851 ) ;
#2511 = VECTOR ( 'NONE', #1363, 1000.000000000000000 ) ;
#2512 = LINE ( 'NONE', #2296, #1388 ) ;
#2513 = DIRECTION ( 'NONE',  ( 1.000000000000000000, 0.0000000000000000000, 0.0000000000000000000 ) ) ;
#2514 = CYLINDRICAL_SURFACE ( 'NONE', #1567, 0.4000000000000001887 ) ;
#2515 = VECTOR ( 'NONE', #1444, 1000.000000000000000 ) ;
#2516 = DIRECTION ( 'NONE',  ( -1.000000000000000000, -1.172110456741086321E-16, -0.0000000000000000000 ) ) ;
#2517 = PRODUCT_DEFINITION ( 'UNKNOWN', '', #378, #2226 ) ;
#2518 = AXIS2_PLACEMENT_3D ( 'NONE', #3042, #116, #2532 ) ;
#2519 = VECTOR ( 'NONE', #2808, 1000.000000000000000 ) ;
#2520 = DIRECTION ( 'NONE',  ( 0.0000000000000000000, 0.0000000000000000000, 1.000000000000000000 ) ) ;
#2521 = ADVANCED_FACE ( 'NONE', ( #423 ), #2933, .T. ) ;
#2522 = LINE ( 'NONE', #1728, #986 ) ;
#2523 = PLANE ( 'NONE',  #286 ) ;
#2524 = DIRECTION ( 'NONE',  ( -0.0000000000000000000, -0.0000000000000000000, -1.000000000000000000 ) ) ;
#2525 = ORIENTED_EDGE ( 'NONE', *, *, #1920, .F. ) ;
#2526 = CARTESIAN_POINT ( 'NONE',  ( -1.849999999999999423, 2.250000000000000000, -0.1000000000000000472 ) ) ;
#2527 = ORIENTED_EDGE ( 'NONE', *, *, #2449, .F. ) ;
#2528 = CARTESIAN_POINT ( 'NONE',  ( -1.556438241627338126, 1.000000000000000000, 1.750000000000000000 ) ) ;
#2529 = DIRECTION ( 'NONE',  ( -1.000000000000000000, 0.0000000000000000000, 0.0000000000000000000 ) ) ;
#2530 = ORIENTED_EDGE ( 'NONE', *, *, #2608, .T. ) ;
#2531 = ORIENTED_EDGE ( 'NONE', *, *, #2744, .T. ) ;
#2532 = DIRECTION ( 'NONE',  ( 0.0000000000000000000, 0.0000000000000000000, 1.000000000000000000 ) ) ;
#2533 = ADVANCED_FACE ( 'NONE', ( #2194 ), #2436, .F. ) ;
#2534 = ORIENTED_EDGE ( 'NONE', *, *, #497, .F. ) ;
#2535 = STYLED_ITEM ( 'NONE', ( #2196 ), #1685 ) ;
#2536 = EDGE_LOOP ( 'NONE', ( #1649 ) ) ;
#2537 = CARTESIAN_POINT ( 'NONE',  ( 0.3500000000000004774, -2.250000000000000000, 0.1250000000000000000 ) ) ;
#2538 = CARTESIAN_POINT ( 'NONE',  ( 0.3500000000000006439, 3.250000000000000000, 0.2500000000000000000 ) ) ;
#2539 = ORIENTED_EDGE ( 'NONE', *, *, #1818, .T. ) ;
#2540 = DIRECTION ( 'NONE',  ( 0.0000000000000000000, 0.0000000000000000000, 1.000000000000000000 ) ) ;
#2541 = DIRECTION ( 'NONE',  ( 0.0000000000000000000, 0.0000000000000000000, 1.000000000000000000 ) ) ;
#2542 = EDGE_LOOP ( 'NONE', ( #324 ) ) ;
#2543 = EDGE_CURVE ( 'NONE', #1950, #1730, #2780, .T. ) ;
#2544 = DIRECTION ( 'NONE',  ( 0.0000000000000000000, -0.0000000000000000000, 1.000000000000000000 ) ) ;
#2545 = FACE_OUTER_BOUND ( 'NONE', #1377, .T. ) ;
#2546 = LINE ( 'NONE', #680, #229 ) ;
#2547 = VERTEX_POINT ( 'NONE', #1238 ) ;
#2548 = EDGE_CURVE ( 'NONE', #2255, #1252, #458, .T. ) ;
#2549 = CIRCLE ( 'NONE', #805, 1.850000000000000089 ) ;
#2550 = VECTOR ( 'NONE', #1104, 1000.000000000000000 ) ;
#2551 = VECTOR ( 'NONE', #2756, 1000.000000000000000 ) ;
#2552 = DIRECTION ( 'NONE',  ( -1.606225440719267353E-16, -1.000000000000000000, 0.0000000000000000000 ) ) ;
#2553 = ADVANCED_FACE ( 'NONE', ( #2545 ), #3133, .F. ) ;
#2554 = AXIS2_PLACEMENT_3D ( 'NONE', #2622, #1400, #935 ) ;
#2555 = VECTOR ( 'NONE', #1853, 1000.000000000000000 ) ;
#2556 = DIRECTION ( 'NONE',  ( 2.344220913482172149E-16, -1.000000000000000000, -0.0000000000000000000 ) ) ;
#2557 = LINE ( 'NONE', #180, #1246 ) ;
#2558 = CARTESIAN_POINT ( 'NONE',  ( -1.849999999999999867, 1.000000000000000000, 1.750000000000000000 ) ) ;
#2559 =( GEOMETRIC_REPRESENTATION_CONTEXT ( 3 ) GLOBAL_UNCERTAINTY_ASSIGNED_CONTEXT ( ( #1076 ) ) GLOBAL_UNIT_ASSIGNED_CONTEXT ( ( #3153, #947, #2164 ) ) REPRESENTATION_CONTEXT ( 'NONE', 'WORKASPACE' ) );
#2560 = LINE ( 'NONE', #1048, #624 ) ;
#2561 = AXIS2_PLACEMENT_3D ( 'NONE', #1335, #2586, #2606 ) ;
#2562 = CARTESIAN_POINT ( 'NONE',  ( -1.149999999999999911, -1.449137674618943938, 0.0000000000000000000 ) ) ;
#2563 = ORIENTED_EDGE ( 'NONE', *, *, #1985, .T. ) ;
#2564 = CARTESIAN_POINT ( 'NONE',  ( -1.556438241627338570, -1.000000000000000000, 0.1499999999999999944 ) ) ;
#2565 = ORIENTED_EDGE ( 'NONE', *, *, #2946, .F. ) ;
#2566 = DIRECTION ( 'NONE',  ( -0.0000000000000000000, -0.0000000000000000000, -1.000000000000000000 ) ) ;
#2567 = ORIENTED_EDGE ( 'NONE', *, *, #1225, .F. ) ;
#2568 = EDGE_CURVE ( 'NONE', #479, #18, #1393, .T. ) ;
#2569 = DIRECTION ( 'NONE',  ( 0.0000000000000000000, 0.0000000000000000000, 1.000000000000000000 ) ) ;
#2570 = VERTEX_POINT ( 'NONE', #510 ) ;
#2571 = FILL_AREA_STYLE ('',( #3097 ) ) ;
#2572 = ORIENTED_EDGE ( 'NONE', *, *, #2502, .F. ) ;
#2573 =( LENGTH_UNIT ( ) NAMED_UNIT ( * ) SI_UNIT ( .MILLI., .METRE. ) );
#2574 = CARTESIAN_POINT ( 'NONE',  ( -0.8999999999999994671, 2.250000000000000444, -0.6000000000000000888 ) ) ;
#2575 = ORIENTED_EDGE ( 'NONE', *, *, #2583, .F. ) ;
#2576 = PLANE ( 'NONE',  #1021 ) ;
#2577 = CARTESIAN_POINT ( 'NONE',  ( -0.3499999999999992562, -3.900000000000000355, 0.1250000000000000000 ) ) ;
#2578 = AXIS2_PLACEMENT_3D ( 'NONE', #2771, #84, #360 ) ;
#2579 = ORIENTED_EDGE ( 'NONE', *, *, #813, .T. ) ;
#2580 = DIRECTION ( 'NONE',  ( 1.000000000000000000, 0.0000000000000000000, 0.0000000000000000000 ) ) ;
#2581 = ORIENTED_EDGE ( 'NONE', *, *, #2944, .T. ) ;
#2582 =( NAMED_UNIT ( * ) SI_UNIT ( $, .STERADIAN. ) SOLID_ANGLE_UNIT ( ) );
#2583 = EDGE_CURVE ( 'NONE', #1736, #1750, #1162, .T. ) ;
#2584 = LINE ( 'NONE', #787, #2892 ) ;
#2585 = ORIENTED_EDGE ( 'NONE', *, *, #2087, .T. ) ;
#2586 = DIRECTION ( 'NONE',  ( -1.000000000000000000, 1.239088197126290324E-16, 0.0000000000000000000 ) ) ;
#2587 = CIRCLE ( 'NONE', #2912, 0.8141393425958245444 ) ;
#2588 = EDGE_CURVE ( 'NONE', #710, #1515, #613, .T. ) ;
#2589 = VECTOR ( 'NONE', #2272, 1000.000000000000000 ) ;
#2590 = DIRECTION ( 'NONE',  ( -1.000000000000000000, 0.0000000000000000000, 0.0000000000000000000 ) ) ;
#2591 = FACE_OUTER_BOUND ( 'NONE', #3078, .T. ) ;
#2592 = CONICAL_SURFACE ( 'NONE', #1277, 1.399999999999999689, 0.03490658503987953409 ) ;
#2593 = DIRECTION ( 'NONE',  ( -1.000000000000000000, -7.350523203291556237E-17, 0.0000000000000000000 ) ) ;
#2594 = CARTESIAN_POINT ( 'NONE',  ( -1.849999999999999201, -2.250000000000000444, -0.1000000000000000472 ) ) ;
#2595 = CIRCLE ( 'NONE', #841, 0.3722283730519099221 ) ;
#2596 = CARTESIAN_POINT ( 'NONE',  ( -1.649999999999999911, 1.649999999999999911, 1.750000000000000000 ) ) ;
#2597 = AXIS2_PLACEMENT_3D ( 'NONE', #1906, #3, #1697 ) ;
#2598 = EDGE_LOOP ( 'NONE', ( #839, #1349, #1835, #1028 ) ) ;
#2599 = DIRECTION ( 'NONE',  ( 1.000000000000000000, 0.0000000000000000000, 0.0000000000000000000 ) ) ;
#2600 = DIRECTION ( 'NONE',  ( -1.000000000000000000, -7.350523203291556237E-17, 0.0000000000000000000 ) ) ;
#2601 = EDGE_LOOP ( 'NONE', ( #1372 ) ) ;
#2602 = AXIS2_PLACEMENT_3D ( 'NONE', #2537, #1259, #2775 ) ;
#2603 = DIRECTION ( 'NONE',  ( 1.000000000000000000, 0.0000000000000000000, 0.0000000000000000000 ) ) ;
#2604 = VERTEX_POINT ( 'NONE', #2161 ) ;
#2605 = VERTEX_POINT ( 'NONE', #1351 ) ;
#2606 = DIRECTION ( 'NONE',  ( -1.239088197126290324E-16, -1.000000000000000000, 0.0000000000000000000 ) ) ;
#2607 = ORIENTED_EDGE ( 'NONE', *, *, #2143, .T. ) ;
#2608 = EDGE_CURVE ( 'NONE', #1427, #475, #762, .T. ) ;
#2609 = SURFACE_SIDE_STYLE ('',( #2855 ) ) ;
#2610 = STYLED_ITEM ( 'NONE', ( #39 ), #282 ) ;
#2611 = ORIENTED_EDGE ( 'NONE', *, *, #411, .F. ) ;
#2612 = VERTEX_POINT ( 'NONE', #2574 ) ;
#2613 = DIRECTION ( 'NONE',  ( -0.0000000000000000000, -0.0000000000000000000, -1.000000000000000000 ) ) ;
#2614 = DIRECTION ( 'NONE',  ( 0.0000000000000000000, 1.000000000000000000, 0.0000000000000000000 ) ) ;
#2615 = ORIENTED_EDGE ( 'NONE', *, *, #597, .F. ) ;
#2616 = DIRECTION ( 'NONE',  ( -1.000000000000000000, -6.023345402697247951E-17, 0.0000000000000000000 ) ) ;
#2617 = CARTESIAN_POINT ( 'NONE',  ( 0.0000000000000000000, 0.0000000000000000000, 0.0000000000000000000 ) ) ;
#2618 = AXIS2_PLACEMENT_3D ( 'NONE', #1213, #1448, #273 ) ;
#2619 = LINE ( 'NONE', #2137, #1554 ) ;
#2620 = ORIENTED_EDGE ( 'NONE', *, *, #929, .T. ) ;
#2621 = LINE ( 'NONE', #629, #1963 ) ;
#2622 = CARTESIAN_POINT ( 'NONE',  ( -1.849999999999999423, -1.849999999999999867, 0.1250000000000000000 ) ) ;
#2623 = VECTOR ( 'NONE', #1830, 1000.000000000000000 ) ;
#2624 = EDGE_CURVE ( 'NONE', #128, #2408, #1050, .T. ) ;
#2625 = VECTOR ( 'NONE', #2823, 1000.000000000000000 ) ;
#2626 = VECTOR ( 'NONE', #1316, 1000.000000000000000 ) ;
#2627 = FACE_OUTER_BOUND ( 'NONE', #1599, .T. ) ;
#2628 = APPLICATION_PROTOCOL_DEFINITION ( 'draft international standard', 'automotive_design', 1998, #919 ) ;
#2629 = MECHANICAL_DESIGN_GEOMETRIC_PRESENTATION_REPRESENTATION (  '', ( #2610 ), #3117 ) ;
#2630 = CIRCLE ( 'NONE', #1561, 1.399999999999999689 ) ;
#2631 = CARTESIAN_POINT ( 'NONE',  ( 0.0000000000000000000, 0.0000000000000000000, 0.1500000000000001887 ) ) ;
#2632 = VECTOR ( 'NONE', #1153, 1000.000000000000000 ) ;
#2633 = UNCERTAINTY_MEASURE_WITH_UNIT (LENGTH_MEASURE( 1.000000000000000082E-05 ), #641, 'distance_accuracy_value', 'NONE');
#2634 = VECTOR ( 'NONE', #2753, 1000.000000000000000 ) ;
#2635 = CARTESIAN_POINT ( 'NONE',  ( -0.3500000000000008660, 3.250000000000000000, 0.2500000000000000000 ) ) ;
#2636 = ORIENTED_EDGE ( 'NONE', *, *, #2044, .T. ) ;
#2637 = CARTESIAN_POINT ( 'NONE',  ( -0.8999999999999994671, -2.250000000000000444, -0.6000000000000000888 ) ) ;
#2638 = ORIENTED_EDGE ( 'NONE', *, *, #2275, .F. ) ;
#2639 = EDGE_LOOP ( 'NONE', ( #2585, #1257, #2346, #2342 ) ) ;
#2640 = PRODUCT_DEFINITION_SHAPE ( 'NONE', 'NONE',  #3183 ) ;
#2641 = CARTESIAN_POINT ( 'NONE',  ( -1.150000000000000133, -2.250000000000000444, -0.1000000000000000194 ) ) ;
#2642 = ORIENTED_EDGE ( 'NONE', *, *, #1067, .F. ) ;
#2643 = EDGE_CURVE ( 'NONE', #301, #1563, #1806, .T. ) ;
#2644 = CARTESIAN_POINT ( 'NONE',  ( -0.3499999999999992562, -3.250000000000000000, 0.2500000000000000000 ) ) ;
#2645 = ADVANCED_FACE ( 'NONE', ( #976 ), #2262, .T. ) ;
#2646 = VERTEX_POINT ( 'NONE', #831 ) ;
#2647 = DIRECTION ( 'NONE',  ( -1.000000000000000000, 0.0000000000000000000, 0.0000000000000000000 ) ) ;
#2648 = UNCERTAINTY_MEASURE_WITH_UNIT (LENGTH_MEASURE( 1.000000000000000082E-05 ), #1838, 'distance_accuracy_value', 'NONE');
#2649 = DIRECTION ( 'NONE',  ( 2.168404344971008868E-16, -1.000000000000000000, 0.0000000000000000000 ) ) ;
#2650 = DIRECTION ( 'NONE',  ( 9.856383386231855129E-17, -1.000000000000000000, 0.0000000000000000000 ) ) ;
#2651 = EDGE_LOOP ( 'NONE', ( #842, #1937, #628, #2927 ) ) ;
#2652 = ORIENTED_EDGE ( 'NONE', *, *, #95, .F. ) ;
#2653 = CARTESIAN_POINT ( 'NONE',  ( 0.3500000000000007550, -3.900000000000000355, 0.1250000000000000000 ) ) ;
#2654 = DIRECTION ( 'NONE',  ( 0.0000000000000000000, 0.0000000000000000000, 1.000000000000000000 ) ) ;
#2655 = SHAPE_DEFINITION_REPRESENTATION ( #407, #2179 ) ;
#2656 = AXIS2_PLACEMENT_3D ( 'NONE', #2085, #2339, #1384 ) ;
#2657 = VERTEX_POINT ( 'NONE', #2528 ) ;
#2658 = CARTESIAN_POINT ( 'NONE',  ( 1.849999999999999423, 2.250000000000000444, -0.8000000000000000444 ) ) ;
#2659 = DIRECTION ( 'NONE',  ( 0.0000000000000000000, 0.0000000000000000000, 1.000000000000000000 ) ) ;
#2660 = VECTOR ( 'NONE', #526, 1000.000000000000000 ) ;
#2661 = ORIENTED_EDGE ( 'NONE', *, *, #1573, .F. ) ;
#2662 = CARTESIAN_POINT ( 'NONE',  ( -1.556438241627338126, 1.000000000000000000, 0.1500000000000000222 ) ) ;
#2663 = AXIS2_PLACEMENT_3D ( 'NONE', #2237, #2797, #2220 ) ;
#2664 = VECTOR ( 'NONE', #3112, 1000.000000000000000 ) ;
#2665 = FACE_BOUND ( 'NONE', #1200, .T. ) ;
#2666 = ADVANCED_FACE ( 'NONE', ( #2308 ), #1514, .T. ) ;
#2667 = CARTESIAN_POINT ( 'NONE',  ( -0.3500000000000008660, 3.250000000000000000, 0.0000000000000000000 ) ) ;
#2668 = CIRCLE ( 'NONE', #487, 0.3999999999999999667 ) ;
#2669 = LINE ( 'NONE', #3080, #2011 ) ;
#2670 = EDGE_CURVE ( 'NONE', #2091, #2054, #1236, .T. ) ;
#2671 = PLANE ( 'NONE',  #137 ) ;
#2672 = DIRECTION ( 'NONE',  ( -0.0000000000000000000, -0.0000000000000000000, -1.000000000000000000 ) ) ;
#2673 = EDGE_CURVE ( 'NONE', #1730, #2646, #269, .T. ) ;
#2674 = LINE ( 'NONE', #651, #2519 ) ;
#2675 = CARTESIAN_POINT ( 'NONE',  ( 1.649999999999999467, 1.650000000000000355, 1.750000000000000000 ) ) ;
#2676 = ORIENTED_EDGE ( 'NONE', *, *, #703, .T. ) ;
#2677 = CARTESIAN_POINT ( 'NONE',  ( -1.849999999999999423, 1.849999999999999423, -0.8000000000000000444 ) ) ;
#2678 = ORIENTED_EDGE ( 'NONE', *, *, #3086, .T. ) ;
#2679 = PRODUCT_RELATED_PRODUCT_CATEGORY ( 'part', '', ( #2369 ) ) ;
#2680 = VERTEX_POINT ( 'NONE', #322 ) ;
#2681 = CARTESIAN_POINT ( 'NONE',  ( -0.8999999999999994671, -2.250000000000000444, -0.8000000000000000444 ) ) ;
#2682 = ADVANCED_FACE ( 'NONE', ( #352 ), #315, .F. ) ;
#2683 = AXIS2_PLACEMENT_3D ( 'NONE', #310, #29, #570 ) ;
#2684 = ORIENTED_EDGE ( 'NONE', *, *, #370, .T. ) ;
#2685 = DIRECTION ( 'NONE',  ( -1.000000000000000000, 0.0000000000000000000, 0.0000000000000000000 ) ) ;
#2686 = EDGE_CURVE ( 'NONE', #876, #706, #1653, .T. ) ;
#2687 = ORIENTED_EDGE ( 'NONE', *, *, #204, .T. ) ;
#2688 = DIRECTION ( 'NONE',  ( -1.000000000000000000, 0.0000000000000000000, 0.0000000000000000000 ) ) ;
#2689 = VERTEX_POINT ( 'NONE', #3021 ) ;
#2690 = EDGE_CURVE ( 'NONE', #1472, #1472, #828, .T. ) ;
#2691 = PLANE ( 'NONE',  #1593 ) ;
#2692 = ORIENTED_EDGE ( 'NONE', *, *, #2485, .F. ) ;
#2693 = ORIENTED_EDGE ( 'NONE', *, *, #1267, .T. ) ;
#2694 = ADVANCED_FACE ( 'NONE', ( #1206 ), #2253, .F. ) ;
#2695 = DIRECTION ( 'NONE',  ( -1.000000000000000000, -1.642730564371976266E-16, 0.0000000000000000000 ) ) ;
#2696 = FACE_OUTER_BOUND ( 'NONE', #3030, .T. ) ;
#2697 = EDGE_LOOP ( 'NONE', ( #1996, #294, #1106, #1219, #970, #1859, #1455, #59, #175, #2539, #2297, #1496, #648, #1635, #3166, #2493 ) ) ;
#2698 = AXIS2_PLACEMENT_3D ( 'NONE', #412, #393, #1574 ) ;
#2699 = VECTOR ( 'NONE', #1201, 1000.000000000000000 ) ;
#2700 = FACE_OUTER_BOUND ( 'NONE', #3114, .T. ) ;
#2701 = LINE ( 'NONE', #1306, #1473 ) ;
#2702 = DIRECTION ( 'NONE',  ( 1.606225440719265381E-16, 1.000000000000000000, 0.0000000000000000000 ) ) ;
#2703 = CARTESIAN_POINT ( 'NONE',  ( -1.649999999999999911, 1.649999999999999911, 2.250000000000000444 ) ) ;
#2704 = FACE_BOUND ( 'NONE', #1609, .T. ) ;
#2705 = LINE ( 'NONE', #2767, #2787 ) ;
#2706 = VECTOR ( 'NONE', #413, 1000.000000000000000 ) ;
#2707 = VECTOR ( 'NONE', #1885, 1000.000000000000000 ) ;
#2708 = CARTESIAN_POINT ( 'NONE',  ( 0.3500000000000006439, -3.250000000000000000, 0.2500000000000000000 ) ) ;
#2709 = EDGE_CURVE ( 'NONE', #3087, #1252, #3096, .T. ) ;
#2710 = ORIENTED_EDGE ( 'NONE', *, *, #200, .F. ) ;
#2711 = CARTESIAN_POINT ( 'NONE',  ( -1.822989433433574336, -1.649999999999999689, 2.250000000000000444 ) ) ;
#2712 = ADVANCED_FACE ( 'NONE', ( #2353 ), #3019, .T. ) ;
#2713 = EDGE_CURVE ( 'NONE', #2219, #364, #430, .T. ) ;
#2714 = VERTEX_POINT ( 'NONE', #1821 ) ;
#2715 = CARTESIAN_POINT ( 'NONE',  ( -2.249999999999999112, -0.8999999999999994671, -0.6000000000000000888 ) ) ;
#2716 = AXIS2_PLACEMENT_3D ( 'NONE', #2012, #1270, #1784 ) ;
#2717 = CARTESIAN_POINT ( 'NONE',  ( -1.000000000000000222, 1.949999999999999956, 1.750000000000000000 ) ) ;
#2718 = CLOSED_SHELL ( 'NONE', ( #979, #586, #1261, #1915, #2172, #1695, #1275, #2682, #281, #1058, #1900, #522, #2459, #1527, #2945, #612, #1202, #2409, #105 ) ) ;
#2719 = EDGE_LOOP ( 'NONE', ( #1412, #1637, #2252, #47 ) ) ;
#2720 =( GEOMETRIC_REPRESENTATION_CONTEXT ( 3 ) GLOBAL_UNCERTAINTY_ASSIGNED_CONTEXT ( ( #2992 ) ) GLOBAL_UNIT_ASSIGNED_CONTEXT ( ( #3113, #1827, #3077 ) ) REPRESENTATION_CONTEXT ( 'NONE', 'WORKASPACE' ) );
#2721 = CARTESIAN_POINT ( 'NONE',  ( -2.022228373051902395, 1.649999999999999911, 2.067431148549531805 ) ) ;
#2722 = DIRECTION ( 'NONE',  ( 1.000000000000000000, 0.0000000000000000000, -1.161645184805897256E-16 ) ) ;
#2723 = ORIENTED_EDGE ( 'NONE', *, *, #476, .F. ) ;
#2724 = ORIENTED_EDGE ( 'NONE', *, *, #561, .T. ) ;
#2725 = CARTESIAN_POINT ( 'NONE',  ( -0.9000000000000000222, 0.8999999999999993561, -0.6000000000000000888 ) ) ;
#2726 = ORIENTED_EDGE ( 'NONE', *, *, #2271, .T. ) ;
#2727 = PLANE ( 'NONE',  #1587 ) ;
#2728 = EDGE_CURVE ( 'NONE', #1368, #2219, #2938, .T. ) ;
#2729 = VERTEX_POINT ( 'NONE', #1500 ) ;
#2730 = DIRECTION ( 'NONE',  ( 1.000000000000000000, 0.0000000000000000000, 0.0000000000000000000 ) ) ;
#2731 = ITEM_DEFINED_TRANSFORMATION ( 'NONE', 'NONE', #283,  #589 ) ;
#2732 = VERTEX_POINT ( 'NONE', #1342 ) ;
#2733 =( NAMED_UNIT ( * ) SI_UNIT ( $, .STERADIAN. ) SOLID_ANGLE_UNIT ( ) );
#2734 = CARTESIAN_POINT ( 'NONE',  ( -1.849999999999999423, -1.849999999999999867, 0.1250000000000000000 ) ) ;
#2735 = TOROIDAL_SURFACE ( 'NONE', #1522, 0.1729894334335748685, 0.2000000000000000111 ) ;
#2736 = ORIENTED_EDGE ( 'NONE', *, *, #1958, .F. ) ;
#2737 = CARTESIAN_POINT ( 'NONE',  ( 1.849999999999999423, 2.249999999999999556, 0.1250000000000000000 ) ) ;
#2738 = LINE ( 'NONE', #1670, #2309 ) ;
#2739 = CYLINDRICAL_SURFACE ( 'NONE', #595, 0.4250000000000000444 ) ;
#2740 = AXIS2_PLACEMENT_3D ( 'NONE', #3174, #474, #2173 ) ;
#2741 = DIRECTION ( 'NONE',  ( 1.000000000000000000, 0.0000000000000000000, 0.0000000000000000000 ) ) ;
#2742 = FACE_OUTER_BOUND ( 'NONE', #855, .T. ) ;
#2743 = VECTOR ( 'NONE', #1634, 1000.000000000000000 ) ;
#2744 = EDGE_CURVE ( 'NONE', #3162, #2714, #2943, .T. ) ;
#2745 = UNCERTAINTY_MEASURE_WITH_UNIT (LENGTH_MEASURE( 1.000000000000000082E-05 ), #1858, 'distance_accuracy_value', 'NONE');
#2746 = DIRECTION ( 'NONE',  ( 0.0000000000000000000, 1.000000000000000000, 0.0000000000000000000 ) ) ;
#2747 = LINE ( 'NONE', #1577, #1669 ) ;
#2748 = DIRECTION ( 'NONE',  ( -1.000000000000000000, 0.0000000000000000000, 0.0000000000000000000 ) ) ;
#2749 = ORIENTED_EDGE ( 'NONE', *, *, #3178, .T. ) ;
#2750 = EDGE_CURVE ( 'NONE', #1645, #2689, #2510, .T. ) ;
#2751 = CARTESIAN_POINT ( 'NONE',  ( -1.799999999999999600, -0.4000000000000000222, 0.0000000000000000000 ) ) ;
#2752 = ORIENTED_EDGE ( 'NONE', *, *, #1128, .F. ) ;
#2753 = DIRECTION ( 'NONE',  ( -1.239088197126290324E-16, -1.000000000000000000, -0.0000000000000000000 ) ) ;
#2754 = EDGE_CURVE ( 'NONE', #2390, #2390, #346, .T. ) ;
#2755 = ORIENTED_EDGE ( 'NONE', *, *, #2770, .T. ) ;
#2756 = DIRECTION ( 'NONE',  ( 5.509692694577702353E-16, -1.000000000000000000, 0.0000000000000000000 ) ) ;
#2757 = DIRECTION ( 'NONE',  ( -0.0000000000000000000, -0.0000000000000000000, -1.000000000000000000 ) ) ;
#2758 = ADVANCED_FACE ( 'NONE', ( #1057, #1614 ), #1772, .T. ) ;
#2759 = ORIENTED_EDGE ( 'NONE', *, *, #3064, .T. ) ;
#2760 = CARTESIAN_POINT ( 'NONE',  ( 2.249999999999998224, -0.9000000000000000222, -0.6000000000000000888 ) ) ;
#2761 = AXIS2_PLACEMENT_3D ( 'NONE', #1360, #2368, #1612 ) ;
#2762 = VERTEX_POINT ( 'NONE', #2562 ) ;
#2763 =( GEOMETRIC_REPRESENTATION_CONTEXT ( 3 ) GLOBAL_UNCERTAINTY_ASSIGNED_CONTEXT ( ( #795 ) ) GLOBAL_UNIT_ASSIGNED_CONTEXT ( ( #2573, #673, #2821 ) ) REPRESENTATION_CONTEXT ( 'NONE', 'WORKASPACE' ) );
#2764 = DIRECTION ( 'NONE',  ( -0.0000000000000000000, -0.0000000000000000000, -1.000000000000000000 ) ) ;
#2765 = CARTESIAN_POINT ( 'NONE',  ( 1.649999999999999467, 1.650000000000000355, 2.067431148549531805 ) ) ;
#2766 = ORIENTED_EDGE ( 'NONE', *, *, #2317, .F. ) ;
#2767 = CARTESIAN_POINT ( 'NONE',  ( -2.250000000000000444, 1.849999999999999201, 0.1250000000000000000 ) ) ;
#2768 = CARTESIAN_POINT ( 'NONE',  ( 0.0000000000000000000, 0.0000000000000000000, 0.0000000000000000000 ) ) ;
#2769 = ORIENTED_EDGE ( 'NONE', *, *, #2854, .F. ) ;
#2770 = EDGE_CURVE ( 'NONE', #1100, #18, #501, .T. ) ;
#2771 = CARTESIAN_POINT ( 'NONE',  ( 1.000000000000000444, -1.949999999999999734, 1.750000000000000000 ) ) ;
#2772 = EDGE_LOOP ( 'NONE', ( #2020 ) ) ;
#2773 = EDGE_CURVE ( 'NONE', #1207, #1207, #107, .T. ) ;
#2774 = FACE_OUTER_BOUND ( 'NONE', #732, .T. ) ;
#2775 = DIRECTION ( 'NONE',  ( -1.000000000000000000, 5.782411586589361583E-16, 0.0000000000000000000 ) ) ;
#2776 = SURFACE_STYLE_FILL_AREA ( #3128 ) ;
#2777 = EDGE_LOOP ( 'NONE', ( #2920 ) ) ;
#2778 = CARTESIAN_POINT ( 'NONE',  ( 4.336808689942017736E-16, 0.0000000000000000000, 0.1250000000000000000 ) ) ;
#2779 = PRESENTATION_LAYER_ASSIGNMENT (  '', '', ( #2610 ) ) ;
#2780 = LINE ( 'NONE', #2458, #540 ) ;
#2781 = FACE_OUTER_BOUND ( 'NONE', #162, .T. ) ;
#2782 = VERTEX_POINT ( 'NONE', #1727 ) ;
#2783 = FACE_OUTER_BOUND ( 'NONE', #632, .T. ) ;
#2784 = CARTESIAN_POINT ( 'NONE',  ( 1.150000000000000355, 2.250000000000001332, -0.09999999999999947820 ) ) ;
#2785 = LINE ( 'NONE', #1156, #276 ) ;
#2786 = FACE_OUTER_BOUND ( 'NONE', #1594, .T. ) ;
#2787 = VECTOR ( 'NONE', #1536, 1000.000000000000000 ) ;
#2788 = CARTESIAN_POINT ( 'NONE',  ( 0.3500000000000006439, 3.250000000000000000, 0.0000000000000000000 ) ) ;
#2789 = AXIS2_PLACEMENT_3D ( 'NONE', #2141, #1369, #1624 ) ;
#2790 = LINE ( 'NONE', #2717, #34 ) ;
#2791 = AXIS2_PLACEMENT_3D ( 'NONE', #2637, #3169, #1678 ) ;
#2792 = FACE_OUTER_BOUND ( 'NONE', #2962, .T. ) ;
#2793 = DIRECTION ( 'NONE',  ( 0.0000000000000000000, 0.0000000000000000000, 1.000000000000000000 ) ) ;
#2794 = DIRECTION ( 'NONE',  ( -0.0000000000000000000, -0.0000000000000000000, -1.000000000000000000 ) ) ;
#2795 = ORIENTED_EDGE ( 'NONE', *, *, #2405, .T. ) ;
#2796 = EDGE_CURVE ( 'NONE', #1121, #488, #2621, .T. ) ;
#2797 = DIRECTION ( 'NONE',  ( -1.000000000000000000, 4.015563601798161357E-16, 0.0000000000000000000 ) ) ;
#2798 = VERTEX_POINT ( 'NONE', #2298 ) ;
#2799 = ADVANCED_FACE ( 'NONE', ( #185 ), #1842, .T. ) ;
#2800 = ORIENTED_EDGE ( 'NONE', *, *, #655, .F. ) ;
#2801 = DIRECTION ( 'NONE',  ( 1.000000000000000000, 0.0000000000000000000, 0.0000000000000000000 ) ) ;
#2802 = EDGE_LOOP ( 'NONE', ( #1607 ) ) ;
#2803 = VERTEX_POINT ( 'NONE', #1833 ) ;
#2804 = FILL_AREA_STYLE ('',( #373 ) ) ;
#2805 = EDGE_LOOP ( 'NONE', ( #1991, #1446, #2724, #1919, #2340, #2052 ) ) ;
#2806 = ORIENTED_EDGE ( 'NONE', *, *, #2832, .F. ) ;
#2807 = CARTESIAN_POINT ( 'NONE',  ( 0.8999999999999983569, -2.250000000000000888, -0.8000000000000000444 ) ) ;
#2808 = DIRECTION ( 'NONE',  ( -0.0000000000000000000, -0.0000000000000000000, -1.000000000000000000 ) ) ;
#2809 = EDGE_LOOP ( 'NONE', ( #2693 ) ) ;
#2810 = CARTESIAN_POINT ( 'NONE',  ( -1.803443480409379898E-16, 2.453489949670249359, 0.0000000000000000000 ) ) ;
#2811 = CARTESIAN_POINT ( 'NONE',  ( -0.9999999999999995559, -1.950000000000000178, 1.750000000000000000 ) ) ;
#2812 =( NAMED_UNIT ( * ) SI_UNIT ( $, .STERADIAN. ) SOLID_ANGLE_UNIT ( ) );
#2813 = ORIENTED_EDGE ( 'NONE', *, *, #2796, .F. ) ;
#2814 = EDGE_CURVE ( 'NONE', #1846, #3083, #1311, .T. ) ;
#2815 = LINE ( 'NONE', #2442, #1086 ) ;
#2816 = VERTEX_POINT ( 'NONE', #1997 ) ;
#2817 = EDGE_LOOP ( 'NONE', ( #125, #1716, #457, #2749 ) ) ;
#2818 = VECTOR ( 'NONE', #880, 1000.000000000000000 ) ;
#2819 = LINE ( 'NONE', #318, #2551 ) ;
#2820 = CARTESIAN_POINT ( 'NONE',  ( 2.250000000000000444, -1.849999999999999645, -0.1250000000000000000 ) ) ;
#2821 =( NAMED_UNIT ( * ) SI_UNIT ( $, .STERADIAN. ) SOLID_ANGLE_UNIT ( ) );
#2822 = VECTOR ( 'NONE', #1194, 1000.000000000000000 ) ;
#2823 = DIRECTION ( 'NONE',  ( -0.0000000000000000000, -0.0000000000000000000, -1.000000000000000000 ) ) ;
#2824 = AXIS2_PLACEMENT_3D ( 'NONE', #696, #1606, #173 ) ;
#2825 = CARTESIAN_POINT ( 'NONE',  ( 1.649999999999999911, -1.649999999999999023, 2.067431148549531805 ) ) ;
#2826 = CARTESIAN_POINT ( 'NONE',  ( 1.150000000000000355, 2.250000000000001332, 0.1499999999999999944 ) ) ;
#2827 = AXIS2_PLACEMENT_3D ( 'NONE', #1113, #176, #2830 ) ;
#2828 = ORIENTED_EDGE ( 'NONE', *, *, #156, .T. ) ;
#2829 = ORIENTED_EDGE ( 'NONE', *, *, #1146, .F. ) ;
#2830 = DIRECTION ( 'NONE',  ( 1.000000000000000000, 0.0000000000000000000, 0.0000000000000000000 ) ) ;
#2831 = ORIENTED_EDGE ( 'NONE', *, *, #2548, .T. ) ;
#2832 = EDGE_CURVE ( 'NONE', #184, #1572, #1355, .T. ) ;
#2833 = CARTESIAN_POINT ( 'NONE',  ( 1.649999999999999911, 1.649999999999999911, 0.1250000000000000000 ) ) ;
#2834 = EDGE_LOOP ( 'NONE', ( #1385, #2261, #1993, #858 ) ) ;
#2835 = CARTESIAN_POINT ( 'NONE',  ( -1.149999999999999911, -1.449137674618943938, 1.750000000000000000 ) ) ;
#2836 = EDGE_LOOP ( 'NONE', ( #2842 ) ) ;
#2837 = CARTESIAN_POINT ( 'NONE',  ( -1.649999999999999911, 1.649999999999999911, 1.750000000000000000 ) ) ;
#2838 = PLANE ( 'NONE',  #2561 ) ;
#2839 = EDGE_LOOP ( 'NONE', ( #2752 ) ) ;
#2840 = STYLED_ITEM ( 'NONE', ( #1845 ), #2456 ) ;
#2841 = AXIS2_PLACEMENT_3D ( 'NONE', #827, #1789, #2045 ) ;
#2842 = ORIENTED_EDGE ( 'NONE', *, *, #2402, .F. ) ;
#2843 = CARTESIAN_POINT ( 'NONE',  ( 1.649999999999999911, -1.649999999999999023, 1.750000000000000000 ) ) ;
#2844 = ORIENTED_EDGE ( 'NONE', *, *, #2449, .T. ) ;
#2845 = CARTESIAN_POINT ( 'NONE',  ( 1.149999999999999689, -2.250000000000000444, -0.09999999999999947820 ) ) ;
#2846 = DIRECTION ( 'NONE',  ( 0.0000000000000000000, 0.0000000000000000000, 1.000000000000000000 ) ) ;
#2847 = EDGE_CURVE ( 'NONE', #2099, #226, #863, .T. ) ;
#2848 = PRODUCT_DEFINITION_CONTEXT ( 'detailed design', #202, 'design' ) ;
#2849 = VECTOR ( 'NONE', #740, 1000.000000000000000 ) ;
#2850 = ORIENTED_EDGE ( 'NONE', *, *, #2588, .F. ) ;
#2851 = EDGE_CURVE ( 'NONE', #1121, #2422, #693, .T. ) ;
#2852 = LINE ( 'NONE', #2910, #2116 ) ;
#2853 = PRESENTATION_STYLE_ASSIGNMENT (( #1154 ) ) ;
#2854 = EDGE_CURVE ( 'NONE', #709, #2499, #2076, .T. ) ;
#2855 = SURFACE_STYLE_FILL_AREA ( #1383 ) ;
#2856 = PLANE ( 'NONE',  #66 ) ;
#2857 = VECTOR ( 'NONE', #1181, 1000.000000000000000 ) ;
#2858 = LINE ( 'NONE', #2865, #857 ) ;
#2859 = VECTOR ( 'NONE', #1691, 1000.000000000000000 ) ;
#2860 = CIRCLE ( 'NONE', #1965, 0.4000000000000001887 ) ;
#2861 = DIRECTION ( 'NONE',  ( 0.0000000000000000000, 0.0000000000000000000, 1.000000000000000000 ) ) ;
#2862 = DIRECTION ( 'NONE',  ( 1.000000000000000000, 0.0000000000000000000, 0.0000000000000000000 ) ) ;
#2863 = DIRECTION ( 'NONE',  ( -1.000000000000000000, 0.0000000000000000000, 0.0000000000000000000 ) ) ;
#2864 = LINE ( 'NONE', #530, #5 ) ;
#2865 = CARTESIAN_POINT ( 'NONE',  ( 2.249999999999999112, 0.8999999999999989120, -0.6000000000000000888 ) ) ;
#2866 = DIRECTION ( 'NONE',  ( -0.0000000000000000000, -0.0000000000000000000, -1.000000000000000000 ) ) ;
#2867 = EDGE_LOOP ( 'NONE', ( #853, #2213, #1223, #2531 ) ) ;
#2868 = CARTESIAN_POINT ( 'NONE',  ( 2.249999999999999112, 0.8999999999999989120, -0.6000000000000000888 ) ) ;
#2869 = CARTESIAN_POINT ( 'NONE',  ( -0.9999999999999995559, -1.950000000000000178, 0.0000000000000000000 ) ) ;
#2870 = ORIENTED_EDGE ( 'NONE', *, *, #1084, .T. ) ;
#2871 = FILL_AREA_STYLE_COLOUR ( '', #1961 ) ;
#2872 = EDGE_CURVE ( 'NONE', #1730, #2657, #31, .T. ) ;
#2873 = ORIENTED_EDGE ( 'NONE', *, *, #1650, .F. ) ;
#2874 = CARTESIAN_POINT ( 'NONE',  ( -1.499999999999999112, -1.975000000000000089, 1.250000000000000222 ) ) ;
#2875 = EDGE_LOOP ( 'NONE', ( #397, #2572, #2850, #1943 ) ) ;
#2876 = EDGE_CURVE ( 'NONE', #2022, #2762, #112, .T. ) ;
#2877 = PLANE ( 'NONE',  #1672 ) ;
#2878 = ORIENTED_EDGE ( 'NONE', *, *, #314, .F. ) ;
#2879 = DIRECTION ( 'NONE',  ( -1.000000000000000000, 0.0000000000000000000, 0.0000000000000000000 ) ) ;
#2880 = CARTESIAN_POINT ( 'NONE',  ( 1.649999999999999911, -1.649999999999999023, 2.050000000000000266 ) ) ;
#2881 = ORIENTED_EDGE ( 'NONE', *, *, #2275, .T. ) ;
#2882 = CARTESIAN_POINT ( 'NONE',  ( 0.0000000000000000000, 0.0000000000000000000, 0.1500000000000001887 ) ) ;
#2883 = AXIS2_PLACEMENT_3D ( 'NONE', #2386, #1415, #191 ) ;
#2884 = ORIENTED_EDGE ( 'NONE', *, *, #1476, .T. ) ;
#2885 = CARTESIAN_POINT ( 'NONE',  ( 1.850000000000000311, 1.849999999999999423, 0.1250000000000000000 ) ) ;
#2886 = CARTESIAN_POINT ( 'NONE',  ( 2.940209281316624220E-17, -0.3999999999999997446, 0.0000000000000000000 ) ) ;
#2887 = AXIS2_PLACEMENT_3D ( 'NONE', #3159, #704, #2392 ) ;
#2888 = CONTEXT_DEPENDENT_SHAPE_REPRESENTATION ( #818, #2640 ) ;
#2889 = ORIENTED_EDGE ( 'NONE', *, *, #1629, .T. ) ;
#2890 = ADVANCED_FACE ( 'NONE', ( #1926, #2236 ), #1507, .T. ) ;
#2891 = DIRECTION ( 'NONE',  ( 0.0000000000000000000, 0.0000000000000000000, 1.000000000000000000 ) ) ;
#2892 = VECTOR ( 'NONE', #1233, 1000.000000000000000 ) ;
#2893 = SHAPE_REPRESENTATION_RELATIONSHIP ( 'NONE' , 'NONE' ,  #2179, #1367 ) ;
#2894 = DIRECTION ( 'NONE',  ( 0.0000000000000000000, 0.0000000000000000000, 1.000000000000000000 ) ) ;
#2895 = ORIENTED_EDGE ( 'NONE', *, *, #411, .T. ) ;
#2896 = EDGE_CURVE ( 'NONE', #2762, #212, #3139, .T. ) ;
#2897 = FACE_OUTER_BOUND ( 'NONE', #2301, .T. ) ;
#2898 = LINE ( 'NONE', #634, #2550 ) ;
#2899 = LINE ( 'NONE', #3022, #2316 ) ;
#2900 = EDGE_CURVE ( 'NONE', #108, #108, #3180, .T. ) ;
#2901 = APPLICATION_PROTOCOL_DEFINITION ( 'draft international standard', 'automotive_design', 1998, #2135 ) ;
#2902 = SURFACE_STYLE_FILL_AREA ( #2804 ) ;
#2903 = LINE ( 'NONE', #2407, #697 ) ;
#2904 = DIRECTION ( 'NONE',  ( -7.350523203291556237E-17, 1.000000000000000000, -0.0000000000000000000 ) ) ;
#2905 = LINE ( 'NONE', #1617, #1060 ) ;
#2906 = VECTOR ( 'NONE', #3038, 1000.000000000000000 ) ;
#2907 = DIRECTION ( 'NONE',  ( 1.000000000000000000, 0.0000000000000000000, -0.0000000000000000000 ) ) ;
#2908 = ORIENTED_EDGE ( 'NONE', *, *, #2750, .T. ) ;
#2909 = DIRECTION ( 'NONE',  ( -1.000000000000000000, 0.0000000000000000000, 0.0000000000000000000 ) ) ;
#2910 = CARTESIAN_POINT ( 'NONE',  ( 1.850000000000000533, 2.250000000000000888, 0.1499999999999999112 ) ) ;
#2911 = ADVANCED_FACE ( 'NONE', ( #832 ), #171, .F. ) ;
#2912 = AXIS2_PLACEMENT_3D ( 'NONE', #1942, #14, #1447 ) ;
#2913 = AXIS2_PLACEMENT_3D ( 'NONE', #2110, #924, #1375 ) ;
#2914 = ORIENTED_EDGE ( 'NONE', *, *, #1702, .F. ) ;
#2915 = DIRECTION ( 'NONE',  ( -0.0000000000000000000, -0.0000000000000000000, -1.000000000000000000 ) ) ;
#2916 = DIRECTION ( 'NONE',  ( 1.000000000000000000, -1.172110456741086321E-16, 0.0000000000000000000 ) ) ;
#2917 = ORIENTED_EDGE ( 'NONE', *, *, #3047, .T. ) ;
#2918 = EDGE_CURVE ( 'NONE', #915, #1301, #230, .T. ) ;
#2919 = CARTESIAN_POINT ( 'NONE',  ( -1.849999999999999423, -2.250000000000000000, -0.8000000000000000444 ) ) ;
#2920 = ORIENTED_EDGE ( 'NONE', *, *, #2320, .F. ) ;
#2921 = EDGE_CURVE ( 'NONE', #678, #1495, #797, .T. ) ;
#2922 = CARTESIAN_POINT ( 'NONE',  ( 0.9999999999999997780, 1.949999999999999956, 1.750000000000000000 ) ) ;
#2923 = CARTESIAN_POINT ( 'NONE',  ( 0.0000000000000000000, 0.0000000000000000000, 1.750000000000000000 ) ) ;
#2924 = VERTEX_POINT ( 'NONE', #2100 ) ;
#2925 = EDGE_CURVE ( 'NONE', #1011, #1011, #734, .T. ) ;
#2926 = DIRECTION ( 'NONE',  ( 0.0000000000000000000, 0.0000000000000000000, 1.000000000000000000 ) ) ;
#2927 = ORIENTED_EDGE ( 'NONE', *, *, #655, .T. ) ;
#2928 = ADVANCED_FACE ( 'NONE', ( #1585 ), #432, .F. ) ;
#2929 = VERTEX_POINT ( 'NONE', #2092 ) ;
#2930 = DIRECTION ( 'NONE',  ( 1.642730564371976266E-16, -1.000000000000000000, 0.0000000000000000000 ) ) ;
#2931 = AXIS2_PLACEMENT_3D ( 'NONE', #298, #2393, #690 ) ;
#2932 = EDGE_LOOP ( 'NONE', ( #1271, #1142, #2935, #159, #404 ) ) ;
#2933 = PLANE ( 'NONE',  #2618 ) ;
#2934 = FACE_OUTER_BOUND ( 'NONE', #489, .T. ) ;
#2935 = ORIENTED_EDGE ( 'NONE', *, *, #1109, .F. ) ;
#2936 = DIRECTION ( 'NONE',  ( 0.0000000000000000000, 1.000000000000000000, 0.0000000000000000000 ) ) ;
#2937 = AXIS2_PLACEMENT_3D ( 'NONE', #1856, #885, #2603 ) ;
#2938 = LINE ( 'NONE', #1596, #1541 ) ;
#2939 = LINE ( 'NONE', #2025, #1618 ) ;
#2940 = CARTESIAN_POINT ( 'NONE',  ( -1.849999999999999423, -1.849999999999999867, 0.1250000000000000000 ) ) ;
#2941 = VECTOR ( 'NONE', #2481, 1000.000000000000000 ) ;
#2942 = FACE_OUTER_BOUND ( 'NONE', #2328, .T. ) ;
#2943 = LINE ( 'NONE', #2088, #1622 ) ;
#2944 = EDGE_CURVE ( 'NONE', #1000, #791, #1090, .T. ) ;
#2945 = ADVANCED_FACE ( 'NONE', ( #1398, #3057 ), #2739, .F. ) ;
#2946 = EDGE_CURVE ( 'NONE', #2054, #1846, #906, .T. ) ;
#2947 = VECTOR ( 'NONE', #217, 1000.000000000000000 ) ;
#2948 = CARTESIAN_POINT ( 'NONE',  ( 2.250000000000000000, 1.849999999999999645, 1.750000000000000000 ) ) ;
#2949 = EDGE_LOOP ( 'NONE', ( #1489 ) ) ;
#2950 = CARTESIAN_POINT ( 'NONE',  ( 1.850000000000000089, -0.9999999999999997780, 1.750000000000000000 ) ) ;
#2951 = VERTEX_POINT ( 'NONE', #508 ) ;
#2952 = PRODUCT_DEFINITION ( 'UNKNOWN', '', #4, #2283 ) ;
#2953 = CARTESIAN_POINT ( 'NONE',  ( 1.249999999999992006, 1.650000000000000355, 1.750000000000000000 ) ) ;
#2954 = VERTEX_POINT ( 'NONE', #1987 ) ;
#2955 = CARTESIAN_POINT ( 'NONE',  ( -1.849999999999999201, -2.250000000000000444, 1.750000000000000000 ) ) ;
#2956 = PLANE ( 'NONE',  #1436 ) ;
#2957 = AXIS2_PLACEMENT_3D ( 'NONE', #1205, #1936, #2959 ) ;
#2958 = ORIENTED_EDGE ( 'NONE', *, *, #55, .T. ) ;
#2959 = DIRECTION ( 'NONE',  ( 0.0000000000000000000, 0.0000000000000000000, 1.000000000000000000 ) ) ;
#2960 = ADVANCED_FACE ( 'NONE', ( #2627 ), #943, .T. ) ;
#2961 = VERTEX_POINT ( 'NONE', #664 ) ;
#2962 = EDGE_LOOP ( 'NONE', ( #2914 ) ) ;
#2963 = DIRECTION ( 'NONE',  ( 0.0000000000000000000, 0.0000000000000000000, 1.000000000000000000 ) ) ;
#2964 = CARTESIAN_POINT ( 'NONE',  ( 1.277771626948082551, -1.649999999999999023, 2.067431148549531805 ) ) ;
#2965 = CARTESIAN_POINT ( 'NONE',  ( -1.849999999999999423, 1.849999999999999423, -0.8000000000000000444 ) ) ;
#2966 = ORIENTED_EDGE ( 'NONE', *, *, #1530, .T. ) ;
#2967 = CARTESIAN_POINT ( 'NONE',  ( 0.8999999999999991340, -0.8999999999999998002, -0.8000000000000000444 ) ) ;
#2968 = DIRECTION ( 'NONE',  ( 1.000000000000000000, 0.0000000000000000000, 1.161645184805897256E-16 ) ) ;
#2969 = EDGE_LOOP ( 'NONE', ( #400 ) ) ;
#2970 = DIRECTION ( 'NONE',  ( -0.0000000000000000000, -0.0000000000000000000, -1.000000000000000000 ) ) ;
#2971 = EDGE_LOOP ( 'NONE', ( #838 ) ) ;
#2972 = AXIS2_PLACEMENT_3D ( 'NONE', #1320, #1529, #3017 ) ;
#2973 = VECTOR ( 'NONE', #1928, 1000.000000000000000 ) ;
#2974 = LINE ( 'NONE', #1224, #2849 ) ;
#2975 = ORIENTED_EDGE ( 'NONE', *, *, #1533, .F. ) ;
#2976 = VECTOR ( 'NONE', #421, 1000.000000000000000 ) ;
#2977 = CIRCLE ( 'NONE', #482, 1.850000000000000089 ) ;
#2978 = VECTOR ( 'NONE', #1374, 1000.000000000000000 ) ;
#2979 = CARTESIAN_POINT ( 'NONE',  ( -2.249999999999998668, -1.850000000000000533, 0.1250000000000000000 ) ) ;
#2980 = AXIS2_PLACEMENT_3D ( 'NONE', #2056, #2048, #2065 ) ;
#2981 = CARTESIAN_POINT ( 'NONE',  ( -0.9000000000000000222, 0.8999999999999993561, -0.6000000000000000888 ) ) ;
#2982 = LINE ( 'NONE', #625, #2318 ) ;
#2983 = LINE ( 'NONE', #639, #2555 ) ;
#2984 = LINE ( 'NONE', #438, #2707 ) ;
#2985 = DIRECTION ( 'NONE',  ( -1.000000000000000000, 0.0000000000000000000, 0.0000000000000000000 ) ) ;
#2986 = EDGE_CURVE ( 'NONE', #329, #1962, #2899, .T. ) ;
#2987 = VECTOR ( 'NONE', #334, 1000.000000000000000 ) ;
#2988 = PLANE ( 'NONE',  #1212 ) ;
#2989 = ORIENTED_EDGE ( 'NONE', *, *, #1147, .F. ) ;
#2990 = DIRECTION ( 'NONE',  ( -1.642730564371975773E-16, 1.000000000000000000, -0.0000000000000000000 ) ) ;
#2991 = DIRECTION ( 'NONE',  ( 0.0000000000000000000, -0.0000000000000000000, -1.000000000000000000 ) ) ;
#2992 = UNCERTAINTY_MEASURE_WITH_UNIT (LENGTH_MEASURE( 1.000000000000000082E-05 ), #3113, 'distance_accuracy_value', 'NONE');
#2993 = ORIENTED_EDGE ( 'NONE', *, *, #2361, .T. ) ;
#2994 = ADVANCED_FACE ( 'NONE', ( #2665, #72 ), #1038, .T. ) ;
#2995 = AXIS2_PLACEMENT_3D ( 'NONE', #181, #1861, #427 ) ;
#2996 = VERTEX_POINT ( 'NONE', #1768 ) ;
#2997 = DIRECTION ( 'NONE',  ( -1.000000000000000000, 0.0000000000000000000, -0.0000000000000000000 ) ) ;
#2998 = CARTESIAN_POINT ( 'NONE',  ( 1.477010566566438587, 1.650000000000000355, 2.250000000000000444 ) ) ;
#2999 = ORIENTED_EDGE ( 'NONE', *, *, #1857, .T. ) ;
#3000 = AXIS2_PLACEMENT_3D ( 'NONE', #1591, #674, #1123 ) ;
#3001 = ORIENTED_EDGE ( 'NONE', *, *, #677, .F. ) ;
#3002 = EDGE_CURVE ( 'NONE', #2762, #975, #1738, .T. ) ;
#3003 = VERTEX_POINT ( 'NONE', #1071 ) ;
#3004 = DIRECTION ( 'NONE',  ( -1.000000000000000000, 0.0000000000000000000, 0.0000000000000000000 ) ) ;
#3005 = EDGE_CURVE ( 'NONE', #1769, #998, #2397, .T. ) ;
#3006 = VERTEX_POINT ( 'NONE', #799 ) ;
#3007 = CARTESIAN_POINT ( 'NONE',  ( -1.649999999999999245, -1.649999999999999689, 1.750000000000000000 ) ) ;
#3008 =( REPRESENTATION_RELATIONSHIP ('NONE','NONE', #1074, #99 ) REPRESENTATION_RELATIONSHIP_WITH_TRANSFORMATION ( #2383 )SHAPE_REPRESENTATION_RELATIONSHIP( ) );
#3009 = DIRECTION ( 'NONE',  ( 1.000000000000000000, 7.350523203291556237E-17, 0.0000000000000000000 ) ) ;
#3010 = CARTESIAN_POINT ( 'NONE',  ( -2.249999999999999112, 0.8999999999999994671, -0.6000000000000000888 ) ) ;
#3011 = ADVANCED_FACE ( 'NONE', ( #2700 ), #1616, .F. ) ;
#3012 = ORIENTED_EDGE ( 'NONE', *, *, #3091, .T. ) ;
#3013 = DIRECTION ( 'NONE',  ( 1.000000000000000000, 0.0000000000000000000, 0.0000000000000000000 ) ) ;
#3014 = LINE ( 'NONE', #2653, #1120 ) ;
#3015 = COLOUR_RGB ( '',0.8274509803921568096, 0.8392156862745098200, 0.8274509803921568096 ) ;
#3016 = ORIENTED_EDGE ( 'NONE', *, *, #2186, .F. ) ;
#3017 = DIRECTION ( 'NONE',  ( -2.344220913482172149E-16, 1.000000000000000000, 0.0000000000000000000 ) ) ;
#3018 = PRODUCT_DEFINITION ( 'UNKNOWN', '', #555, #2223 ) ;
#3019 = CYLINDRICAL_SURFACE ( 'NONE', #1712, 0.3999999999999999667 ) ;
#3020 = FACE_OUTER_BOUND ( 'NONE', #2971, .T. ) ;
#3021 = CARTESIAN_POINT ( 'NONE',  ( -1.149999999999999467, 2.250000000000001332, -0.1000000000000000194 ) ) ;
#3022 = CARTESIAN_POINT ( 'NONE',  ( 2.249999999999999556, -1.849999999999999867, -0.1250000000000000000 ) ) ;
#3023 = LINE ( 'NONE', #126, #1006 ) ;
#3024 = LINE ( 'NONE', #3033, #2042 ) ;
#3025 = DIRECTION ( 'NONE',  ( -5.509692694577702353E-16, 1.000000000000000000, 0.0000000000000000000 ) ) ;
#3026 = DIRECTION ( 'NONE',  ( -0.0000000000000000000, 0.0000000000000000000, -1.000000000000000000 ) ) ;
#3027 = CONICAL_SURFACE ( 'NONE', #2716, 0.4000000000000075717, 0.08726646259971666819 ) ;
#3028 = CARTESIAN_POINT ( 'NONE',  ( -1.849999999999999423, -2.250000000000000444, -0.1250000000000000000 ) ) ;
#3029 = VERTEX_POINT ( 'NONE', #2500 ) ;
#3030 = EDGE_LOOP ( 'NONE', ( #54, #593, #1909, #2726, #959, #826 ) ) ;
#3031 = ORIENTED_EDGE ( 'NONE', *, *, #78, .F. ) ;
#3032 = CARTESIAN_POINT ( 'NONE',  ( 1.950000000000000178, -0.9999999999999997780, 1.750000000000000000 ) ) ;
#3033 = CARTESIAN_POINT ( 'NONE',  ( -0.8999999999999994671, -2.250000000000000444, -0.6000000000000000888 ) ) ;
#3034 = ORIENTED_EDGE ( 'NONE', *, *, #2643, .F. ) ;
#3035 = DIRECTION ( 'NONE',  ( -0.0000000000000000000, -0.0000000000000000000, -1.000000000000000000 ) ) ;
#3036 = AXIS2_PLACEMENT_3D ( 'NONE', #12, #516, #1705 ) ;
#3037 = ORIENTED_EDGE ( 'NONE', *, *, #80, .F. ) ;
#3038 = DIRECTION ( 'NONE',  ( -0.0000000000000000000, -0.0000000000000000000, -1.000000000000000000 ) ) ;
#3039 = ADVANCED_FACE ( 'NONE', ( #278 ), #2523, .F. ) ;
#3040 = ORIENTED_EDGE ( 'NONE', *, *, #2208, .T. ) ;
#3041 = DIRECTION ( 'NONE',  ( -1.239088197126290324E-16, -1.000000000000000000, -0.0000000000000000000 ) ) ;
#3042 = CARTESIAN_POINT ( 'NONE',  ( 2.249999999999999556, -1.849999999999999867, 0.1250000000000000000 ) ) ;
#3043 = ORIENTED_EDGE ( 'NONE', *, *, #809, .F. ) ;
#3044 = EDGE_CURVE ( 'NONE', #542, #542, #386, .T. ) ;
#3045 = DIRECTION ( 'NONE',  ( -1.000000000000000000, 6.195440985631453345E-16, 1.161645184805897502E-16 ) ) ;
#3046 = EDGE_LOOP ( 'NONE', ( #1557, #928, #2844, #642, #203 ) ) ;
#3047 = EDGE_CURVE ( 'NONE', #1877, #2646, #2819, .T. ) ;
#3048 = CARTESIAN_POINT ( 'NONE',  ( 1.150000000000000355, 2.250000000000001332, 0.1499999999999999944 ) ) ;
#3049 = CONTEXT_DEPENDENT_SHAPE_REPRESENTATION ( #583, #3063 ) ;
#3050 = ORIENTED_EDGE ( 'NONE', *, *, #3005, .T. ) ;
#3051 = VECTOR ( 'NONE', #1228, 1000.000000000000000 ) ;
#3052 = LINE ( 'NONE', #1646, #2389 ) ;
#3053 = FACE_OUTER_BOUND ( 'NONE', #3046, .T. ) ;
#3054 =( LENGTH_UNIT ( ) NAMED_UNIT ( * ) SI_UNIT ( .MILLI., .METRE. ) );
#3055 = LINE ( 'NONE', #1608, #862 ) ;
#3056 = CIRCLE ( 'NONE', #2303, 0.1729894334335682349 ) ;
#3057 = FACE_OUTER_BOUND ( 'NONE', #2839, .T. ) ;
#3058 = MECHANICAL_DESIGN_GEOMETRIC_PRESENTATION_REPRESENTATION (  '', ( #1951 ), #1075 ) ;
#3059 = LINE ( 'NONE', #1215, #350 ) ;
#3060 = FACE_OUTER_BOUND ( 'NONE', #1341, .T. ) ;
#3061 = CIRCLE ( 'NONE', #2554, 0.3999999999999999667 ) ;
#3062 = LINE ( 'NONE', #2341, #771 ) ;
#3063 = PRODUCT_DEFINITION_SHAPE ( 'NONE', 'NONE',  #3186 ) ;
#3064 = EDGE_CURVE ( 'NONE', #1750, #494, #2200, .T. ) ;
#3065 = CARTESIAN_POINT ( 'NONE',  ( -1.649999999999999911, 1.649999999999999911, 0.1250000000000000000 ) ) ;
#3066 = CARTESIAN_POINT ( 'NONE',  ( 0.0000000000000000000, -1.875000000000000000, 2.250000000000000000 ) ) ;
#3067 = ORIENTED_EDGE ( 'NONE', *, *, #1345, .F. ) ;
#3068 = EDGE_CURVE ( 'NONE', #1793, #1083, #1660, .T. ) ;
#3069 =( NAMED_UNIT ( * ) SI_UNIT ( $, .STERADIAN. ) SOLID_ANGLE_UNIT ( ) );
#3070 = ORIENTED_EDGE ( 'NONE', *, *, #92, .F. ) ;
#3071 = CARTESIAN_POINT ( 'NONE',  ( 1.649999999999999911, 1.649999999999999911, 0.1250000000000000000 ) ) ;
#3072 = DIRECTION ( 'NONE',  ( 1.000000000000000000, 0.0000000000000000000, 0.0000000000000000000 ) ) ;
#3073 = VERTEX_POINT ( 'NONE', #1031 ) ;
#3074 = EDGE_LOOP ( 'NONE', ( #1682, #538, #720, #2061, #1364, #1234, #2259, #2873 ) ) ;
#3075 = CARTESIAN_POINT ( 'NONE',  ( -1.149999999999999467, 2.250000000000001332, 0.1499999999999999944 ) ) ;
#3076 = CARTESIAN_POINT ( 'NONE',  ( 1.149999999999999911, -1.449137674618943938, 0.1500000000000000500 ) ) ;
#3077 =( NAMED_UNIT ( * ) SI_UNIT ( $, .STERADIAN. ) SOLID_ANGLE_UNIT ( ) );
#3078 = EDGE_LOOP ( 'NONE', ( #3050, #215, #3001, #2975, #62 ) ) ;
#3079 = PLANE ( 'NONE',  #1240 ) ;
#3080 = CARTESIAN_POINT ( 'NONE',  ( 1.849999999999999423, 2.250000000000000444, 1.750000000000000000 ) ) ;
#3081 = PRODUCT ( 'button_pin', 'button_pin', '', ( #1876 ) ) ;
#3082 = AXIS2_PLACEMENT_3D ( 'NONE', #2016, #620, #811 ) ;
#3083 = VERTEX_POINT ( 'NONE', #348 ) ;
#3084 = CARTESIAN_POINT ( 'NONE',  ( -2.168404344971008868E-16, 2.449999999999999734, 0.0000000000000000000 ) ) ;
#3085 = CARTESIAN_POINT ( 'NONE',  ( -1.649999999999999245, -1.649999999999999689, 1.750000000000000000 ) ) ;
#3086 = EDGE_CURVE ( 'NONE', #481, #808, #2705, .T. ) ;
#3087 = VERTEX_POINT ( 'NONE', #1063 ) ;
#3088 = FILL_AREA_STYLE ('',( #2358 ) ) ;
#3089 = DIRECTION ( 'NONE',  ( -0.0000000000000000000, -0.0000000000000000000, -1.000000000000000000 ) ) ;
#3090 = EDGE_LOOP ( 'NONE', ( #1118, #663, #297, #2489, #256, #359, #2463, #214 ) ) ;
#3091 = EDGE_CURVE ( 'NONE', #977, #977, #2587, .T. ) ;
#3092 = DIRECTION ( 'NONE',  ( 1.000000000000000000, 0.0000000000000000000, 0.0000000000000000000 ) ) ;
#3093 = CARTESIAN_POINT ( 'NONE',  ( 1.849999999999999423, 2.249999999999999556, -0.1250000000000000000 ) ) ;
#3094 = FACE_OUTER_BOUND ( 'NONE', #2834, .T. ) ;
#3095 = ORIENTED_EDGE ( 'NONE', *, *, #1287, .F. ) ;
#3096 = LINE ( 'NONE', #1791, #2433 ) ;
#3097 = FILL_AREA_STYLE_COLOUR ( '', #2014 ) ;
#3098 = FACE_OUTER_BOUND ( 'NONE', #462, .T. ) ;
#3099 = LINE ( 'NONE', #798, #1777 ) ;
#3100 = LINE ( 'NONE', #1776, #765 ) ;
#3101 =( NAMED_UNIT ( * ) SI_UNIT ( $, .STERADIAN. ) SOLID_ANGLE_UNIT ( ) );
#3102 = CARTESIAN_POINT ( 'NONE',  ( 0.8999999999999991340, -0.8999999999999998002, -0.6000000000000000888 ) ) ;
#3103 = CARTESIAN_POINT ( 'NONE',  ( -2.249999999999999112, -1.850000000000000311, 1.750000000000000000 ) ) ;
#3104 = LINE ( 'NONE', #2037, #2482 ) ;
#3105 = AXIS2_PLACEMENT_3D ( 'NONE', #3084, #383, #2593 ) ;
#3106 = CARTESIAN_POINT ( 'NONE',  ( -1.149999999999999467, 1.849999999999999423, 0.0000000000000000000 ) ) ;
#3107 = FACE_OUTER_BOUND ( 'NONE', #2072, .T. ) ;
#3108 = DIRECTION ( 'NONE',  ( -0.0000000000000000000, -0.0000000000000000000, -1.000000000000000000 ) ) ;
#3109 = DIRECTION ( 'NONE',  ( -0.0000000000000000000, -0.0000000000000000000, -1.000000000000000000 ) ) ;
#3110 = ORIENTED_EDGE ( 'NONE', *, *, #1395, .T. ) ;
#3111 = EDGE_CURVE ( 'NONE', #1983, #3029, #1475, .T. ) ;
#3112 = DIRECTION ( 'NONE',  ( -5.509692694577702353E-16, 1.000000000000000000, 0.0000000000000000000 ) ) ;
#3113 =( LENGTH_UNIT ( ) NAMED_UNIT ( * ) SI_UNIT ( .MILLI., .METRE. ) );
#3114 = EDGE_LOOP ( 'NONE', ( #1066, #2638, #1829, #340, #2306, #843 ) ) ;
#3115 = EDGE_CURVE ( 'NONE', #1645, #2996, #2123, .T. ) ;
#3116 = ORIENTED_EDGE ( 'NONE', *, *, #864, .T. ) ;
#3117 =( GEOMETRIC_REPRESENTATION_CONTEXT ( 3 ) GLOBAL_UNCERTAINTY_ASSIGNED_CONTEXT ( ( #2633 ) ) GLOBAL_UNIT_ASSIGNED_CONTEXT ( ( #641, #1091, #2582 ) ) REPRESENTATION_CONTEXT ( 'NONE', 'WORKASPACE' ) );
#3118 = CARTESIAN_POINT ( 'NONE',  ( 1.000000000000000444, -1.949999999999999734, 0.0000000000000000000 ) ) ;
#3119 = VERTEX_POINT ( 'NONE', #509 ) ;
#3120 = EDGE_LOOP ( 'NONE', ( #1073, #1598, #96, #20, #2870, #926, #527, #1803 ) ) ;
#3121 = MECHANICAL_DESIGN_GEOMETRIC_PRESENTATION_REPRESENTATION (  '', ( #2840 ), #2720 ) ;
#3122 = DIRECTION ( 'NONE',  ( -0.0000000000000000000, -0.0000000000000000000, -1.000000000000000000 ) ) ;
#3123 = DIRECTION ( 'NONE',  ( 1.000000000000000000, 2.891205793294678326E-16, 0.0000000000000000000 ) ) ;
#3124 = ORIENTED_EDGE ( 'NONE', *, *, #247, .T. ) ;
#3125 = ORIENTED_EDGE ( 'NONE', *, *, #2208, .F. ) ;
#3126 = DIRECTION ( 'NONE',  ( 0.0000000000000000000, -0.0000000000000000000, -1.000000000000000000 ) ) ;
#3127 = DIRECTION ( 'NONE',  ( -1.000000000000000000, -2.168404344971008868E-16, 0.0000000000000000000 ) ) ;
#3128 = FILL_AREA_STYLE ('',( #2871 ) ) ;
#3129 = PRESENTATION_STYLE_ASSIGNMENT (( #144 ) ) ;
#3130 = ORIENTED_EDGE ( 'NONE', *, *, #252, .F. ) ;
#3131 = CARTESIAN_POINT ( 'NONE',  ( 1.149999999999999689, -2.250000000000000444, -0.09999999999999947820 ) ) ;
#3132 = APPLICATION_PROTOCOL_DEFINITION ( 'draft international standard', 'automotive_design', 1998, #1157 ) ;
#3133 = CYLINDRICAL_SURFACE ( 'NONE', #608, 1.850000000000000089 ) ;
#3134 = VECTOR ( 'NONE', #1615, 1000.000000000000000 ) ;
#3135 = VERTEX_POINT ( 'NONE', #2964 ) ;
#3136 = DIRECTION ( 'NONE',  ( -1.000000000000000000, -2.891205793294678326E-16, 0.0000000000000000000 ) ) ;
#3137 = DIRECTION ( 'NONE',  ( 0.0000000000000000000, -0.0000000000000000000, 1.000000000000000000 ) ) ;
#3138 = VECTOR ( 'NONE', #434, 1000.000000000000000 ) ;
#3139 = LINE ( 'NONE', #3106, #146 ) ;
#3140 = FACE_OUTER_BOUND ( 'NONE', #2639, .T. ) ;
#3141 = CARTESIAN_POINT ( 'NONE',  ( -0.8999999999999994671, -2.250000000000000444, -0.6000000000000000888 ) ) ;
#3142 = LINE ( 'NONE', #715, #2478 ) ;
#3143 = TOROIDAL_SURFACE ( 'NONE', #38, 0.1729894334335683459, 0.2000000000000000111 ) ;
#3144 = CARTESIAN_POINT ( 'NONE',  ( -1.849999999999998535, -1.850000000000000311, 1.750000000000000000 ) ) ;
#3145 = ADVANCED_FACE ( 'NONE', ( #2155 ), #2671, .T. ) ;
#3146 = AXIS2_PLACEMENT_3D ( 'NONE', #2811, #1336, #1582 ) ;
#3147 = AXIS2_PLACEMENT_3D ( 'NONE', #721, #748, #2909 ) ;
#3148 = CARTESIAN_POINT ( 'NONE',  ( -1.849999999999999423, -2.250000000000000444, -0.1250000000000000000 ) ) ;
#3149 = ORIENTED_EDGE ( 'NONE', *, *, #2624, .T. ) ;
#3150 = CARTESIAN_POINT ( 'NONE',  ( -1.649999999999999245, -1.649999999999999689, 2.050000000000000266 ) ) ;
#3151 = PLANE ( 'NONE',  #422 ) ;
#3152 = ORIENTED_EDGE ( 'NONE', *, *, #179, .F. ) ;
#3153 =( LENGTH_UNIT ( ) NAMED_UNIT ( * ) SI_UNIT ( .MILLI., .METRE. ) );
#3154 = EDGE_CURVE ( 'NONE', #879, #1874, #1888, .T. ) ;
#3155 = ORIENTED_EDGE ( 'NONE', *, *, #2101, .T. ) ;
#3156 = PRODUCT_CONTEXT ( 'NONE', #2135, 'mechanical' ) ;
#3157 = ORIENTED_EDGE ( 'NONE', *, *, #1345, .T. ) ;
#3158 = EDGE_CURVE ( 'NONE', #2286, #779, #1243, .T. ) ;
#3159 = CARTESIAN_POINT ( 'NONE',  ( -0.8141393425958247665, 2.549999999999999378, 0.0000000000000000000 ) ) ;
#3160 = DIRECTION ( 'NONE',  ( 1.000000000000000000, 2.891205793294678326E-16, 0.0000000000000000000 ) ) ;
#3161 = ADVANCED_FACE ( 'NONE', ( #2475 ), #548, .F. ) ;
#3162 = VERTEX_POINT ( 'NONE', #1932 ) ;
#3163 = DIRECTION ( 'NONE',  ( 1.000000000000000000, 1.172110456741086321E-16, 0.0000000000000000000 ) ) ;
#3164 = CARTESIAN_POINT ( 'NONE',  ( -1.649999999999999245, -1.649999999999999689, 2.250000000000000444 ) ) ;
#3165 = CARTESIAN_POINT ( 'NONE',  ( 0.0000000000000000000, 0.0000000000000000000, 0.0000000000000000000 ) ) ;
#3166 = ORIENTED_EDGE ( 'NONE', *, *, #3154, .T. ) ;
#3167 = AXIS2_PLACEMENT_3D ( 'NONE', #1441, #206, #2968 ) ;
#3168 = CARTESIAN_POINT ( 'NONE',  ( 0.0000000000000000000, 0.0000000000000000000, 1.750000000000000000 ) ) ;
#3169 = DIRECTION ( 'NONE',  ( -1.000000000000000000, 0.0000000000000000000, 0.0000000000000000000 ) ) ;
#3170 = ORIENTED_EDGE ( 'NONE', *, *, #2228, .T. ) ;
#3171 = PLANE ( 'NONE',  #2957 ) ;
#3172 = SHAPE_DEFINITION_REPRESENTATION ( #2443, #2265 ) ;
#3173 = ORIENTED_EDGE ( 'NONE', *, *, #268, .F. ) ;
#3174 = CARTESIAN_POINT ( 'NONE',  ( 1.849999999999999423, 1.849999999999999867, 1.750000000000000000 ) ) ;
#3175 = CYLINDRICAL_SURFACE ( 'NONE', #2019, 0.4000000000000004108 ) ;
#3176 = CARTESIAN_POINT ( 'NONE',  ( -1.149999999999999467, 2.250000000000001332, 0.1499999999999999944 ) ) ;
#3177 = ORIENTED_EDGE ( 'NONE', *, *, #3002, .F. ) ;
#3178 = EDGE_CURVE ( 'NONE', #376, #2505, #619, .T. ) ;
#3179 = FACE_OUTER_BOUND ( 'NONE', #419, .T. ) ;
#3180 = CIRCLE ( 'NONE', #896, 0.3999999999999997446 ) ;
#3181 = DIRECTION ( 'NONE',  ( 0.0000000000000000000, 1.000000000000000000, 0.0000000000000000000 ) ) ;
#3182 = DIRECTION ( 'NONE',  ( -0.0000000000000000000, -0.0000000000000000000, -1.000000000000000000 ) ) ;
#3183 = NEXT_ASSEMBLY_USAGE_OCCURRENCE ( 'NAUO1', ' ', ' ', #2517, #2387, $ ) ;
#3184 = NEXT_ASSEMBLY_USAGE_OCCURRENCE ( 'NAUO2', ' ', ' ', #2517, #2952, $ ) ;
#3185 = NEXT_ASSEMBLY_USAGE_OCCURRENCE ( 'NAUO3', ' ', ' ', #2517, #2115, $ ) ;
#3186 = NEXT_ASSEMBLY_USAGE_OCCURRENCE ( 'NAUO4', ' ', ' ', #2517, #3018, $ ) ;
#3187 = NEXT_ASSEMBLY_USAGE_OCCURRENCE ( 'NAUO5', ' ', ' ', #2517, #3018, $ ) ;
ENDSEC;
END-ISO-10303-21;
